horizon,regime,algo,fold,purge,n_train,n_test,n_would_purge,F1_4cls,Acc_dir,F1_dir,F1_UP_FORT,F1_DOWN_FORT
1,GLOBAL,XGBoost,0,False,2542,758,1,0.317,0.5528,0.549,0.3359,0.5131
1,GLOBAL,XGBoost,0,True,2541,758,1,0.2907,0.5356,0.5309,0.3418,0.5039
1,GLOBAL,LightGBM,0,False,2542,758,1,0.3035,0.5475,0.5439,0.3723,0.4652
1,GLOBAL,LightGBM,0,True,2541,758,1,0.2808,0.5224,0.519,0.3271,0.4587
1,GLOBAL,RandomForest,0,False,2542,758,1,0.3095,0.566,0.5557,0.28,0.5583
1,GLOBAL,RandomForest,0,True,2541,758,1,0.2851,0.5607,0.5459,0.1897,0.564
1,GLOBAL,GradientBoosting,0,False,2542,758,1,0.2942,0.529,0.5227,0.317,0.5039
1,GLOBAL,GradientBoosting,0,True,2541,758,1,0.2763,0.5158,0.5118,0.32,0.4759
1,GLOBAL,CatBoost,0,False,2542,758,1,0.3066,0.5303,0.5276,0.3385,0.5351
1,GLOBAL,CatBoost,0,True,2541,758,1,0.2846,0.5462,0.5413,0.2966,0.5102
1,GLOBAL,XGBoost,1,False,3300,771,1,0.3215,0.5681,0.5632,0.3709,0.5822
1,GLOBAL,XGBoost,1,True,3299,771,1,0.2974,0.5435,0.5391,0.3344,0.5694
1,GLOBAL,LightGBM,1,False,3300,771,1,0.3096,0.5642,0.5591,0.3672,0.555
1,GLOBAL,LightGBM,1,True,3299,771,1,0.2926,0.5486,0.5441,0.32,0.5619
1,GLOBAL,RandomForest,1,False,3300,771,1,0.3111,0.5577,0.5524,0.3061,0.6516
1,GLOBAL,RandomForest,1,True,3299,771,1,0.3027,0.5422,0.5372,0.2491,0.6409
1,GLOBAL,GradientBoosting,1,False,3300,771,1,0.2932,0.5499,0.5434,0.3356,0.5667
1,GLOBAL,GradientBoosting,1,True,3299,771,1,0.293,0.5214,0.517,0.3051,0.6014
1,GLOBAL,CatBoost,1,False,3300,771,1,0.2934,0.5435,0.54,0.3245,0.5915
1,GLOBAL,CatBoost,1,True,3299,771,1,0.3057,0.5396,0.5343,0.3034,0.6115
1,GLOBAL,XGBoost,2,False,4071,767,1,0.3296,0.605,0.5987,0.3166,0.6266
1,GLOBAL,XGBoost,2,True,4070,767,1,0.3052,0.6154,0.61,0.3233,0.6349
1,GLOBAL,LightGBM,2,False,4071,767,1,0.3119,0.5958,0.5848,0.3111,0.6111
1,GLOBAL,LightGBM,2,True,4070,767,1,0.3137,0.6102,0.6017,0.3676,0.6115
1,GLOBAL,RandomForest,2,False,4071,767,1,0.3201,0.588,0.5821,0.2709,0.6624
1,GLOBAL,RandomForest,2,True,4070,767,1,0.3169,0.6023,0.5973,0.2902,0.6524
1,GLOBAL,GradientBoosting,2,False,4071,767,1,0.31,0.5763,0.5692,0.3194,0.5898
1,GLOBAL,GradientBoosting,2,True,4070,767,1,0.3199,0.6128,0.6069,0.3682,0.6269
1,GLOBAL,CatBoost,2,False,4071,767,1,0.3164,0.5919,0.5874,0.272,0.6377
1,GLOBAL,CatBoost,2,True,4070,767,1,0.2793,0.6076,0.6026,0.2441,0.6208
1,GLOBAL,XGBoost,3,False,4838,779,1,0.3002,0.5623,0.5598,0.4317,0.5576
1,GLOBAL,XGBoost,3,True,4837,779,1,0.3003,0.5584,0.5562,0.4103,0.5904
1,GLOBAL,LightGBM,3,False,4838,779,1,0.289,0.5533,0.5493,0.4204,0.5813
1,GLOBAL,LightGBM,3,True,4837,779,1,0.2787,0.5225,0.5213,0.4026,0.546
1,GLOBAL,RandomForest,3,False,4838,779,1,0.2958,0.5815,0.5788,0.3493,0.5903
1,GLOBAL,RandomForest,3,True,4837,779,1,0.2924,0.5648,0.5613,0.3391,0.5855
1,GLOBAL,GradientBoosting,3,False,4838,779,1,0.2912,0.5494,0.5469,0.4375,0.5775
1,GLOBAL,GradientBoosting,3,True,4837,779,1,0.2878,0.5404,0.5374,0.4231,0.5805
1,GLOBAL,CatBoost,3,False,4838,779,1,0.2988,0.5738,0.5718,0.3961,0.5699
1,GLOBAL,CatBoost,3,True,4837,779,1,0.2923,0.5674,0.5657,0.3974,0.5669
1,GLOBAL,XGBoost,4,False,5617,763,1,0.3248,0.5885,0.573,0.3008,0.61
1,GLOBAL,XGBoost,4,True,5616,763,1,0.3211,0.5885,0.5722,0.3142,0.5911
1,GLOBAL,LightGBM,4,False,5617,763,1,0.3199,0.5924,0.579,0.327,0.5491
1,GLOBAL,LightGBM,4,True,5616,763,1,0.3132,0.578,0.5656,0.3551,0.5656
1,GLOBAL,RandomForest,4,False,5617,763,1,0.3198,0.6042,0.5857,0.2259,0.6402
1,GLOBAL,RandomForest,4,True,5616,763,1,0.3248,0.6042,0.5833,0.1897,0.6465
1,GLOBAL,GradientBoosting,4,False,5617,763,1,0.3086,0.5767,0.564,0.3071,0.57
1,GLOBAL,GradientBoosting,4,True,5616,763,1,0.2982,0.5714,0.5574,0.291,0.598
1,GLOBAL,CatBoost,4,False,5617,763,1,0.3279,0.5924,0.5769,0.296,0.5985
1,GLOBAL,CatBoost,4,True,5616,763,1,0.3258,0.6081,0.5896,0.2419,0.6158
1,CALM,XGBoost,0,False,828,324,0,0.2833,0.5648,0.5603,0.3688,0.368
1,CALM,XGBoost,0,True,828,324,0,0.2833,0.5648,0.5603,0.3688,0.368
1,CALM,LightGBM,0,False,828,324,0,0.2728,0.534,0.5323,0.3676,0.3252
1,CALM,LightGBM,0,True,828,324,0,0.2728,0.534,0.5323,0.3676,0.3252
1,CALM,RandomForest,0,False,828,324,0,0.274,0.5463,0.5456,0.2833,0.4604
1,CALM,RandomForest,0,True,828,324,0,0.274,0.5463,0.5456,0.2833,0.4604
1,CALM,GradientBoosting,0,False,828,324,0,0.2689,0.5556,0.5535,0.3407,0.281
1,CALM,GradientBoosting,0,True,828,324,0,0.2689,0.5556,0.5535,0.3407,0.281
1,CALM,CatBoost,0,False,828,324,0,0.2597,0.5185,0.5095,0.3448,0.3529
1,CALM,CatBoost,0,True,828,324,0,0.2597,0.5185,0.5095,0.3448,0.3529
1,CALM,XGBoost,1,False,1072,573,1,0.2792,0.4939,0.4939,0.395,0.4646
1,CALM,XGBoost,1,True,1071,573,1,0.2893,0.5166,0.5165,0.3887,0.4739
1,CALM,LightGBM,1,False,1072,573,1,0.2651,0.4904,0.4893,0.3802,0.4149
1,CALM,LightGBM,1,True,1071,573,1,0.2882,0.4817,0.4808,0.39,0.4622
1,CALM,RandomForest,1,False,1072,573,1,0.2711,0.4764,0.476,0.2922,0.4901
1,CALM,RandomForest,1,True,1071,573,1,0.2847,0.4764,0.4753,0.3333,0.5176
1,CALM,GradientBoosting,1,False,1072,573,1,0.2875,0.5044,0.5037,0.4033,0.45
1,CALM,GradientBoosting,1,True,1071,573,1,0.2914,0.5131,0.5129,0.3825,0.5079
1,CALM,CatBoost,1,False,1072,573,1,0.2641,0.4852,0.4851,0.2882,0.449
1,CALM,CatBoost,1,True,1071,573,1,0.2754,0.4887,0.4887,0.3539,0.4298
1,CALM,XGBoost,2,False,1322,509,1,0.2671,0.5422,0.5391,0.324,0.5214
1,CALM,XGBoost,2,True,1321,509,1,0.2886,0.5422,0.5417,0.306,0.5311
1,CALM,LightGBM,2,False,1322,509,1,0.2704,0.556,0.5545,0.3191,0.5061
1,CALM,LightGBM,2,True,1321,509,1,0.2946,0.5639,0.5622,0.3261,0.4939
1,CALM,RandomForest,2,False,1322,509,1,0.3103,0.5796,0.5657,0.3195,0.6341
1,CALM,RandomForest,2,True,1321,509,1,0.3008,0.5599,0.5598,0.2722,0.5556
1,CALM,GradientBoosting,2,False,1322,509,1,0.2875,0.5599,0.5595,0.3617,0.4746
1,CALM,GradientBoosting,2,True,1321,509,1,0.2677,0.5383,0.5362,0.2889,0.4895
1,CALM,CatBoost,2,False,1322,509,1,0.3008,0.5756,0.572,0.3422,0.5821
1,CALM,CatBoost,2,True,1321,509,1,0.3261,0.5639,0.5635,0.3464,0.5514
1,CALM,XGBoost,4,False,1817,264,0,0.2941,0.5682,0.5681,0.2526,0.4
1,CALM,XGBoost,4,True,1817,264,0,0.2941,0.5682,0.5681,0.2526,0.4
1,CALM,LightGBM,4,False,1817,264,0,0.2447,0.5682,0.567,0.2692,0.3095
1,CALM,LightGBM,4,True,1817,264,0,0.2447,0.5682,0.567,0.2692,0.3095
1,CALM,RandomForest,4,False,1817,264,0,0.2935,0.5758,0.5742,0.2766,0.4396
1,CALM,RandomForest,4,True,1817,264,0,0.2935,0.5758,0.5742,0.2766,0.4396
1,CALM,GradientBoosting,4,False,1817,264,0,0.2937,0.5682,0.5657,0.3269,0.3765
1,CALM,GradientBoosting,4,True,1817,264,0,0.2937,0.5682,0.5657,0.3269,0.3765
1,CALM,CatBoost,4,False,1817,264,0,0.309,0.5682,0.5673,0.2826,0.4494
1,CALM,CatBoost,4,True,1817,264,0,0.309,0.5682,0.5673,0.2826,0.4494
1,NORMAL,XGBoost,0,False,868,319,0,0.254,0.5455,0.5366,0.3063,0.5165
1,NORMAL,XGBoost,0,True,868,319,0,0.254,0.5455,0.5366,0.3063,0.5165
1,NORMAL,LightGBM,0,False,868,319,0,0.3031,0.558,0.5418,0.3238,0.5281
1,NORMAL,LightGBM,0,True,868,319,0,0.3031,0.558,0.5418,0.3238,0.5281
1,NORMAL,RandomForest,0,False,868,319,0,0.2995,0.5455,0.5288,0.3704,0.5464
1,NORMAL,RandomForest,0,True,868,319,0,0.2995,0.5455,0.5288,0.3704,0.5464
1,NORMAL,GradientBoosting,0,False,868,319,0,0.2432,0.5172,0.5083,0.2545,0.5
1,NORMAL,GradientBoosting,0,True,868,319,0,0.2432,0.5172,0.5083,0.2545,0.5
1,NORMAL,CatBoost,0,False,868,319,0,0.3109,0.5392,0.5276,0.367,0.5464
1,NORMAL,CatBoost,0,True,868,319,0,0.3109,0.5392,0.5276,0.367,0.5464
1,NORMAL,XGBoost,1,False,1123,155,0,0.2264,0.4968,0.4301,0.2807,0.6942
1,NORMAL,XGBoost,1,True,1123,155,0,0.2264,0.4968,0.4301,0.2807,0.6942
1,NORMAL,LightGBM,1,False,1123,155,0,0.2473,0.4903,0.4363,0.2857,0.6325
1,NORMAL,LightGBM,1,True,1123,155,0,0.2473,0.4903,0.4363,0.2857,0.6325
1,NORMAL,RandomForest,1,False,1123,155,0,0.2384,0.5419,0.4246,0.1509,0.8143
1,NORMAL,RandomForest,1,True,1123,155,0,0.2384,0.5419,0.4246,0.1509,0.8143
1,NORMAL,GradientBoosting,1,False,1123,155,0,0.2226,0.4903,0.4411,0.2712,0.6441
1,NORMAL,GradientBoosting,1,True,1123,155,0,0.2226,0.4903,0.4411,0.2712,0.6441
1,NORMAL,CatBoost,1,False,1123,155,0,0.2569,0.529,0.4693,0.25,0.7344
1,NORMAL,CatBoost,1,True,1123,155,0,0.2569,0.529,0.4693,0.25,0.7344
1,NORMAL,XGBoost,2,False,1390,213,0,0.2748,0.5164,0.4906,0.5128,0.6081
1,NORMAL,XGBoost,2,True,1390,213,0,0.2748,0.5164,0.4906,0.5128,0.6081
1,NORMAL,LightGBM,2,False,1390,213,0,0.3229,0.5258,0.5102,0.4878,0.6029
1,NORMAL,LightGBM,2,True,1390,213,0,0.3229,0.5258,0.5102,0.4878,0.6029
1,NORMAL,RandomForest,2,False,1390,213,0,0.3024,0.5822,0.5174,0.2899,0.6708
1,NORMAL,RandomForest,2,True,1390,213,0,0.3024,0.5822,0.5174,0.2899,0.6708
1,NORMAL,GradientBoosting,2,False,1390,213,0,0.2841,0.493,0.4805,0.5063,0.5507
1,NORMAL,GradientBoosting,2,True,1390,213,0,0.2841,0.493,0.4805,0.5063,0.5507
1,NORMAL,CatBoost,2,False,1390,213,0,0.2746,0.5164,0.4777,0.3836,0.6081
1,NORMAL,CatBoost,2,True,1390,213,0,0.2746,0.5164,0.4777,0.3836,0.6081
1,NORMAL,XGBoost,3,False,1656,267,0,0.2872,0.5655,0.5604,0.3119,0.5263
1,NORMAL,XGBoost,3,True,1656,267,0,0.2872,0.5655,0.5604,0.3119,0.5263
1,NORMAL,LightGBM,3,False,1656,267,0,0.3027,0.5768,0.5744,0.2982,0.5741
1,NORMAL,LightGBM,3,True,1656,267,0,0.3027,0.5768,0.5744,0.2982,0.5741
1,NORMAL,RandomForest,3,False,1656,267,0,0.2754,0.5655,0.5633,0.2353,0.569
1,NORMAL,RandomForest,3,True,1656,267,0,0.2754,0.5655,0.5633,0.2353,0.569
1,NORMAL,GradientBoosting,3,False,1656,267,0,0.2606,0.5581,0.5563,0.3063,0.4299
1,NORMAL,GradientBoosting,3,True,1656,267,0,0.2606,0.5581,0.5563,0.3063,0.4299
1,NORMAL,CatBoost,3,False,1656,267,0,0.281,0.5693,0.5673,0.283,0.5357
1,NORMAL,CatBoost,3,True,1656,267,0,0.281,0.5693,0.5673,0.283,0.5357
1,NORMAL,XGBoost,4,False,1926,416,1,0.277,0.5553,0.5262,0.3972,0.547
1,NORMAL,XGBoost,4,True,1925,416,1,0.2846,0.5673,0.5348,0.3623,0.5823
1,NORMAL,LightGBM,4,False,1926,416,1,0.2877,0.5529,0.5348,0.4167,0.4673
1,NORMAL,LightGBM,4,True,1925,416,1,0.2986,0.5505,0.5268,0.365,0.5551
1,NORMAL,RandomForest,4,False,1926,416,1,0.2821,0.5817,0.5192,0.2969,0.5961
1,NORMAL,RandomForest,4,True,1925,416,1,0.2657,0.601,0.5232,0.1849,0.6189
1,NORMAL,GradientBoosting,4,False,1926,416,1,0.3042,0.5649,0.543,0.411,0.5158
1,NORMAL,GradientBoosting,4,True,1925,416,1,0.2509,0.5288,0.5035,0.3043,0.5439
1,NORMAL,CatBoost,4,False,1926,416,1,0.2909,0.5673,0.5348,0.4143,0.5232
1,NORMAL,CatBoost,4,True,1925,416,1,0.2845,0.5865,0.5462,0.3284,0.584
1,STRESS,XGBoost,0,False,846,115,1,0.296,0.6174,0.6042,0.3333,0.5143
1,STRESS,XGBoost,0,True,845,115,1,0.2243,0.5217,0.5068,0.2222,0.3729
1,STRESS,LightGBM,0,False,846,115,1,0.2922,0.5565,0.5427,0.3429,0.5075
1,STRESS,LightGBM,0,True,845,115,1,0.2539,0.5304,0.5223,0.2778,0.4
1,STRESS,RandomForest,0,False,846,115,1,0.2915,0.6,0.5833,0.1875,0.5507
1,STRESS,RandomForest,0,True,845,115,1,0.3141,0.6174,0.6067,0.3784,0.4615
1,STRESS,GradientBoosting,0,False,846,115,1,0.2795,0.5913,0.5758,0.2857,0.4444
1,STRESS,GradientBoosting,0,True,845,115,1,0.248,0.5478,0.5377,0.2857,0.3793
1,STRESS,CatBoost,0,False,846,115,1,0.3492,0.6174,0.6108,0.5128,0.5
1,STRESS,CatBoost,0,True,845,115,1,0.2999,0.6174,0.6042,0.2353,0.4444
1,STRESS,XGBoost,1,False,1105,43,0,0.1961,0.4186,0.3978,0.4,0.3448
1,STRESS,XGBoost,1,True,1105,43,0,0.1961,0.4186,0.3978,0.4,0.3448
1,STRESS,LightGBM,1,False,1105,43,0,0.1526,0.4186,0.3854,0.2667,0.3871
1,STRESS,LightGBM,1,True,1105,43,0,0.1526,0.4186,0.3854,0.2667,0.3871
1,STRESS,RandomForest,1,False,1105,43,0,0.2344,0.5581,0.5494,0.5263,0.3448
1,STRESS,RandomForest,1,True,1105,43,0,0.2344,0.5581,0.5494,0.5263,0.3448
1,STRESS,GradientBoosting,1,False,1105,43,0,0.1783,0.3953,0.3789,0.4,0.4
1,STRESS,GradientBoosting,1,True,1105,43,0,0.1783,0.3953,0.3789,0.4,0.4
1,STRESS,CatBoost,1,False,1105,43,0,0.2168,0.4884,0.4814,0.5556,0.4
1,STRESS,CatBoost,1,True,1105,43,0,0.2168,0.4884,0.4814,0.5556,0.4
1,STRESS,XGBoost,2,False,1359,45,0,0.3697,0.6222,0.5676,0.4211,0.75
1,STRESS,XGBoost,2,True,1359,45,0,0.3697,0.6222,0.5676,0.4211,0.75
1,STRESS,LightGBM,2,False,1359,45,0,0.3473,0.6,0.5334,0.2353,0.6857
1,STRESS,LightGBM,2,True,1359,45,0,0.3473,0.6,0.5334,0.2353,0.6857
1,STRESS,RandomForest,2,False,1359,45,0,0.2518,0.5778,0.4452,0.25,0.7907
1,STRESS,RandomForest,2,True,1359,45,0,0.2518,0.5778,0.4452,0.25,0.7907
1,STRESS,GradientBoosting,2,False,1359,45,0,0.3206,0.6667,0.6184,0.4211,0.75
1,STRESS,GradientBoosting,2,True,1359,45,0,0.3206,0.6667,0.6184,0.4211,0.75
1,STRESS,CatBoost,2,False,1359,45,0,0.2858,0.5111,0.4297,0.3529,0.7568
1,STRESS,CatBoost,2,True,1359,45,0,0.2858,0.5111,0.4297,0.3529,0.7568
1,STRESS,XGBoost,3,False,1615,512,1,0.2708,0.6035,0.5563,0.2581,0.4982
1,STRESS,XGBoost,3,True,1614,512,1,0.2995,0.5898,0.5634,0.3882,0.4679
1,STRESS,LightGBM,3,False,1615,512,1,0.2636,0.5684,0.5248,0.3106,0.4791
1,STRESS,LightGBM,3,True,1614,512,1,0.2961,0.5742,0.5439,0.3735,0.4435
1,STRESS,RandomForest,3,False,1615,512,1,0.2588,0.5957,0.5287,0.1739,0.5103
1,STRESS,RandomForest,3,True,1614,512,1,0.2748,0.5898,0.5377,0.1986,0.5263
1,STRESS,GradientBoosting,3,False,1615,512,1,0.2778,0.5723,0.5372,0.3145,0.471
1,STRESS,GradientBoosting,3,True,1614,512,1,0.2868,0.5664,0.5375,0.3787,0.4549
1,STRESS,CatBoost,3,False,1615,512,1,0.2811,0.6035,0.5588,0.3185,0.4853
1,STRESS,CatBoost,3,True,1614,512,1,0.2775,0.5762,0.5403,0.3879,0.4341
1,STRESS,XGBoost,4,False,1874,83,0,0.2418,0.506,0.4916,0.3846,0.5902
1,STRESS,XGBoost,4,True,1874,83,0,0.2418,0.506,0.4916,0.3846,0.5902
1,STRESS,LightGBM,4,False,1874,83,0,0.2473,0.4819,0.4668,0.3846,0.4746
1,STRESS,LightGBM,4,True,1874,83,0,0.2473,0.4819,0.4668,0.3846,0.4746
1,STRESS,RandomForest,4,False,1874,83,0,0.2557,0.5422,0.5109,0.4444,0.6349
1,STRESS,RandomForest,4,True,1874,83,0,0.2557,0.5422,0.5109,0.4444,0.6349
1,STRESS,GradientBoosting,4,False,1874,83,0,0.2924,0.5663,0.5473,0.4444,0.625
1,STRESS,GradientBoosting,4,True,1874,83,0,0.2924,0.5663,0.5473,0.4444,0.625
1,STRESS,CatBoost,4,False,1874,83,0,0.2615,0.5542,0.5205,0.4444,0.5714
1,STRESS,CatBoost,4,True,1874,83,0,0.2615,0.5542,0.5205,0.4444,0.5714
2,GLOBAL,XGBoost,0,False,2650,794,2,0.3371,0.5844,0.5844,0.3617,0.5707
2,GLOBAL,XGBoost,0,True,2648,794,2,0.3085,0.5516,0.5514,0.3478,0.5522
2,GLOBAL,LightGBM,0,False,2650,794,2,0.3021,0.5479,0.5477,0.3605,0.529
2,GLOBAL,LightGBM,0,True,2648,794,2,0.3082,0.529,0.5289,0.3516,0.5116
2,GLOBAL,RandomForest,0,False,2650,794,2,0.3082,0.5743,0.5731,0.25,0.6023
2,GLOBAL,RandomForest,0,True,2648,794,2,0.2977,0.573,0.5719,0.253,0.6095
2,GLOBAL,GradientBoosting,0,False,2650,794,2,0.3317,0.573,0.573,0.3706,0.5468
2,GLOBAL,GradientBoosting,0,True,2648,794,2,0.3033,0.5529,0.5528,0.3071,0.5431
2,GLOBAL,CatBoost,0,False,2650,794,2,0.3019,0.563,0.5623,0.303,0.5782
2,GLOBAL,CatBoost,0,True,2648,794,2,0.3007,0.5453,0.5428,0.2802,0.5841
2,GLOBAL,XGBoost,1,False,3444,806,2,0.295,0.5546,0.5543,0.4136,0.5839
2,GLOBAL,XGBoost,1,True,3442,806,2,0.288,0.5422,0.5417,0.2887,0.59
2,GLOBAL,LightGBM,1,False,3444,806,2,0.2922,0.5335,0.5333,0.3988,0.5295
2,GLOBAL,LightGBM,1,True,3442,806,2,0.2772,0.531,0.5305,0.3162,0.5714
2,GLOBAL,RandomForest,1,False,3444,806,2,0.3038,0.5633,0.5632,0.3537,0.6113
2,GLOBAL,RandomForest,1,True,3442,806,2,0.2774,0.5459,0.5459,0.2847,0.5868
2,GLOBAL,GradientBoosting,1,False,3444,806,2,0.2904,0.5434,0.5434,0.4123,0.5678
2,GLOBAL,GradientBoosting,1,True,3442,806,2,0.2843,0.5521,0.5511,0.3051,0.5774
2,GLOBAL,CatBoost,1,False,3444,806,2,0.3046,0.5608,0.5607,0.4263,0.6049
2,GLOBAL,CatBoost,1,True,3442,806,2,0.2853,0.5521,0.5521,0.3183,0.5975
2,GLOBAL,XGBoost,2,False,4250,802,2,0.3094,0.5885,0.5867,0.2409,0.6789
2,GLOBAL,XGBoost,2,True,4248,802,2,0.285,0.5524,0.5523,0.2473,0.6296
2,GLOBAL,LightGBM,2,False,4250,802,2,0.288,0.5711,0.5699,0.2561,0.661
2,GLOBAL,LightGBM,2,True,4248,802,2,0.286,0.5623,0.5612,0.2214,0.6368
2,GLOBAL,RandomForest,2,False,4250,802,2,0.2922,0.586,0.5855,0.2082,0.6749
2,GLOBAL,RandomForest,2,True,4248,802,2,0.2677,0.5661,0.5661,0.2022,0.6498
2,GLOBAL,GradientBoosting,2,False,4250,802,2,0.3234,0.5835,0.5814,0.2527,0.6737
2,GLOBAL,GradientBoosting,2,True,4248,802,2,0.2958,0.5449,0.5447,0.2807,0.614
2,GLOBAL,CatBoost,2,False,4250,802,2,0.3164,0.5898,0.5888,0.2482,0.6899
2,GLOBAL,CatBoost,2,True,4248,802,2,0.3069,0.5773,0.5773,0.2766,0.661
2,GLOBAL,XGBoost,3,False,5052,807,2,0.3368,0.57,0.5675,0.4101,0.536
2,GLOBAL,XGBoost,3,True,5050,807,2,0.3305,0.57,0.5692,0.4498,0.5549
2,GLOBAL,LightGBM,3,False,5052,807,2,0.313,0.5489,0.5475,0.4161,0.488
2,GLOBAL,LightGBM,3,True,5050,807,2,0.3304,0.5874,0.5866,0.4913,0.5242
2,GLOBAL,RandomForest,3,False,5052,807,2,0.3081,0.5675,0.5657,0.3882,0.5163
2,GLOBAL,RandomForest,3,True,5050,807,2,0.3048,0.5551,0.5544,0.4013,0.5389
2,GLOBAL,GradientBoosting,3,False,5052,807,2,0.3081,0.5514,0.549,0.4224,0.4957
2,GLOBAL,GradientBoosting,3,True,5050,807,2,0.3038,0.5477,0.5469,0.4583,0.5356
2,GLOBAL,CatBoost,3,False,5052,807,2,0.3103,0.5663,0.5641,0.4112,0.5395
2,GLOBAL,CatBoost,3,True,5050,807,2,0.3177,0.5737,0.5723,0.4559,0.5275
2,GLOBAL,XGBoost,4,False,5859,801,2,0.3009,0.593,0.5856,0.2222,0.6998
2,GLOBAL,XGBoost,4,True,5857,801,2,0.2827,0.5918,0.5861,0.2109,0.6899
2,GLOBAL,LightGBM,4,False,5859,801,2,0.3065,0.5993,0.5913,0.2077,0.6883
2,GLOBAL,LightGBM,4,True,5857,801,2,0.292,0.5955,0.5892,0.2691,0.6354
2,GLOBAL,RandomForest,4,False,5859,801,2,0.2699,0.5693,0.5638,0.1579,0.6942
2,GLOBAL,RandomForest,4,True,5857,801,2,0.2773,0.5793,0.5746,0.1933,0.6998
2,GLOBAL,GradientBoosting,4,False,5859,801,2,0.3111,0.6042,0.5955,0.2137,0.6989
2,GLOBAL,GradientBoosting,4,True,5857,801,2,0.2976,0.598,0.591,0.2612,0.6722
2,GLOBAL,CatBoost,4,False,5859,801,2,0.3091,0.5918,0.5858,0.251,0.7089
2,GLOBAL,CatBoost,4,True,5857,801,2,0.2896,0.583,0.5776,0.2625,0.6858
2,CALM,XGBoost,0,False,866,341,0,0.292,0.5484,0.5484,0.3087,0.4516
2,CALM,XGBoost,0,True,866,341,0,0.292,0.5484,0.5484,0.3087,0.4516
2,CALM,LightGBM,0,False,866,341,0,0.2663,0.5337,0.5337,0.2778,0.3967
2,CALM,LightGBM,0,True,866,341,0,0.2663,0.5337,0.5337,0.2778,0.3967
2,CALM,RandomForest,0,False,866,341,0,0.2864,0.5191,0.5187,0.2256,0.5401
2,CALM,RandomForest,0,True,866,341,0,0.2864,0.5191,0.5187,0.2256,0.5401
2,CALM,GradientBoosting,0,False,866,341,0,0.2625,0.5044,0.5042,0.3087,0.4237
2,CALM,GradientBoosting,0,True,866,341,0,0.2625,0.5044,0.5042,0.3087,0.4237
2,CALM,CatBoost,0,False,866,341,0,0.2608,0.5015,0.5014,0.3099,0.4375
2,CALM,CatBoost,0,True,866,341,0,0.2608,0.5015,0.5014,0.3099,0.4375
2,CALM,XGBoost,1,False,1122,599,2,0.2875,0.5643,0.564,0.3621,0.5232
2,CALM,XGBoost,1,True,1120,599,2,0.2995,0.5626,0.5616,0.3983,0.4301
2,CALM,LightGBM,1,False,1122,599,2,0.2772,0.5209,0.5185,0.3659,0.424
2,CALM,LightGBM,1,True,1120,599,2,0.292,0.5426,0.541,0.3951,0.4291
2,CALM,RandomForest,1,False,1122,599,2,0.2919,0.5659,0.5637,0.3176,0.5956
2,CALM,RandomForest,1,True,1120,599,2,0.3077,0.581,0.5804,0.4113,0.5687
2,CALM,GradientBoosting,1,False,1122,599,2,0.2748,0.5275,0.5264,0.359,0.4746
2,CALM,GradientBoosting,1,True,1120,599,2,0.2865,0.5392,0.5384,0.3967,0.4214
2,CALM,CatBoost,1,False,1122,599,2,0.2794,0.5392,0.5381,0.3077,0.5519
2,CALM,CatBoost,1,True,1120,599,2,0.2956,0.5743,0.5734,0.3539,0.483
2,CALM,XGBoost,2,False,1386,537,2,0.3262,0.5978,0.5978,0.4435,0.5379
2,CALM,XGBoost,2,True,1384,537,2,0.3261,0.5829,0.5809,0.3654,0.5455
2,CALM,LightGBM,2,False,1386,537,2,0.3254,0.6052,0.6051,0.4144,0.5662
2,CALM,LightGBM,2,True,1384,537,2,0.3043,0.5922,0.5912,0.3153,0.5179
2,CALM,RandomForest,2,False,1386,537,2,0.331,0.6034,0.6033,0.3654,0.6115
2,CALM,RandomForest,2,True,1384,537,2,0.312,0.5847,0.5836,0.2727,0.6227
2,CALM,GradientBoosting,2,False,1386,537,2,0.3217,0.5922,0.5921,0.4609,0.5217
2,CALM,GradientBoosting,2,True,1384,537,2,0.3045,0.5791,0.5785,0.3301,0.5263
2,CALM,CatBoost,2,False,1386,537,2,0.3171,0.6238,0.6238,0.3744,0.5857
2,CALM,CatBoost,2,True,1384,537,2,0.3104,0.5922,0.5899,0.3153,0.5857
2,CALM,XGBoost,4,False,1907,287,0,0.2647,0.5157,0.5123,0.2316,0.5357
2,CALM,XGBoost,4,True,1907,287,0,0.2647,0.5157,0.5123,0.2316,0.5357
2,CALM,LightGBM,4,False,1907,287,0,0.2656,0.4878,0.4866,0.2268,0.5536
2,CALM,LightGBM,4,True,1907,287,0,0.2656,0.4878,0.4866,0.2268,0.5536
2,CALM,RandomForest,4,False,1907,287,0,0.2554,0.5157,0.5128,0.2041,0.5763
2,CALM,RandomForest,4,True,1907,287,0,0.2554,0.5157,0.5128,0.2041,0.5763
2,CALM,GradientBoosting,4,False,1907,287,0,0.2687,0.5052,0.502,0.268,0.5593
2,CALM,GradientBoosting,4,True,1907,287,0,0.2687,0.5052,0.502,0.268,0.5593
2,CALM,CatBoost,4,False,1907,287,0,0.2523,0.5261,0.5252,0.2718,0.5
2,CALM,CatBoost,4,True,1907,287,0,0.2523,0.5261,0.5252,0.2718,0.5
2,NORMAL,XGBoost,0,False,909,333,0,0.2794,0.5435,0.5148,0.2917,0.5517
2,NORMAL,XGBoost,0,True,909,333,0,0.2794,0.5435,0.5148,0.2917,0.5517
2,NORMAL,LightGBM,0,False,909,333,0,0.26,0.5135,0.486,0.2444,0.5427
2,NORMAL,LightGBM,0,True,909,333,0,0.26,0.5135,0.486,0.2444,0.5427
2,NORMAL,RandomForest,0,False,909,333,0,0.2785,0.5526,0.4977,0.2588,0.6087
2,NORMAL,RandomForest,0,True,909,333,0,0.2785,0.5526,0.4977,0.2588,0.6087
2,NORMAL,GradientBoosting,0,False,909,333,0,0.2786,0.5586,0.5369,0.2887,0.5253
2,NORMAL,GradientBoosting,0,True,909,333,0,0.2786,0.5586,0.5369,0.2887,0.5253
2,NORMAL,CatBoost,0,False,909,333,0,0.3093,0.5556,0.5,0.2619,0.625
