horizon,regime,algo,fold,pool_variant,n_train,n_test,n_ohlc_selected,selected_features,F1_4cls,Acc_dir,F1_dir,F1_UP_FORT,F1_DOWN_FORT
1,GLOBAL,RandomForest,0,BASE,2542,758,0,"[""FRED_STLFSI_ret_1d"", ""FRED_NFCI_ret_1d"", ""TAP_ret_5d"", ""IDX_VIX_zscore_60d__minus__VLO_zscore_60d"", ""SO_ret_1d"", ""EXC_ret_20d"", ""FRED_NFCI_zscore_60d__minus__IDX_VXN_ret_5d"", ""vix_vs_ma5""]",0.3095,0.566,0.5557,0.28,0.5583
1,GLOBAL,RandomForest,0,BASE_PLUS_OHLC,2542,758,1,"[""FRED_STLFSI_ret_1d"", ""TAP_ret_5d"", ""IDX_VIX_zscore_60d__minus__VLO_zscore_60d"", ""vix_vs_ma5"", ""ohlc_vix_parkinson_10d"", ""GILD_ret_5d"", ""FRED_NFCI_ret_1d"", ""SO_ret_1d""]",0.3099,0.5739,0.5638,0.2667,0.5874
1,GLOBAL,XGBoost,0,BASE,2542,758,0,"[""FRED_STLFSI_ret_1d"", ""FRED_NFCI_ret_1d"", ""TAP_ret_5d"", ""IDX_VIX_zscore_60d__minus__VLO_zscore_60d"", ""SO_ret_1d"", ""EXC_ret_20d"", ""FRED_NFCI_zscore_60d__minus__IDX_VXN_ret_5d"", ""vix_vs_ma5""]",0.317,0.5528,0.549,0.3359,0.5131
1,GLOBAL,XGBoost,0,BASE_PLUS_OHLC,2542,758,1,"[""FRED_STLFSI_ret_1d"", ""TAP_ret_5d"", ""IDX_VIX_zscore_60d__minus__VLO_zscore_60d"", ""vix_vs_ma5"", ""ohlc_vix_parkinson_10d"", ""GILD_ret_5d"", ""FRED_NFCI_ret_1d"", ""SO_ret_1d""]",0.2788,0.5488,0.5449,0.3404,0.5261
1,GLOBAL,RandomForest,1,BASE,3300,771,0,"[""FRED_NFCI_ret_1d"", ""FRED_STLFSI_ret_1d"", ""PG_ret_1d"", ""AEP_ret_1d"", ""TAP_ret_5d"", ""ADM_ret_1d"", ""vix_zscore_10d__zrel__EWC_zscore_60d"", ""BA_ret_1d""]",0.3111,0.5577,0.5524,0.3061,0.6516
1,GLOBAL,RandomForest,1,BASE_PLUS_OHLC,3300,771,0,"[""FRED_NFCI_ret_1d"", ""FRED_STLFSI_ret_1d"", ""PG_ret_1d"", ""vix_zscore_10d__zrel__EWC_zscore_60d"", ""BA_ret_1d"", ""GILD_ret_5d"", ""SCHW_ret_1d"", ""AEP_ret_1d""]",0.3086,0.5603,0.5548,0.2482,0.6578
1,GLOBAL,XGBoost,1,BASE,3300,771,0,"[""FRED_NFCI_ret_1d"", ""FRED_STLFSI_ret_1d"", ""PG_ret_1d"", ""AEP_ret_1d"", ""TAP_ret_5d"", ""ADM_ret_1d"", ""vix_zscore_10d__zrel__EWC_zscore_60d"", ""BA_ret_1d""]",0.3215,0.5681,0.5632,0.3709,0.5822
1,GLOBAL,XGBoost,1,BASE_PLUS_OHLC,3300,771,0,"[""FRED_NFCI_ret_1d"", ""FRED_STLFSI_ret_1d"", ""PG_ret_1d"", ""vix_zscore_10d__zrel__EWC_zscore_60d"", ""BA_ret_1d"", ""GILD_ret_5d"", ""SCHW_ret_1d"", ""AEP_ret_1d""]",0.3087,0.5551,0.5503,0.3197,0.6196
1,GLOBAL,RandomForest,2,BASE,4071,767,0,"[""FRED_NFCI_ret_1d"", ""FRED_STLFSI_ret_1d"", ""FRED_NFCI_ret_5d"", ""spike_skew_level"", ""BA_ret_1d"", ""IDX_VIX_zscore_60d"", ""vix_zscore_10d__zrel__EWC_zscore_60d"", ""EXC_ret_20d""]",0.3201,0.588,0.5821,0.2709,0.6624
1,GLOBAL,RandomForest,2,BASE_PLUS_OHLC,4071,767,0,"[""FRED_NFCI_ret_1d"", ""FRED_STLFSI_ret_1d"", ""BA_ret_1d"", ""FRED_NFCI_ret_5d"", ""vix_zscore_10d__zrel__EWC_zscore_60d"", ""GILD_ret_5d"", ""IDX_VIX_zscore_60d"", ""EXC_ret_20d""]",0.3282,0.5971,0.586,0.2591,0.6236
1,GLOBAL,XGBoost,2,BASE,4071,767,0,"[""FRED_NFCI_ret_1d"", ""FRED_STLFSI_ret_1d"", ""FRED_NFCI_ret_5d"", ""spike_skew_level"", ""BA_ret_1d"", ""IDX_VIX_zscore_60d"", ""vix_zscore_10d__zrel__EWC_zscore_60d"", ""EXC_ret_20d""]",0.3296,0.605,0.5987,0.3166,0.6266
1,GLOBAL,XGBoost,2,BASE_PLUS_OHLC,4071,767,0,"[""FRED_NFCI_ret_1d"", ""FRED_STLFSI_ret_1d"", ""BA_ret_1d"", ""FRED_NFCI_ret_5d"", ""vix_zscore_10d__zrel__EWC_zscore_60d"", ""GILD_ret_5d"", ""IDX_VIX_zscore_60d"", ""EXC_ret_20d""]",0.3252,0.5789,0.5735,0.289,0.6304
1,GLOBAL,RandomForest,3,BASE,4838,779,0,"[""FRED_NFCI_ret_1d"", ""FRED_NFCI_ret_5d"", ""spike_skew_level"", ""vix_zscore_20d"", ""IDX_VIX_zscore_60d"", ""BTI_ret_5d"", ""FRED_NFCI_zscore_60d"", ""GILD_ret_5d""]",0.2958,0.5815,0.5788,0.3493,0.5903
1,GLOBAL,RandomForest,3,BASE_PLUS_OHLC,4838,779,1,"[""FRED_NFCI_ret_1d"", ""FRED_STLFSI_ret_1d"", ""FRED_NFCI_ret_5d"", ""ohlc_vix_yz_10d"", ""BTI_ret_5d"", ""vix_zscore_20d"", ""IDX_VIX_zscore_60d"", ""GILD_ret_5d""]",0.2809,0.5661,0.5578,0.2889,0.5946
1,GLOBAL,XGBoost,3,BASE,4838,779,0,"[""FRED_NFCI_ret_1d"", ""FRED_NFCI_ret_5d"", ""spike_skew_level"", ""vix_zscore_20d"", ""IDX_VIX_zscore_60d"", ""BTI_ret_5d"", ""FRED_NFCI_zscore_60d"", ""GILD_ret_5d""]",0.3002,0.5623,0.5598,0.4317,0.5576
1,GLOBAL,XGBoost,3,BASE_PLUS_OHLC,4838,779,1,"[""FRED_NFCI_ret_1d"", ""FRED_STLFSI_ret_1d"", ""FRED_NFCI_ret_5d"", ""ohlc_vix_yz_10d"", ""BTI_ret_5d"", ""vix_zscore_20d"", ""IDX_VIX_zscore_60d"", ""GILD_ret_5d""]",0.2912,0.543,0.5364,0.3711,0.5773
1,GLOBAL,RandomForest,4,BASE,5617,763,0,"[""FRED_NFCI_ret_1d"", ""IDX_VIX_zscore_60d"", ""GILD_ret_5d"", ""FRED_NFCI_ret_5d"", ""vix_zscore_20d"", ""FRED_NFCI_zscore_60d"", ""BA_ret_1d"", ""PG_ret_1d""]",0.3198,0.6042,0.5857,0.2259,0.6402
1,GLOBAL,RandomForest,4,BASE_PLUS_OHLC,5617,763,1,"[""FRED_NFCI_ret_1d"", ""IDX_VIX_zscore_60d"", ""GILD_ret_5d"", ""FRED_NFCI_zscore_60d"", ""vix_zscore_20d"", ""FRED_NFCI_ret_5d"", ""ohlc_vix_parkinson_10d"", ""BA_ret_1d""]",0.303,0.5937,0.5677,0.1284,0.6532
1,GLOBAL,XGBoost,4,BASE,5617,763,0,"[""FRED_NFCI_ret_1d"", ""IDX_VIX_zscore_60d"", ""GILD_ret_5d"", ""FRED_NFCI_ret_5d"", ""vix_zscore_20d"", ""FRED_NFCI_zscore_60d"", ""BA_ret_1d"", ""PG_ret_1d""]",0.3248,0.5885,0.573,0.3008,0.61
1,GLOBAL,XGBoost,4,BASE_PLUS_OHLC,5617,763,1,"[""FRED_NFCI_ret_1d"", ""IDX_VIX_zscore_60d"", ""GILD_ret_5d"", ""FRED_NFCI_zscore_60d"", ""vix_zscore_20d"", ""FRED_NFCI_ret_5d"", ""ohlc_vix_parkinson_10d"", ""BA_ret_1d""]",0.322,0.6068,0.5894,0.2709,0.6374
1,CALM,RandomForest,0,BASE,828,324,0,"[""IDX_FTSE_ret_1d"", ""ORCL_ret_5d"", ""vix_vs_ma5"", ""EZA_ret_20d"", ""QCOM_zscore_60d"", ""BA_zscore_60d"", ""IVV_zscore_60d"", ""RTX_zscore_60d""]",0.274,0.5463,0.5456,0.2833,0.4604
1,CALM,RandomForest,0,BASE_PLUS_OHLC,828,324,0,"[""IDX_FTSE_ret_1d"", ""QCOM_zscore_60d"", ""ORCL_ret_5d"", ""BA_zscore_60d"", ""VTI_zscore_60d"", ""NWL_ret_1d"", ""vix_vs_ma5"", ""LLY_ret_1d""]",0.2838,0.5833,0.5832,0.4028,0.4088
1,CALM,XGBoost,0,BASE,828,324,0,"[""IDX_FTSE_ret_1d"", ""ORCL_ret_5d"", ""vix_vs_ma5"", ""EZA_ret_20d"", ""QCOM_zscore_60d"", ""BA_zscore_60d"", ""IVV_zscore_60d"", ""RTX_zscore_60d""]",0.2833,0.5648,0.5603,0.3688,0.368
1,CALM,XGBoost,0,BASE_PLUS_OHLC,828,324,0,"[""IDX_FTSE_ret_1d"", ""QCOM_zscore_60d"", ""ORCL_ret_5d"", ""BA_zscore_60d"", ""VTI_zscore_60d"", ""NWL_ret_1d"", ""vix_vs_ma5"", ""LLY_ret_1d""]",0.2624,0.5309,0.5304,0.4276,0.314
1,CALM,RandomForest,1,BASE,1072,573,0,"[""ORCL_ret_5d"", ""BA_ret_5d"", ""LLY_ret_1d"", ""AXP_ret_5d"", ""AMGN_ret_1d"", ""NSRGY_ret_5d"", ""COF_ret_1d"", ""vix_zscore_10d__ret5x__EWC_zscore_60d""]",0.2711,0.4764,0.476,0.2922,0.4901
1,CALM,RandomForest,1,BASE_PLUS_OHLC,1072,573,0,"[""ORCL_ret_5d"", ""AXP_ret_5d"", ""LLY_ret_1d"", ""COF_ret_1d"", ""AMGN_ret_1d"", ""BA_ret_5d"", ""ILMN_ret_1d"", ""vix_zscore_10d__ret5x__EWC_zscore_60d""]",0.2895,0.4974,0.4945,0.3333,0.5358
1,CALM,XGBoost,1,BASE,1072,573,0,"[""ORCL_ret_5d"", ""BA_ret_5d"", ""LLY_ret_1d"", ""AXP_ret_5d"", ""AMGN_ret_1d"", ""NSRGY_ret_5d"", ""COF_ret_1d"", ""vix_zscore_10d__ret5x__EWC_zscore_60d""]",0.2792,0.4939,0.4939,0.395,0.4646
1,CALM,XGBoost,1,BASE_PLUS_OHLC,1072,573,0,"[""ORCL_ret_5d"", ""AXP_ret_5d"", ""LLY_ret_1d"", ""COF_ret_1d"", ""AMGN_ret_1d"", ""BA_ret_5d"", ""ILMN_ret_1d"", ""vix_zscore_10d__ret5x__EWC_zscore_60d""]",0.3057,0.5236,0.5233,0.4049,0.5412
1,CALM,RandomForest,2,BASE,1322,509,0,"[""IGV_ret_5d"", ""vix_zscore_20d"", ""MSTR_ret_5d"", ""FRED_STLFSI_ret_1d"", ""AAPL_ret_5d"", ""VRTX_ret_1d"", ""IDX_VIX_zscore_60d__minus__FRED_NFCI_ret_5d"", ""XOM_ret_5d""]",0.3103,0.5796,0.5657,0.3195,0.6341
1,CALM,RandomForest,2,BASE_PLUS_OHLC,1322,509,0,"[""IGV_ret_5d"", ""MSTR_ret_5d"", ""vix_zscore_20d"", ""FRED_NFCI_ret_1d"", ""GD_ret_1d"", ""DE_ret_5d"", ""IDX_GSPC_ret_5d"", ""CSCO_ret_5d""]",0.3082,0.5599,0.5599,0.2841,0.5228
1,CALM,XGBoost,2,BASE,1322,509,0,"[""IGV_ret_5d"", ""vix_zscore_20d"", ""MSTR_ret_5d"", ""FRED_STLFSI_ret_1d"", ""AAPL_ret_5d"", ""VRTX_ret_1d"", ""IDX_VIX_zscore_60d__minus__FRED_NFCI_ret_5d"", ""XOM_ret_5d""]",0.2671,0.5422,0.5391,0.324,0.5214
1,CALM,XGBoost,2,BASE_PLUS_OHLC,1322,509,0,"[""IGV_ret_5d"", ""MSTR_ret_5d"", ""vix_zscore_20d"", ""FRED_NFCI_ret_1d"", ""GD_ret_1d"", ""DE_ret_5d"", ""IDX_GSPC_ret_5d"", ""CSCO_ret_5d""]",0.3289,0.5737,0.5726,0.3913,0.5203
1,CALM,RandomForest,4,BASE,1817,264,0,"[""FRED_STLFSI_ret_1d"", ""IDX_GSPC_ret_5d"", ""spx_drawdown_252d"", ""XOM_ret_1d"", ""AAPL_ret_5d"", ""FRED_NFCI_ret_5d"", ""LOW_ret_1d"", ""vix_zscore_20d""]",0.2935,0.5758,0.5742,0.2766,0.4396
1,CALM,RandomForest,4,BASE_PLUS_OHLC,1817,264,0,"[""FRED_STLFSI_ret_1d"", ""IDX_GSPC_ret_5d"", ""spx_drawdown_252d"", ""FRED_NFCI_ret_5d"", ""AAPL_ret_5d"", ""LOW_ret_1d"", ""IDX_VIX_zscore_60d__minus__FRED_NFCI_ret_5d"", ""LLY_ret_1d""]",0.3071,0.5758,0.5751,0.2857,0.4545
1,CALM,XGBoost,4,BASE,1817,264,0,"[""FRED_STLFSI_ret_1d"", ""IDX_GSPC_ret_5d"", ""spx_drawdown_252d"", ""XOM_ret_1d"", ""AAPL_ret_5d"", ""FRED_NFCI_ret_5d"", ""LOW_ret_1d"", ""vix_zscore_20d""]",0.2941,0.5682,0.5681,0.2526,0.4
1,CALM,XGBoost,4,BASE_PLUS_OHLC,1817,264,0,"[""FRED_STLFSI_ret_1d"", ""IDX_GSPC_ret_5d"", ""spx_drawdown_252d"", ""FRED_NFCI_ret_5d"", ""AAPL_ret_5d"", ""LOW_ret_1d"", ""IDX_VIX_zscore_60d__minus__FRED_NFCI_ret_5d"", ""LLY_ret_1d""]",0.2807,0.5795,0.5785,0.3269,0.3171
1,NORMAL,RandomForest,0,BASE,868,319,0,"[""MSFT_ret_20d"", ""ADBE_ret_1d"", ""FRED_STLFSI_ret_1d"", ""QCOM_ret_20d"", ""GILD_ret_20d"", ""CI_ret_5d"", ""PEP_ret_5d"", ""TAP_ret_5d""]",0.2995,0.5455,0.5288,0.3704,0.5464
1,NORMAL,RandomForest,0,BASE_PLUS_OHLC,868,319,0,"[""MSFT_ret_20d"", ""QCOM_ret_20d"", ""ADBE_ret_1d"", ""CI_ret_5d"", ""FRED_STLFSI_ret_1d"", ""P_stress_HMM"", ""TAP_ret_5d"", ""HD_ret_5d""]",0.3334,0.5799,0.5462,0.4144,0.5616
1,NORMAL,XGBoost,0,BASE,868,319,0,"[""MSFT_ret_20d"", ""ADBE_ret_1d"", ""FRED_STLFSI_ret_1d"", ""QCOM_ret_20d"", ""GILD_ret_20d"", ""CI_ret_5d"", ""PEP_ret_5d"", ""TAP_ret_5d""]",0.254,0.5455,0.5366,0.3063,0.5165
1,NORMAL,XGBoost,0,BASE_PLUS_OHLC,868,319,0,"[""MSFT_ret_20d"", ""QCOM_ret_20d"", ""ADBE_ret_1d"", ""CI_ret_5d"", ""FRED_STLFSI_ret_1d"", ""P_stress_HMM"", ""TAP_ret_5d"", ""HD_ret_5d""]",0.3245,0.5549,0.5458,0.4333,0.5326
1,NORMAL,RandomForest,1,BASE,1123,155,0,"[""vix_zscore_10d__zrel__EWC_zscore_60d"", ""AXP_ret_1d"", ""GILD_ret_5d"", ""IDX_VIX_zscore_60d"", ""HUM_ret_1d"", ""VLO_ret_1d"", ""FRED_STLFSI_ret_1d"", ""ADM_zscore_60d""]",0.2384,0.5419,0.4246,0.1509,0.8143
1,NORMAL,RandomForest,1,BASE_PLUS_OHLC,1123,155,0,"[""vix_zscore_10d__zrel__EWC_zscore_60d"", ""AXP_ret_1d"", ""GILD_ret_5d"", ""EWD_ret_1d"", ""FRED_STLFSI_ret_1d"", ""HUM_ret_1d"", ""CSCO_ret_5d"", ""IDX_VIX_zscore_60d""]",0.2809,0.5806,0.4732,0.2222,0.8085
1,NORMAL,XGBoost,1,BASE,1123,155,0,"[""vix_zscore_10d__zrel__EWC_zscore_60d"", ""AXP_ret_1d"", ""GILD_ret_5d"", ""IDX_VIX_zscore_60d"", ""HUM_ret_1d"", ""VLO_ret_1d"", ""FRED_STLFSI_ret_1d"", ""ADM_zscore_60d""]",0.2264,0.4968,0.4301,0.2807,0.6942
1,NORMAL,XGBoost,1,BASE_PLUS_OHLC,1123,155,0,"[""vix_zscore_10d__zrel__EWC_zscore_60d"", ""AXP_ret_1d"", ""GILD_ret_5d"", ""EWD_ret_1d"", ""FRED_STLFSI_ret_1d"", ""HUM_ret_1d"", ""CSCO_ret_5d"", ""IDX_VIX_zscore_60d""]",0.2764,0.5226,0.4696,0.3158,0.6721
1,NORMAL,RandomForest,2,BASE,1390,213,0,"[""IDX_VIX_zscore_60d"", ""HUM_ret_5d"", ""FRED_STLFSI_ret_1d"", ""IDX_VIX_zscore_60d__minus__FRED_NFCI_ret_5d"", ""BA_ret_20d"", ""MET_zscore_60d"", ""PLD_ret_5d"", ""heston_var_ev_h1__minus__ASML_ret_20d""]",0.3024,0.5822,0.5174,0.2899,0.6708
1,NORMAL,RandomForest,2,BASE_PLUS_OHLC,1390,213,1,"[""ohlc_vix_yz_10d"", ""IDX_VIX_zscore_60d"", ""PLD_ret_5d"", ""HUM_ret_5d"", ""MET_zscore_60d"", ""heston_var_ev_h1__minus__ASML_ret_20d"", ""FRED_STLFSI_ret_1d"", ""IDX_VIX_zscore_60d__minus__FRED_NFCI_ret_5d""]",0.3054,0.6197,0.5457,0.3284,0.7514
1,NORMAL,XGBoost,2,BASE,1390,213,0,"[""IDX_VIX_zscore_60d"", ""HUM_ret_5d"", ""FRED_STLFSI_ret_1d"", ""IDX_VIX_zscore_60d__minus__FRED_NFCI_ret_5d"", ""BA_ret_20d"", ""MET_zscore_60d"", ""PLD_ret_5d"", ""heston_var_ev_h1__minus__ASML_ret_20d""]",0.2748,0.5164,0.4906,0.5128,0.6081
1,NORMAL,XGBoost,2,BASE_PLUS_OHLC,1390,213,1,"[""ohlc_vix_yz_10d"", ""IDX_VIX_zscore_60d"", ""PLD_ret_5d"", ""HUM_ret_5d"", ""MET_zscore_60d"", ""heston_var_ev_h1__minus__ASML_ret_20d"", ""FRED_STLFSI_ret_1d"", ""IDX_VIX_zscore_60d__minus__FRED_NFCI_ret_5d""]",0.2689,0.5587,0.5069,0.3662,0.6747
1,NORMAL,RandomForest,3,BASE,1656,267,0,"[""FRED_NFCI_ret_5d"", ""FRED_STLFSI_ret_1d"", ""vix_vs_ma10__zrel__HD_vol_20d"", ""vix_zscore_10d__zrel__EWC_zscore_60d"", ""PLD_ret_5d"", ""heston_var_ev_h1__minus__ASML_ret_20d"", ""spike_skew_level"", ""UL_ret_1d""]",0.2754,0.5655,0.5633,0.2353,0.569
1,NORMAL,RandomForest,3,BASE_PLUS_OHLC,1656,267,1,"[""ohlc_vix_yz_10d"", ""IDX_VIX_zscore_60d__minus__FRED_NFCI_ret_5d"", ""FRED_STLFSI_ret_1d"", ""PLD_ret_5d"", ""heston_var_ev_h1__minus__ASML_ret_20d"", ""FRED_NFCI_ret_5d"", ""egarch_delta"", ""vix_vs_ma10__zrel__HD_vol_20d""]",0.2888,0.5768,0.5766,0.2667,0.5098
1,NORMAL,XGBoost,3,BASE,1656,267,0,"[""FRED_NFCI_ret_5d"", ""FRED_STLFSI_ret_1d"", ""vix_vs_ma10__zrel__HD_vol_20d"", ""vix_zscore_10d__zrel__EWC_zscore_60d"", ""PLD_ret_5d"", ""heston_var_ev_h1__minus__ASML_ret_20d"", ""spike_skew_level"", ""UL_ret_1d""]",0.2872,0.5655,0.5604,0.3119,0.5263
1,NORMAL,XGBoost,3,BASE_PLUS_OHLC,1656,267,1,"[""ohlc_vix_yz_10d"", ""IDX_VIX_zscore_60d__minus__FRED_NFCI_ret_5d"", ""FRED_STLFSI_ret_1d"", ""PLD_ret_5d"", ""heston_var_ev_h1__minus__ASML_ret_20d"", ""FRED_NFCI_ret_5d"", ""egarch_delta"", ""vix_vs_ma10__zrel__HD_vol_20d""]",0.3094,0.5356,0.5345,0.3667,0.4819
1,NORMAL,RandomForest,4,BASE,1926,416,0,"[""IDX_VIX_zscore_60d"", ""FRED_STLFSI_ret_1d"", ""P_stress_HMM"", ""EWC_ret_1d"", ""GILD_ret_5d"", ""FRED_NFCI_ret_5d"", ""HUM_ret_5d"", ""LUV_ret_1d""]",0.2821,0.5817,0.5192,0.2969,0.5961
1,NORMAL,RandomForest,4,BASE_PLUS_OHLC,1926,416,1,"[""IDX_VIX_zscore_60d"", ""FRED_STLFSI_ret_1d"", ""UL_ret_1d"", ""ohlc_vix_yz_10d"", ""P_stress_HMM"", ""FRED_NFCI_ret_5d"", ""vix_zscore_20d"", ""EWC_ret_1d""]",0.2927,0.613,0.5226,0.1864,0.6691
1,NORMAL,XGBoost,4,BASE,1926,416,0,"[""IDX_VIX_zscore_60d"", ""FRED_STLFSI_ret_1d"", ""P_stress_HMM"", ""EWC_ret_1d"", ""GILD_ret_5d"", ""FRED_NFCI_ret_5d"", ""HUM_ret_5d"", ""LUV_ret_1d""]",0.277,0.5553,0.5262,0.3972,0.547
1,NORMAL,XGBoost,4,BASE_PLUS_OHLC,1926,416,1,"[""IDX_VIX_zscore_60d"", ""FRED_STLFSI_ret_1d"", ""UL_ret_1d"", ""ohlc_vix_yz_10d"", ""P_stress_HMM"", ""FRED_NFCI_ret_5d"", ""vix_zscore_20d"", ""EWC_ret_1d""]",0.3044,0.5938,0.5393,0.3485,0.6388
1,STRESS,RandomForest,0,BASE,846,115,0,"[""GIS_ret_1d"", ""AMD_ret_1d"", ""COST_ret_1d"", ""FRED_EFFR_ret_1d"", ""CPB_ret_1d"", ""AXP_ret_5d"", ""vix_vol_of_vol_5d"", ""NVDA_ret_5d""]",0.2915,0.6,0.5833,0.1875,0.5507
1,STRESS,RandomForest,0,BASE_PLUS_OHLC,846,115,0,"[""GIS_ret_1d"", ""AMD_ret_1d"", ""PG_ret_1d"", ""vix_vol_of_vol_5d"", ""NVDA_ret_5d"", ""COST_ret_1d"", ""CPB_ret_1d"", ""BLK_ret_5d""]",0.2266,0.5304,0.503,0.0645,0.5405
1,STRESS,XGBoost,0,BASE,846,115,0,"[""GIS_ret_1d"", ""AMD_ret_1d"", ""COST_ret_1d"", ""FRED_EFFR_ret_1d"", ""CPB_ret_1d"", ""AXP_ret_5d"", ""vix_vol_of_vol_5d"", ""NVDA_ret_5d""]",0.296,0.6174,0.6042,0.3333,0.5143
1,STRESS,XGBoost,0,BASE_PLUS_OHLC,846,115,0,"[""GIS_ret_1d"", ""AMD_ret_1d"", ""PG_ret_1d"", ""vix_vol_of_vol_5d"", ""NVDA_ret_5d"", ""COST_ret_1d"", ""CPB_ret_1d"", ""BLK_ret_5d""]",0.2765,0.6,0.5888,0.2778,0.381
1,STRESS,RandomForest,1,BASE,1105,43,0,"[""GIS_ret_1d"", ""AMGN_ret_1d"", ""PG_ret_1d"", ""DIS_ret_1d"", ""BA_ret_5d"", ""ASML_zscore_60d"", ""CPB_ret_1d"", ""LUV_ret_1d""]",0.2344,0.5581,0.5494,0.5263,0.3448
1,STRESS,RandomForest,1,BASE_PLUS_OHLC,1105,43,0,"[""GIS_ret_1d"", ""vix_zscore_10d__zrel__EWC_zscore_60d"", ""BA_ret_1d"", ""AMGN_ret_1d"", ""CPB_ret_1d"", ""BA_ret_5d"", ""DIS_ret_1d"", ""LUV_ret_1d""]",0.2455,0.5581,0.4643,0.2857,0.75
1,STRESS,XGBoost,1,BASE,1105,43,0,"[""GIS_ret_1d"", ""AMGN_ret_1d"", ""PG_ret_1d"", ""DIS_ret_1d"", ""BA_ret_5d"", ""ASML_zscore_60d"", ""CPB_ret_1d"", ""LUV_ret_1d""]",0.1961,0.4186,0.3978,0.4,0.3448
1,STRESS,XGBoost,1,BASE_PLUS_OHLC,1105,43,0,"[""GIS_ret_1d"", ""vix_zscore_10d__zrel__EWC_zscore_60d"", ""BA_ret_1d"", ""AMGN_ret_1d"", ""CPB_ret_1d"", ""BA_ret_5d"", ""DIS_ret_1d"", ""LUV_ret_1d""]",0.2595,0.4884,0.4369,0.4,0.5882
1,STRESS,RandomForest,2,BASE,1359,45,0,"[""BA_ret_1d"", ""PG_ret_1d"", ""FRED_NFCI_ret_1d"", ""SCHW_ret_1d"", ""PTC_ret_20d"", ""vix_zscore_10d__zrel__EWC_zscore_60d"", ""CPB_ret_1d"", ""LOGI_zscore_60d""]",0.2518,0.5778,0.4452,0.25,0.7907
1,STRESS,RandomForest,2,BASE_PLUS_OHLC,1359,45,0,"[""BA_ret_1d"", ""FRED_NFCI_ret_1d"", ""PG_ret_1d"", ""vix_zscore_10d__zrel__EWC_zscore_60d"", ""CMCSA_ret_5d"", ""SCHW_ret_1d"", ""NVDA_ret_5d"", ""GIS_ret_1d""]",0.1543,0.5111,0.375,0.1333,0.6977
1,STRESS,XGBoost,2,BASE,1359,45,0,"[""BA_ret_1d"", ""PG_ret_1d"", ""FRED_NFCI_ret_1d"", ""SCHW_ret_1d"", ""PTC_ret_20d"", ""vix_zscore_10d__zrel__EWC_zscore_60d"", ""CPB_ret_1d"", ""LOGI_zscore_60d""]",0.3697,0.6222,0.5676,0.4211,0.75
1,STRESS,XGBoost,2,BASE_PLUS_OHLC,1359,45,0,"[""BA_ret_1d"", ""FRED_NFCI_ret_1d"", ""PG_ret_1d"", ""vix_zscore_10d__zrel__EWC_zscore_60d"", ""CMCSA_ret_5d"", ""SCHW_ret_1d"", ""NVDA_ret_5d"", ""GIS_ret_1d""]",0.2629,0.5556,0.3984,0.1333,0.7907
1,STRESS,RandomForest,3,BASE,1615,512,0,"[""vix_zscore_10d__zrel__EWC_zscore_60d"", ""LUV_ret_1d"", ""PG_ret_1d"", ""CPB_ret_1d"", ""COST_ret_1d"", ""EWC_zscore_60d__macross__ASML_ret_20d"", ""spike_semivar_up_ratio_60d"", ""FRED_NFCI_ret_1d""]",0.2588,0.5957,0.5287,0.1739,0.5103
1,STRESS,RandomForest,3,BASE_PLUS_OHLC,1615,512,1,"[""vix_zscore_10d__zrel__EWC_zscore_60d"", ""BA_ret_1d"", ""PG_ret_1d"", ""CPB_ret_1d"", ""LUV_ret_1d"", ""ohlc_vix_yz_10d"", ""spike_semivar_up_ratio_60d"", ""COST_ret_1d""]",0.2866,0.541,0.5209,0.413,0.5714
1,STRESS,XGBoost,3,BASE,1615,512,0,"[""vix_zscore_10d__zrel__EWC_zscore_60d"", ""LUV_ret_1d"", ""PG_ret_1d"", ""CPB_ret_1d"", ""COST_ret_1d"", ""EWC_zscore_60d__macross__ASML_ret_20d"", ""spike_semivar_up_ratio_60d"", ""FRED_NFCI_ret_1d""]",0.2708,0.6035,0.5563,0.2581,0.4982
1,STRESS,XGBoost,3,BASE_PLUS_OHLC,1615,512,1,"[""vix_zscore_10d__zrel__EWC_zscore_60d"", ""BA_ret_1d"", ""PG_ret_1d"", ""CPB_ret_1d"", ""LUV_ret_1d"", ""ohlc_vix_yz_10d"", ""spike_semivar_up_ratio_60d"", ""COST_ret_1d""]",0.3023,0.5586,0.5458,0.455,0.4882
1,STRESS,RandomForest,4,BASE,1874,83,0,"[""vix_vol_of_vol_5d"", ""PG_ret_1d"", ""EBAY_ret_5d"", ""P_stress_HMM"", ""JCI_ret_1d"", ""vix_zscore_10d__zrel__EWC_zscore_60d"", ""SLB_ret_1d"", ""PTC_ret_20d""]",0.2557,0.5422,0.5109,0.4444,0.6349
1,STRESS,RandomForest,4,BASE_PLUS_OHLC,1874,83,0,"[""PG_ret_1d"", ""vix_zscore_10d__zrel__EWC_zscore_60d"", ""JCI_ret_1d"", ""vix_vol_of_vol_5d"", ""EBAY_ret_5d"", ""LUV_ret_1d"", ""SLB_ret_1d"", ""FRED_NFCI_ret_1d""]",0.3333,0.6145,0.5608,0.4138,0.6866
1,STRESS,XGBoost,4,BASE,1874,83,0,"[""vix_vol_of_vol_5d"", ""PG_ret_1d"", ""EBAY_ret_5d"", ""P_stress_HMM"", ""JCI_ret_1d"", ""vix_zscore_10d__zrel__EWC_zscore_60d"", ""SLB_ret_1d"", ""PTC_ret_20d""]",0.2418,0.506,0.4916,0.3846,0.5902
1,STRESS,XGBoost,4,BASE_PLUS_OHLC,1874,83,0,"[""PG_ret_1d"", ""vix_zscore_10d__zrel__EWC_zscore_60d"", ""JCI_ret_1d"", ""vix_vol_of_vol_5d"", ""EBAY_ret_5d"", ""LUV_ret_1d"", ""SLB_ret_1d"", ""FRED_NFCI_ret_1d""]",0.2904,0.5904,0.5495,0.4138,0.5574
2,GLOBAL,RandomForest,0,BASE,2650,794,0,"[""FRED_NFCI_zscore_60d__zrel__IDX_VIX_zscore_60d"", ""IDX_VIX_zscore_60d__minus__HON_zscore_60d"", ""PLD_ret_5d"", ""vix_zscore_10d__zrel__EWC_zscore_60d"", ""AMGN_ret_5d"", ""vix_vs_ma10__zrel__HD_vol_20d"", ""TAP_ret_5d"", ""EWS_ret_5d""]",0.3082,0.5743,0.5731,0.25,0.6023
2,GLOBAL,RandomForest,0,BASE_PLUS_OHLC,2650,794,0,"[""IDX_VIX_zscore_60d__minus__HON_zscore_60d"", ""vix_zscore_10d__zrel__EWC_zscore_60d"", ""FRED_NFCI_zscore_60d__zrel__IDX_VIX_zscore_60d"", ""TAP_ret_5d"", ""CSCO_ret_5d"", ""PLD_ret_5d"", ""vix_vs_ma10__zrel__HD_vol_20d"", ""FRED_NFCI_zscore_60d""]",0.2992,0.573,0.5717,0.2656,0.5912
2,GLOBAL,XGBoost,0,BASE,2650,794,0,"[""FRED_NFCI_zscore_60d__zrel__IDX_VIX_zscore_60d"", ""IDX_VIX_zscore_60d__minus__HON_zscore_60d"", ""PLD_ret_5d"", ""vix_zscore_10d__zrel__EWC_zscore_60d"", ""AMGN_ret_5d"", ""vix_vs_ma10__zrel__HD_vol_20d"", ""TAP_ret_5d"", ""EWS_ret_5d""]",0.3371,0.5844,0.5844,0.3617,0.5707
2,GLOBAL,XGBoost,0,BASE_PLUS_OHLC,2650,794,0,"[""IDX_VIX_zscore_60d__minus__HON_zscore_60d"", ""vix_zscore_10d__zrel__EWC_zscore_60d"", ""FRED_NFCI_zscore_60d__zrel__IDX_VIX_zscore_60d"", ""TAP_ret_5d"", ""CSCO_ret_5d"", ""PLD_ret_5d"", ""vix_vs_ma10__zrel__HD_vol_20d"", ""FRED_NFCI_zscore_60d""]",0.3,0.5529,0.5525,0.3321,0.5561
2,GLOBAL,RandomForest,1,BASE,3444,806,0,"[""vix_vs_ma10__zrel__HD_vol_20d"", ""IDX_VIX_zscore_60d"", ""IDX_VIX_zscore_60d__minus__FRED_NFCI_ret_5d"", ""vix_vs_ma10__zrel__SBUX_ret_5d"", ""FRED_NFCI_zscore_60d"", ""WMT_ret_5d"", ""PLD_ret_5d"", ""QCOM_ret_1d""]",0.3038,0.5633,0.5632,0.3537,0.6113
2,GLOBAL,RandomForest,1,BASE_PLUS_OHLC,3444,806,0,"[""vix_vs_ma10__zrel__HD_vol_20d"", ""IDX_VIX_zscore_60d"", ""IDX_VIX_zscore_60d__minus__FRED_NFCI_ret_5d"", ""IDX_VIX_zscore_60d__minus__HON_zscore_60d"", ""PLD_ret_5d"", ""vix_vs_ma10__zrel__SBUX_ret_5d"", ""FRED_NFCI_zscore_60d"", ""ORCL_ret_5d""]",0.3017,0.5819,0.5816,0.2899,0.6257
2,GLOBAL,XGBoost,1,BASE,3444,806,0,"[""vix_vs_ma10__zrel__HD_vol_20d"", ""IDX_VIX_zscore_60d"", ""IDX_VIX_zscore_60d__minus__FRED_NFCI_ret_5d"", ""vix_vs_ma10__zrel__SBUX_ret_5d"", ""FRED_NFCI_zscore_60d"", ""WMT_ret_5d"", ""PLD_ret_5d"", ""QCOM_ret_1d""]",0.295,0.5546,0.5543,0.4136,0.5839
2,GLOBAL,XGBoost,1,BASE_PLUS_OHLC,3444,806,0,"[""vix_vs_ma10__zrel__HD_vol_20d"", ""IDX_VIX_zscore_60d"", ""IDX_VIX_zscore_60d__minus__FRED_NFCI_ret_5d"", ""IDX_VIX_zscore_60d__minus__HON_zscore_60d"", ""PLD_ret_5d"", ""vix_vs_ma10__zrel__SBUX_ret_5d"", ""FRED_NFCI_zscore_60d"", ""ORCL_ret_5d""]",0.3104,0.5782,0.578,0.3775,0.5851
2,GLOBAL,RandomForest,2,BASE,4250,802,0,"[""vix_vs_ma20"", ""IDX_VIX_zscore_60d"", ""FRED_NFCI_ret_5d"", ""IDX_VIX_zscore_60d__minus__HON_zscore_60d"", ""VZ_vol_20d"", ""vix_vs_ma10__zrel__HD_vol_20d"", ""vix_zscore_20d"", ""FRED_NFCI_zscore_60d""]",0.2922,0.586,0.5855,0.2082,0.6749
2,GLOBAL,RandomForest,2,BASE_PLUS_OHLC,4250,802,0,"[""FRED_NFCI_ret_5d"", ""IDX_VIX_zscore_60d"", ""IDX_VIX_zscore_60d__minus__HON_zscore_60d"", ""vix_vs_ma20"", ""vix_vs_ma10__zrel__HD_vol_20d"", ""VZ_vol_20d"", ""vix_zscore_20d"", ""IDX_VXN_zscore_60d""]",0.2763,0.5611,0.5601,0.1882,0.7076
2,GLOBAL,XGBoost,2,BASE,4250,802,0,"[""vix_vs_ma20"", ""IDX_VIX_zscore_60d"", ""FRED_NFCI_ret_5d"", ""IDX_VIX_zscore_60d__minus__HON_zscore_60d"", ""VZ_vol_20d"", ""vix_vs_ma10__zrel__HD_vol_20d"", ""vix_zscore_20d"", ""FRED_NFCI_zscore_60d""]",0.3094,0.5885,0.5867,0.2409,0.6789
2,GLOBAL,XGBoost,2,BASE_PLUS_OHLC,4250,802,0,"[""FRED_NFCI_ret_5d"", ""IDX_VIX_zscore_60d"", ""IDX_VIX_zscore_60d__minus__HON_zscore_60d"", ""vix_vs_ma20"", ""vix_vs_ma10__zrel__HD_vol_20d"", ""VZ_vol_20d"", ""vix_zscore_20d"", ""IDX_VXN_zscore_60d""]",0.2984,0.5935,0.5917,0.2482,0.6815
2,GLOBAL,RandomForest,3,BASE,5052,807,0,"[""IDX_VIX_zscore_60d"", ""FRED_NFCI_ret_5d"", ""vix_zscore_20d"", ""TAP_ret_5d"", ""FRED_NFCI_zscore_60d__zrel__IDX_VIX_zscore_60d"", ""PAYX_ret_20d"", ""vix_vs_ma10__zrel__HD_vol_20d"", ""XEL_ret_5d""]",0.3081,0.5675,0.5657,0.3882,0.5163
2,GLOBAL,RandomForest,3,BASE_PLUS_OHLC,5052,807,0,"[""FRED_NFCI_ret_5d"", ""vix_zscore_20d"", ""IDX_VIX_zscore_60d"", ""TAP_ret_5d"", ""vix_vs_ma10__zrel__HD_vol_20d"", ""FRED_NFCI_zscore_60d__zrel__IDX_VIX_zscore_60d"", ""IDX_VIX_zscore_60d__minus__FRED_NFCI_ret_5d"", ""spike_vix_over_3m""]",0.3144,0.57,0.5692,0.4089,0.547
2,GLOBAL,XGBoost,3,BASE,5052,807,0,"[""IDX_VIX_zscore_60d"", ""FRED_NFCI_ret_5d"", ""vix_zscore_20d"", ""TAP_ret_5d"", ""FRED_NFCI_zscore_60d__zrel__IDX_VIX_zscore_60d"", ""PAYX_ret_20d"", ""vix_vs_ma10__zrel__HD_vol_20d"", ""XEL_ret_5d""]",0.3368,0.57,0.5675,0.4101,0.536
2,GLOBAL,XGBoost,3,BASE_PLUS_OHLC,5052,807,0,"[""FRED_NFCI_ret_5d"", ""vix_zscore_20d"", ""IDX_VIX_zscore_60d"", ""TAP_ret_5d"", ""vix_vs_ma10__zrel__HD_vol_20d"", ""FRED_NFCI_zscore_60d__zrel__IDX_VIX_zscore_60d"", ""IDX_VIX_zscore_60d__minus__FRED_NFCI_ret_5d"", ""spike_vix_over_3m""]",0.3159,0.5613,0.5602,0.4559,0.5314
2,GLOBAL,RandomForest,4,BASE,5859,801,0,"[""IDX_VIX_zscore_60d"", ""FRED_NFCI_ret_5d"", ""IDX_VIX_zscore_60d__minus__FRED_NFCI_ret_5d"", ""spike_vix_over_3m"", ""TAP_ret_5d"", ""IDX_RUT_ret_5d"", ""MCD_ret_5d"", ""vix_vs_ma10__zrel__HD_vol_20d""]",0.2699,0.5693,0.5638,0.1579,0.6942
2,GLOBAL,RandomForest,4,BASE_PLUS_OHLC,5859,801,0,"[""IDX_VIX_zscore_60d"", ""FRED_NFCI_ret_5d"", ""IDX_VIX_zscore_60d__minus__FRED_NFCI_ret_5d"", ""spike_vix_over_3m"", ""heston_v0_minus_theta"", ""TAP_ret_5d"", ""FRED_NFCI_zscore_60d__zrel__IDX_VIX_zscore_60d"", ""IDX_RUT_ret_5d""]",0.2689,0.5705,0.5659,0.2034,0.6928
2,GLOBAL,XGBoost,4,BASE,5859,801,0,"[""IDX_VIX_zscore_60d"", ""FRED_NFCI_ret_5d"", ""IDX_VIX_zscore_60d__minus__FRED_NFCI_ret_5d"", ""spike_vix_over_3m"", ""TAP_ret_5d"", ""IDX_RUT_ret_5d"", ""MCD_ret_5d"", ""vix_vs_ma10__zrel__HD_vol_20d""]",0.3009,0.593,0.5856,0.2222,0.6998
2,GLOBAL,XGBoost,4,BASE_PLUS_OHLC,5859,801,0,"[""IDX_VIX_zscore_60d"", ""FRED_NFCI_ret_5d"", ""IDX_VIX_zscore_60d__minus__FRED_NFCI_ret_5d"", ""spike_vix_over_3m"", ""heston_v0_minus_theta"", ""TAP_ret_5d"", ""FRED_NFCI_zscore_60d__zrel__IDX_VIX_zscore_60d"", ""IDX_RUT_ret_5d""]",0.2897,0.588,0.5805,0.2257,0.6901
2,CALM,RandomForest,0,BASE,866,341,0,"[""vix_zscore_10d__zrel__EWC_zscore_60d"", ""IDX_VIX_zscore_60d__zrel__HON_zscore_60d"", ""UL_zscore_60d"", ""ETN_ret_20d"", ""PPL_ret_5d"", ""IDX_VIX_zscore_60d__minus__FRED_NFCI_ret_5d"", ""BTI_ret_1d"", ""vix_momentum_3d""]",0.2864,0.5191,0.5187,0.2256,0.5401
2,CALM,RandomForest,0,BASE_PLUS_OHLC,866,341,0,"[""vix_zscore_10d__zrel__EWC_zscore_60d"", ""IDX_VIX_zscore_60d__zrel__HON_zscore_60d"", ""PPL_ret_5d"", ""UL_zscore_60d"", ""BTI_ret_1d"", ""IYM_zscore_60d"", ""vix_momentum_3d"", ""MRK_ret_5d""]",0.2769,0.5132,0.513,0.2819,0.5077
2,CALM,XGBoost,0,BASE,866,341,0,"[""vix_zscore_10d__zrel__EWC_zscore_60d"", ""IDX_VIX_zscore_60d__zrel__HON_zscore_60d"", ""UL_zscore_60d"", ""ETN_ret_20d"", ""PPL_ret_5d"", ""IDX_VIX_zscore_60d__minus__FRED_NFCI_ret_5d"", ""BTI_ret_1d"", ""vix_momentum_3d""]",0.292,0.5484,0.5484,0.3087,0.4516
2,CALM,XGBoost,0,BASE_PLUS_OHLC,866,341,0,"[""vix_zscore_10d__zrel__EWC_zscore_60d"", ""IDX_VIX_zscore_60d__zrel__HON_zscore_60d"", ""PPL_ret_5d"", ""UL_zscore_60d"", ""BTI_ret_1d"", ""IYM_zscore_60d"", ""vix_momentum_3d"", ""MRK_ret_5d""]",0.2759,0.5132,0.513,0.3243,0.4132
2,CALM,RandomForest,1,BASE,1122,599,0,"[""EWL_ret_5d"", ""CAT_ret_20d"", ""IDX_VIX_zscore_60d__minus__HON_zscore_60d"", ""EXC_ret_5d"", ""AXP_ret_1d"", ""PPL_ret_5d"", ""CPB_ret_1d"", ""IDX_VIX_zscore_60d__zrel__HON_zscore_60d""]",0.2919,0.5659,0.5637,0.3176,0.5956
2,CALM,RandomForest,1,BASE_PLUS_OHLC,1122,599,0,"[""EWL_ret_5d"", ""CAT_ret_20d"", ""IDX_VIX_zscore_60d__zrel__HON_zscore_60d"", ""AXP_ret_1d"", ""BTI_ret_1d"", ""vix_momentum_3d"", ""PEP_ret_1d"", ""JNJ_ret_1d""]",0.3184,0.586,0.5856,0.3406,0.631
2,CALM,XGBoost,1,BASE,1122,599,0,"[""EWL_ret_5d"", ""CAT_ret_20d"", ""IDX_VIX_zscore_60d__minus__HON_zscore_60d"", ""EXC_ret_5d"", ""AXP_ret_1d"", ""PPL_ret_5d"", ""CPB_ret_1d"", ""IDX_VIX_zscore_60d__zrel__HON_zscore_60d""]",0.2875,0.5643,0.564,0.3621,0.5232
2,CALM,XGBoost,1,BASE_PLUS_OHLC,1122,599,0,"[""EWL_ret_5d"", ""CAT_ret_20d"", ""IDX_VIX_zscore_60d__zrel__HON_zscore_60d"", ""AXP_ret_1d"", ""BTI_ret_1d"", ""vix_momentum_3d"", ""PEP_ret_1d"", ""JNJ_ret_1d""]",0.2895,0.5459,0.5458,0.3125,0.5502
2,CALM,RandomForest,2,BASE,1386,537,0,"[""AMT_ret_5d"", ""vix_zscore_20d"", ""IDX_VIX_zscore_60d__minus__HON_zscore_60d"", ""IDX_RUT_ret_5d"", ""EBAY_ret_1d"", ""FRED_NFCI_ret_5d"", ""IDX_VIX_zscore_60d__minus__FRED_NFCI_ret_5d"", ""QCOM_ret_20d""]",0.331,0.6034,0.6033,0.3654,0.6115
2,CALM,RandomForest,2,BASE_PLUS_OHLC,1386,537,0,"[""AMT_ret_5d"", ""vix_zscore_20d"", ""IDX_VIX_zscore_60d__minus__FRED_NFCI_ret_5d"", ""IDX_VIX_zscore_60d__minus__HON_zscore_60d"", ""IDX_RUT_ret_5d"", ""EBAY_ret_1d"", ""FRED_NFCI_ret_5d"", ""vix_momentum_3d""]",0.3211,0.5959,0.5955,0.2732,0.6406
2,CALM,XGBoost,2,BASE,1386,537,0,"[""AMT_ret_5d"", ""vix_zscore_20d"", ""IDX_VIX_zscore_60d__minus__HON_zscore_60d"", ""IDX_RUT_ret_5d"", ""EBAY_ret_1d"", ""FRED_NFCI_ret_5d"", ""IDX_VIX_zscore_60d__minus__FRED_NFCI_ret_5d"", ""QCOM_ret_20d""]",0.3262,0.5978,0.5978,0.4435,0.5379
2,CALM,XGBoost,2,BASE_PLUS_OHLC,1386,537,0,"[""AMT_ret_5d"", ""vix_zscore_20d"", ""IDX_VIX_zscore_60d__minus__FRED_NFCI_ret_5d"", ""IDX_VIX_zscore_60d__minus__HON_zscore_60d"", ""IDX_RUT_ret_5d"", ""EBAY_ret_1d"", ""FRED_NFCI_ret_5d"", ""vix_momentum_3d""]",0.3513,0.622,0.6208,0.3483,0.6065
2,CALM,RandomForest,4,BASE,1907,287,0,"[""FRED_NFCI_ret_5d"", ""EBAY_ret_1d"", ""AMT_ret_5d"", ""vix_zscore_20d"", ""FRED_STLFSI_ret_1d"", ""spx_vol_5d"", ""IDX_RUT_ret_5d"", ""IDX_AORD_zscore_60d""]",0.2554,0.5157,0.5128,0.2041,0.5763
2,CALM,RandomForest,4,BASE_PLUS_OHLC,1907,287,0,"[""FRED_NFCI_ret_5d"", ""AMT_ret_5d"", ""vix_zscore_20d"", ""EBAY_ret_1d"", ""FRED_STLFSI_ret_1d"", ""IVV_zscore_60d"", ""vix_vs_ma20"", ""IDX_RUT_ret_5d""]",0.2815,0.5366,0.5358,0.1875,0.5905
2,CALM,XGBoost,4,BASE,1907,287,0,"[""FRED_NFCI_ret_5d"", ""EBAY_ret_1d"", ""AMT_ret_5d"", ""vix_zscore_20d"", ""FRED_STLFSI_ret_1d"", ""spx_vol_5d"", ""IDX_RUT_ret_5d"", ""IDX_AORD_zscore_60d""]",0.2647,0.5157,0.5123,0.2316,0.5357
2,CALM,XGBoost,4,BASE_PLUS_OHLC,1907,287,0,"[""FRED_NFCI_ret_5d"", ""AMT_ret_5d"", ""vix_zscore_20d"", ""EBAY_ret_1d"", ""FRED_STLFSI_ret_1d"", ""IVV_zscore_60d"", ""vix_vs_ma20"", ""IDX_RUT_ret_5d""]",0.2942,0.4913,0.4911,0.3429,0.5437
2,NORMAL,RandomForest,0,BASE,909,333,0,"[""IDX_VIX_zscore_60d"", ""MS_ret_1d"", ""IDX_DJI_zscore_60d"", ""BTI_ret_1d"", ""MSTR_ret_5d"", ""CSCO_zscore_60d"", ""MMM_ret_1d"", ""vix_vs_ma10__zrel__HD_vol_20d""]",0.2785,0.5526,0.4977,0.2588,0.6087
2,NORMAL,RandomForest,0,BASE_PLUS_OHLC,909,333,0,"[""MS_ret_1d"", ""IDX_VIX_zscore_60d"", ""MSTR_ret_5d"", ""IDX_DJI_zscore_60d"", ""BTI_ret_1d"", ""vix_vs_ma10__zrel__HD_vol_20d"", ""PTC_ret_20d"", ""CSCO_zscore_60d""]",0.2782,0.5586,0.4952,0.1282,0.6352
2,NORMAL,XGBoost,0,BASE,909,333,0,"[""IDX_VIX_zscore_60d"", ""MS_ret_1d"", ""IDX_DJI_zscore_60d"", ""BTI_ret_1d"", ""MSTR_ret_5d"", ""CSCO_zscore_60d"", ""MMM_ret_1d"", ""vix_vs_ma10__zrel__HD_vol_20d""]",0.2794,0.5435,0.5148,0.2917,0.5517
2,NORMAL,XGBoost,0,BASE_PLUS_OHLC,909,333,0,"[""MS_ret_1d"", ""IDX_VIX_zscore_60d"", ""MSTR_ret_5d"", ""IDX_DJI_zscore_60d"", ""BTI_ret_1d"", ""vix_vs_ma10__zrel__HD_vol_20d"", ""PTC_ret_20d"", ""CSCO_zscore_60d""]",0.2877,0.5526,0.5251,0.2529,0.5222
2,NORMAL,RandomForest,1,BASE,1177,159,0,"[""IDX_VIX_zscore_60d"", ""vix_vs_ma10__zrel__HD_vol_20d"", ""MDLZ_ret_1d"", ""CVX_vol_20d"", ""PPL_ret_5d"", ""IWD_zscore_60d"", ""vix_zscore_10d"", ""XLV_ret_20d""]",0.1875,0.478,0.4658,0.4928,0.56
2,NORMAL,RandomForest,1,BASE_PLUS_OHLC,1177,159,0,"[""IDX_VIX_zscore_60d"", ""vix_vs_ma10__zrel__HD_vol_20d"", ""IDX_VIX_zscore_60d__minus__FRED_NFCI_ret_5d"", ""CVX_vol_20d"", ""IWD_zscore_60d"", ""PPL_ret_5d"", ""BLK_vol_20d"", ""MET_ret_20d""]",0.1674,0.4969,0.453,0.2667,0.6471
2,NORMAL,XGBoost,1,BASE,1177,159,0,"[""IDX_VIX_zscore_60d"", ""vix_vs_ma10__zrel__HD_vol_20d"", ""MDLZ_ret_1d"", ""CVX_vol_20d"", ""PPL_ret_5d"", ""IWD_zscore_60d"", ""vix_zscore_10d"", ""XLV_ret_20d""]",0.2368,0.5597,0.5534,0.5789,0.592
2,NORMAL,XGBoost,1,BASE_PLUS_OHLC,1177,159,0,"[""IDX_VIX_zscore_60d"", ""vix_vs_ma10__zrel__HD_vol_20d"", ""IDX_VIX_zscore_60d__minus__FRED_NFCI_ret_5d"", ""CVX_vol_20d"", ""IWD_zscore_60d"", ""PPL_ret_5d"", ""BLK_vol_20d"", ""MET_ret_20d""]",0.2471,0.5975,0.528,0.3729,0.7297
2,NORMAL,RandomForest,2,BASE,1453,218,0,"[""IDX_VIX_zscore_60d__minus__FRED_NFCI_ret_5d"", ""IDX_VIX_zscore_60d"", ""vix_vs_ma10__zrel__HD_vol_20d"", ""XOM_ret_1d"", ""vix_zscore_20d"", ""spike_vix_over_3m"", ""BBY_ret_1d"", ""TTE_ret_1d""]",0.2482,0.5367,0.4281,0.1194,0.8087
2,NORMAL,RandomForest,2,BASE_PLUS_OHLC,1453,218,0,"[""IDX_VIX_zscore_60d__minus__FRED_NFCI_ret_5d"", ""IDX_VIX_zscore_60d"", ""vix_vs_ma10__zrel__HD_vol_20d"", ""XOM_ret_1d"", ""vix_zscore_20d"", ""spike_vix_over_3m"", ""TTE_ret_1d"", ""BBY_ret_1d""]",0.2818,0.5688,0.448,0.1194,0.8235
2,NORMAL,XGBoost,2,BASE,1453,218,0,"[""IDX_VIX_zscore_60d__minus__FRED_NFCI_ret_5d"", ""IDX_VIX_zscore_60d"", ""vix_vs_ma10__zrel__HD_vol_20d"", ""XOM_ret_1d"", ""vix_zscore_20d"", ""spike_vix_over_3m"", ""BBY_ret_1d"", ""TTE_ret_1d""]",0.316,0.5505,0.5233,0.4368,0.7453
2,NORMAL,XGBoost,2,BASE_PLUS_OHLC,1453,218,0,"[""IDX_VIX_zscore_60d__minus__FRED_NFCI_ret_5d"", ""IDX_VIX_zscore_60d"", ""vix_vs_ma10__zrel__HD_vol_20d"", ""XOM_ret_1d"", ""vix_zscore_20d"", ""spike_vix_over_3m"", ""TTE_ret_1d"", ""BBY_ret_1d""]",0.3155,0.5459,0.5173,0.4651,0.7654
2,NORMAL,RandomForest,3,BASE,1731,278,0,"[""IDX_VIX_zscore_60d"", ""IDX_VIX_zscore_60d__minus__FRED_NFCI_ret_5d"", ""spike_vix_over_3m"", ""vix_vs_ma10__zrel__HD_vol_20d"", ""FRED_NFCI_ret_5d"", ""IBB_ret_20d"", ""CPB_ret_5d"", ""XLP_ret_1d""]",0.3719,0.6079,0.6052,0.2569,0.6076
2,NORMAL,RandomForest,3,BASE_PLUS_OHLC,1731,278,0,"[""IDX_VIX_zscore_60d"", ""IDX_VIX_zscore_60d__minus__FRED_NFCI_ret_5d"", ""spike_vix_over_3m"", ""vix_vs_ma10__zrel__HD_vol_20d"", ""FRED_NFCI_zscore_60d__zrel__IDX_VIX_zscore_60d"", ""CPB_ret_5d"", ""XLP_ret_1d"", ""FRED_NFCI_ret_5d""]",0.3362,0.6079,0.6042,0.2957,0.5517
2,NORMAL,XGBoost,3,BASE,1731,278,0,"[""IDX_VIX_zscore_60d"", ""IDX_VIX_zscore_60d__minus__FRED_NFCI_ret_5d"", ""spike_vix_over_3m"", ""vix_vs_ma10__zrel__HD_vol_20d"", ""FRED_NFCI_ret_5d"", ""IBB_ret_20d"", ""CPB_ret_5d"", ""XLP_ret_1d""]",0.33,0.5576,0.5456,0.381,0.4848
2,NORMAL,XGBoost,3,BASE_PLUS_OHLC,1731,278,0,"[""IDX_VIX_zscore_60d"", ""IDX_VIX_zscore_60d__minus__FRED_NFCI_ret_5d"", ""spike_vix_over_3m"", ""vix_vs_ma10__zrel__HD_vol_20d"", ""FRED_NFCI_zscore_60d__zrel__IDX_VIX_zscore_60d"", ""CPB_ret_5d"", ""XLP_ret_1d"", ""FRED_NFCI_ret_5d""]",0.3441,0.5863,0.5789,0.4394,0.48
2,NORMAL,RandomForest,4,BASE,2008,428,0,"[""IDX_VIX_zscore_60d"", ""IDX_VIX_zscore_60d__minus__FRED_NFCI_ret_5d"", ""vix_zscore_20d"", ""XOM_ret_1d"", ""IDX_IBEX_zscore_60d"", ""spike_vix_over_3m"", ""JCI_ret_5d"", ""MKC_ret_20d""]",0.2503,0.5514,0.5058,0.1043,0.6444
2,NORMAL,RandomForest,4,BASE_PLUS_OHLC,2008,428,0,"[""IDX_VIX_zscore_60d__minus__FRED_NFCI_ret_5d"", ""IDX_VIX_zscore_60d"", ""vix_zscore_20d"", ""IDX_IBEX_zscore_60d"", ""IEF_vol_20d"", ""JCI_ret_5d"", ""MCD_ret_5d"", ""spike_vix_over_3m""]",0.2815,0.5701,0.5483,0.2381,0.6764
2,NORMAL,XGBoost,4,BASE,2008,428,0,"[""IDX_VIX_zscore_60d"", ""IDX_VIX_zscore_60d__minus__FRED_NFCI_ret_5d"", ""vix_zscore_20d"", ""XOM_ret_1d"", ""IDX_IBEX_zscore_60d"", ""spike_vix_over_3m"", ""JCI_ret_5d"", ""MKC_ret_20d""]",0.2687,0.5467,0.5052,0.2047,0.5485
2,NORMAL,XGBoost,4,BASE_PLUS_OHLC,2008,428,0,"[""IDX_VIX_zscore_60d__minus__FRED_NFCI_ret_5d"", ""IDX_VIX_zscore_60d"", ""vix_zscore_20d"", ""IDX_IBEX_zscore_60d"", ""IEF_vol_20d"", ""JCI_ret_5d"", ""MCD_ret_5d"", ""spike_vix_over_3m""]",0.2777,0.5514,0.5209,0.2443,0.6204
2,STRESS,RandomForest,0,BASE,875,120,0,"[""VLO_ret_5d"", ""HUM_ret_1d"", ""CMCSA_ret_5d"", ""CAT_vol_20d"", ""HON_zscore_60d__zrel__SJM_zscore_60d"", ""vix_momentum_3d"", ""NSRGY_ret_5d"", ""IBB_ret_1d""]",0.2468,0.4917,0.4756,0.3256,0.5429
2,STRESS,RandomForest,0,BASE_PLUS_OHLC,875,120,0,"[""VLO_ret_5d"", ""CMCSA_ret_5d"", ""HON_zscore_60d__zrel__SJM_zscore_60d"", ""HUM_ret_1d"", ""vix_momentum_3d"", ""IEF_ret_20d"", ""FRED_NFCI_zscore_60d__minus__IDX_VIX_ret_5d"", ""NSRGY_ret_5d""]",0.3235,0.5917,0.5833,0.4615,0.5753
2,STRESS,XGBoost,0,BASE,875,120,0,"[""VLO_ret_5d"", ""HUM_ret_1d"", ""CMCSA_ret_5d"", ""CAT_vol_20d"", ""HON_zscore_60d__zrel__SJM_zscore_60d"", ""vix_momentum_3d"", ""NSRGY_ret_5d"", ""IBB_ret_1d""]",0.2165,0.5,0.4754,0.383,0.4857
2,STRESS,XGBoost,0,BASE_PLUS_OHLC,875,120,0,"[""VLO_ret_5d"", ""CMCSA_ret_5d"", ""HON_zscore_60d__zrel__SJM_zscore_60d"", ""HUM_ret_1d"", ""vix_momentum_3d"", ""IEF_ret_20d"", ""FRED_NFCI_zscore_60d__minus__IDX_VIX_ret_5d"", ""NSRGY_ret_5d""]",0.2684,0.5667,0.5378,0.3043,0.507
2,STRESS,RandomForest,1,BASE,1145,48,0,"[""AAPL_zscore_60d"", ""vix_momentum_3d"", ""IDX_SKEW_ret_20d"", ""FRED_NFCI_zscore_60d__minus__IDX_VIX_ret_5d"", ""NSRGY_ret_5d"", ""CMCSA_ret_5d"", ""WMT_zscore_60d"", ""TTE_zscore_60d""]",0.2312,0.5417,0.5209,0.5556,0.7317
2,STRESS,RandomForest,1,BASE_PLUS_OHLC,1145,48,0,"[""AAPL_zscore_60d"", ""vix_momentum_3d"", ""FRED_NFCI_zscore_60d__minus__IDX_VIX_ret_5d"", ""IDX_SKEW_ret_20d"", ""NSRGY_ret_5d"", ""HON_zscore_60d__zrel__SJM_zscore_60d"", ""IDX_VIX_zscore_60d__minus__FRED_NFCI_ret_5d"", ""TTE_zscore_60d""]",0.2667,0.6042,0.5728,0.6316,0.7727
2,STRESS,XGBoost,1,BASE,1145,48,0,"[""AAPL_zscore_60d"", ""vix_momentum_3d"", ""IDX_SKEW_ret_20d"", ""FRED_NFCI_zscore_60d__minus__IDX_VIX_ret_5d"", ""NSRGY_ret_5d"", ""CMCSA_ret_5d"", ""WMT_zscore_60d"", ""TTE_zscore_60d""]",0.2559,0.6042,0.5956,0.6,0.7
2,STRESS,XGBoost,1,BASE_PLUS_OHLC,1145,48,0,"[""AAPL_zscore_60d"", ""vix_momentum_3d"", ""FRED_NFCI_zscore_60d__minus__IDX_VIX_ret_5d"", ""IDX_SKEW_ret_20d"", ""NSRGY_ret_5d"", ""HON_zscore_60d__zrel__SJM_zscore_60d"", ""IDX_VIX_zscore_60d__minus__FRED_NFCI_ret_5d"", ""TTE_zscore_60d""]",0.2156,0.5625,0.5279,0.375,0.7143
2,STRESS,RandomForest,2,BASE,1411,47,0,"[""IDX_N225_ret_1d"", ""IDX_SKEW_ret_20d"", ""EWH_ret_1d"", ""AAPL_zscore_60d"", ""ENB_ret_1d"", ""IBB_ret_5d"", ""HON_zscore_60d__zrel__SJM_zscore_60d"", ""IDX_VIX_zscore_60d__minus__HON_zscore_60d""]",0.1642,0.5957,0.4175,0.0,0.8302
2,STRESS,RandomForest,2,BASE_PLUS_OHLC,1411,47,0,"[""IDX_N225_ret_1d"", ""IDX_SKEW_ret_20d"", ""NSRGY_ret_5d"", ""AAPL_zscore_60d"", ""IDX_VIX_zscore_60d__minus__HON_zscore_60d"", ""FRED_NFCI_zscore_60d__minus__IDX_VIX_ret_5d"", ""EWH_ret_1d"", ""IDX_VIX_zscore_60d__minus__FRED_NFCI_ret_5d""]",0.1976,0.5106,0.4265,0.3529,0.7234
2,STRESS,XGBoost,2,BASE,1411,47,0,"[""IDX_N225_ret_1d"", ""IDX_SKEW_ret_20d"", ""EWH_ret_1d"", ""AAPL_zscore_60d"", ""ENB_ret_1d"", ""IBB_ret_5d"", ""HON_zscore_60d__zrel__SJM_zscore_60d"", ""IDX_VIX_zscore_60d__minus__HON_zscore_60d""]",0.1758,0.5532,0.4278,0.1333,0.76
2,STRESS,XGBoost,2,BASE_PLUS_OHLC,1411,47,0,"[""IDX_N225_ret_1d"", ""IDX_SKEW_ret_20d"", ""NSRGY_ret_5d"", ""AAPL_zscore_60d"", ""IDX_VIX_zscore_60d__minus__HON_zscore_60d"", ""FRED_NFCI_zscore_60d__minus__IDX_VIX_ret_5d"", ""EWH_ret_1d"", ""IDX_VIX_zscore_60d__minus__FRED_NFCI_ret_5d""]",0.175,0.4468,0.3635,0.25,0.7111
2,STRESS,RandomForest,3,BASE,1676,529,0,"[""IDX_SKEW_ret_20d"", ""vix_zscore_10d__zrel__EWC_zscore_60d"", ""EWH_ret_1d"", ""FRED_NFCI_zscore_60d__minus__IDX_VIX_ret_5d"", ""TAP_ret_5d"", ""NSRGY_ret_5d"", ""FRED_STLFSI_ret_5d"", ""IDX_N225_ret_1d""]",0.2756,0.5274,0.5149,0.2911,0.4585
2,STRESS,RandomForest,3,BASE_PLUS_OHLC,1676,529,0,"[""IDX_SKEW_ret_20d"", ""TAP_ret_5d"", ""FRED_STLFSI_ret_5d"", ""vix_zscore_10d__zrel__EWC_zscore_60d"", ""NSRGY_ret_5d"", ""IDX_N225_ret_1d"", ""FRED_NFCI_zscore_60d"", ""FRED_NFCI_zscore_60d__minus__IDX_VIX_ret_5d""]",0.2511,0.5066,0.4983,0.2767,0.4355
2,STRESS,XGBoost,3,BASE,1676,529,0,"[""IDX_SKEW_ret_20d"", ""vix_zscore_10d__zrel__EWC_zscore_60d"", ""EWH_ret_1d"", ""FRED_NFCI_zscore_60d__minus__IDX_VIX_ret_5d"", ""TAP_ret_5d"", ""NSRGY_ret_5d"", ""FRED_STLFSI_ret_5d"", ""IDX_N225_ret_1d""]",0.2944,0.5501,0.5387,0.4581,0.3544
2,STRESS,XGBoost,3,BASE_PLUS_OHLC,1676,529,0,"[""IDX_SKEW_ret_20d"", ""TAP_ret_5d"", ""FRED_STLFSI_ret_5d"", ""vix_zscore_10d__zrel__EWC_zscore_60d"", ""NSRGY_ret_5d"", ""IDX_N225_ret_1d"", ""FRED_NFCI_zscore_60d"", ""FRED_NFCI_zscore_60d__minus__IDX_VIX_ret_5d""]",0.2719,0.535,0.5249,0.386,0.3852
2,STRESS,RandomForest,4,BASE,1944,86,0,"[""QQQ_ret_1d"", ""IDX_VIX_zscore_60d__minus__FRED_NFCI_ret_5d"", ""FRED_NFCI_zscore_60d__minus__IDX_VIX_ret_5d"", ""IDX_N225_ret_1d"", ""VZ_ret_5d"", ""vix_zscore_10d__zrel__EWC_zscore_60d"", ""PG_ret_20d"", ""AMD_ret_5d""]",0.2215,0.5465,0.5232,0.5263,0.6761
2,STRESS,RandomForest,4,BASE_PLUS_OHLC,1944,86,0,"[""FRED_NFCI_zscore_60d__minus__IDX_VIX_ret_5d"", ""QQQ_ret_1d"", ""IDX_N225_ret_1d"", ""IDX_VIX_zscore_60d__minus__FRED_NFCI_ret_5d"", ""VZ_ret_5d"", ""PG_ret_20d"", ""vix_zscore_10d__zrel__EWC_zscore_60d"", ""COP_ret_1d""]",0.2538,0.5581,0.5379,0.6154,0.75
2,STRESS,XGBoost,4,BASE,1944,86,0,"[""QQQ_ret_1d"", ""IDX_VIX_zscore_60d__minus__FRED_NFCI_ret_5d"", ""FRED_NFCI_zscore_60d__minus__IDX_VIX_ret_5d"", ""IDX_N225_ret_1d"", ""VZ_ret_5d"", ""vix_zscore_10d__zrel__EWC_zscore_60d"", ""PG_ret_20d"", ""AMD_ret_5d""]",0.2454,0.5581,0.5423,0.6154,0.5758
2,STRESS,XGBoost,4,BASE_PLUS_OHLC,1944,86,0,"[""FRED_NFCI_zscore_60d__minus__IDX_VIX_ret_5d"", ""QQQ_ret_1d"", ""IDX_N225_ret_1d"", ""IDX_VIX_zscore_60d__minus__FRED_NFCI_ret_5d"", ""VZ_ret_5d"", ""PG_ret_20d"", ""vix_zscore_10d__zrel__EWC_zscore_60d"", ""COP_ret_1d""]",0.3069,0.5814,0.5521,0.5405,0.6471
3,GLOBAL,RandomForest,0,BASE,2686,813,0,"[""vix_zscore_10d__zrel__EWC_zscore_60d"", ""FRED_NFCI_zscore_60d__zrel__IDX_VIX_zscore_60d"", ""EWC_zscore_60d__prod__FRED_T10Y2Y_ret_5d"", ""SCHW_ret_1d"", ""vix_vs_ma10__zrel__SBUX_ret_5d"", ""IDX_VIX_zscore_60d__minus__VLO_zscore_60d"", ""SCHW_ret_5d"", ""ENB_ret_5d""]",0.3057,0.5744,0.5729,0.3071,0.6405
3,GLOBAL,RandomForest,0,BASE_PLUS_OHLC,2686,813,0,"[""vix_zscore_10d__zrel__EWC_zscore_60d"", ""FRED_NFCI_zscore_60d__zrel__IDX_VIX_zscore_60d"", ""EWC_zscore_60d__prod__FRED_T10Y2Y_ret_5d"", ""SCHW_ret_1d"", ""VIX_Residual"", ""AMGN_ret_5d"", ""SCHW_ret_5d"", ""XLP_ret_1d""]",0.3119,0.5597,0.5593,0.4026,0.6216
3,GLOBAL,XGBoost,0,BASE,2686,813,0,"[""vix_zscore_10d__zrel__EWC_zscore_60d"", ""FRED_NFCI_zscore_60d__zrel__IDX_VIX_zscore_60d"", ""EWC_zscore_60d__prod__FRED_T10Y2Y_ret_5d"", ""SCHW_ret_1d"", ""vix_vs_ma10__zrel__SBUX_ret_5d"", ""IDX_VIX_zscore_60d__minus__VLO_zscore_60d"", ""SCHW_ret_5d"", ""ENB_ret_5d""]",0.3081,0.556,0.5554,0.3856,0.5761
3,GLOBAL,XGBoost,0,BASE_PLUS_OHLC,2686,813,0,"[""vix_zscore_10d__zrel__EWC_zscore_60d"", ""FRED_NFCI_zscore_60d__zrel__IDX_VIX_zscore_60d"", ""EWC_zscore_60d__prod__FRED_T10Y2Y_ret_5d"", ""SCHW_ret_1d"", ""VIX_Residual"", ""AMGN_ret_5d"", ""SCHW_ret_5d"", ""XLP_ret_1d""]",0.3038,0.5535,0.5531,0.4025,0.5693
3,GLOBAL,RandomForest,1,BASE,3499,811,0,"[""vix_zscore_10d__zrel__EWC_zscore_60d"", ""FRED_NFCI_zscore_60d__zrel__IDX_VIX_zscore_60d"", ""vix_zscore_20d"", ""EWC_zscore_60d__prod__FRED_T10Y2Y_ret_5d"", ""FRED_NFCI_ret_5d"", ""ENB_ret_5d"", ""VZ_vol_20d"", ""ADM_ret_5d""]",0.3043,0.5956,0.5955,0.3503,0.6512
3,GLOBAL,RandomForest,1,BASE_PLUS_OHLC,3499,811,0,"[""vix_zscore_10d__zrel__EWC_zscore_60d"", ""FRED_NFCI_zscore_60d__zrel__IDX_VIX_zscore_60d"", ""EWC_zscore_60d__prod__FRED_T10Y2Y_ret_5d"", ""vix_zscore_20d"", ""AMZN_ret_5d"", ""FRED_NFCI_ret_5d"", ""VZ_vol_20d"", ""ADM_ret_5d""]",0.2794,0.5857,0.5856,0.2914,0.6223
3,GLOBAL,XGBoost,1,BASE,3499,811,0,"[""vix_zscore_10d__zrel__EWC_zscore_60d"", ""FRED_NFCI_zscore_60d__zrel__IDX_VIX_zscore_60d"", ""vix_zscore_20d"", ""EWC_zscore_60d__prod__FRED_T10Y2Y_ret_5d"", ""FRED_NFCI_ret_5d"", ""ENB_ret_5d"", ""VZ_vol_20d"", ""ADM_ret_5d""]",0.3229,0.5832,0.5832,0.4507,0.611
3,GLOBAL,XGBoost,1,BASE_PLUS_OHLC,3499,811,0,"[""vix_zscore_10d__zrel__EWC_zscore_60d"", ""FRED_NFCI_zscore_60d__zrel__IDX_VIX_zscore_60d"", ""EWC_zscore_60d__prod__FRED_T10Y2Y_ret_5d"", ""vix_zscore_20d"", ""AMZN_ret_5d"", ""FRED_NFCI_ret_5d"", ""VZ_vol_20d"", ""ADM_ret_5d""]",0.3258,0.5771,0.5771,0.4204,0.6069
3,GLOBAL,RandomForest,2,BASE,4310,808,0,"[""FRED_NFCI_ret_5d"", ""vix_zscore_10d__zrel__EWC_zscore_60d"", ""vix_zscore_20d"", ""PAYX_vol_20d"", ""EWC_zscore_60d__prod__FRED_T10Y2Y_ret_5d"", ""FRED_NFCI_zscore_60d__zrel__IDX_VIX_zscore_60d"", ""IDX_VIX_zscore_60d"", ""FRED_NFCI_zscore_60d__minus__IDX_VIX_ret_5d""]",0.3009,0.5792,0.5791,0.3048,0.6285
3,GLOBAL,RandomForest,2,BASE_PLUS_OHLC,4310,808,0,"[""vix_zscore_10d__zrel__EWC_zscore_60d"", ""FRED_NFCI_ret_5d"", ""vix_zscore_20d"", ""FRED_NFCI_zscore_60d__zrel__IDX_VIX_zscore_60d"", ""EWC_zscore_60d__prod__FRED_T10Y2Y_ret_5d"", ""PAYX_vol_20d"", ""IDX_VIX_zscore_60d"", ""FRED_STLFSI_zscore_60d""]",0.3116,0.5953,0.5951,0.3071,0.65
3,GLOBAL,XGBoost,2,BASE,4310,808,0,"[""FRED_NFCI_ret_5d"", ""vix_zscore_10d__zrel__EWC_zscore_60d"", ""vix_zscore_20d"", ""PAYX_vol_20d"", ""EWC_zscore_60d__prod__FRED_T10Y2Y_ret_5d"", ""FRED_NFCI_zscore_60d__zrel__IDX_VIX_zscore_60d"", ""IDX_VIX_zscore_60d"", ""FRED_NFCI_zscore_60d__minus__IDX_VIX_ret_5d""]",0.3237,0.5953,0.5953,0.4592,0.6293
3,GLOBAL,XGBoost,2,BASE_PLUS_OHLC,4310,808,0,"[""vix_zscore_10d__zrel__EWC_zscore_60d"", ""FRED_NFCI_ret_5d"", ""vix_zscore_20d"", ""FRED_NFCI_zscore_60d__zrel__IDX_VIX_zscore_60d"", ""EWC_zscore_60d__prod__FRED_T10Y2Y_ret_5d"", ""PAYX_vol_20d"", ""IDX_VIX_zscore_60d"", ""FRED_STLFSI_zscore_60d""]",0.3353,0.6064,0.6064,0.3925,0.6469
3,GLOBAL,RandomForest,3,BASE,5118,809,0,"[""FRED_NFCI_ret_5d"", ""vix_zscore_20d"", ""IDX_VIX_zscore_60d"", ""vix_zscore_10d__zrel__EWC_zscore_60d"", ""IDX_VIX_zscore_60d__minus__HON_zscore_60d"", ""FRED_STLFSI_zscore_60d"", ""VZ_vol_20d"", ""FRED_NFCI_zscore_60d__zrel__IDX_VIX_zscore_60d""]",0.3223,0.5797,0.5786,0.3912,0.5348
3,GLOBAL,RandomForest,3,BASE_PLUS_OHLC,5118,809,1,"[""FRED_NFCI_ret_5d"", ""vix_zscore_20d"", ""vix_zscore_10d__zrel__EWC_zscore_60d"", ""FRED_NFCI_zscore_60d__zrel__IDX_VIX_zscore_60d"", ""ohlc_vix_yz_10d"", ""IDX_VIX_zscore_60d"", ""vix_ma_20"", ""AMZN_zscore_60d""]",0.3176,0.5723,0.5601,0.3625,0.5459
3,GLOBAL,XGBoost,3,BASE,5118,809,0,"[""FRED_NFCI_ret_5d"", ""vix_zscore_20d"", ""IDX_VIX_zscore_60d"", ""vix_zscore_10d__zrel__EWC_zscore_60d"", ""IDX_VIX_zscore_60d__minus__HON_zscore_60d"", ""FRED_STLFSI_zscore_60d"", ""VZ_vol_20d"", ""FRED_NFCI_zscore_60d__zrel__IDX_VIX_zscore_60d""]",0.3273,0.5686,0.565,0.451,0.5399
3,GLOBAL,XGBoost,3,BASE_PLUS_OHLC,5118,809,1,"[""FRED_NFCI_ret_5d"", ""vix_zscore_20d"", ""vix_zscore_10d__zrel__EWC_zscore_60d"", ""FRED_NFCI_zscore_60d__zrel__IDX_VIX_zscore_60d"", ""ohlc_vix_yz_10d"", ""IDX_VIX_zscore_60d"", ""vix_ma_20"", ""AMZN_zscore_60d""]",0.3116,0.56,0.5445,0.381,0.5319
3,GLOBAL,RandomForest,4,BASE,5927,802,0,"[""FRED_NFCI_ret_5d"", ""IDX_VIX_zscore_60d"", ""vix_zscore_20d"", ""vix_zscore_10d__zrel__EWC_zscore_60d"", ""COST_vol_20d"", ""vix_vs_ma10__zrel__SBUX_ret_5d"", ""ACN_vol_20d"", ""VZ_vol_20d""]",0.3207,0.6047,0.602,0.2069,0.6444
3,GLOBAL,RandomForest,4,BASE_PLUS_OHLC,5927,802,0,"[""FRED_NFCI_ret_5d"", ""IDX_VIX_zscore_60d"", ""vix_zscore_20d"", ""vix_zscore_10d__zrel__EWC_zscore_60d"", ""FRED_STLFSI_zscore_60d"", ""vix_vs_ma10__zrel__SBUX_ret_5d"", ""spike_vix_over_3m"", ""COST_vol_20d""]",0.3082,0.611,0.6098,0.2185,0.6652
3,GLOBAL,XGBoost,4,BASE,5927,802,0,"[""FRED_NFCI_ret_5d"", ""IDX_VIX_zscore_60d"", ""vix_zscore_20d"", ""vix_zscore_10d__zrel__EWC_zscore_60d"", ""COST_vol_20d"", ""vix_vs_ma10__zrel__SBUX_ret_5d"", ""ACN_vol_20d"", ""VZ_vol_20d""]",0.3063,0.586,0.5834,0.1833,0.6311
3,GLOBAL,XGBoost,4,BASE_PLUS_OHLC,5927,802,0,"[""FRED_NFCI_ret_5d"", ""IDX_VIX_zscore_60d"", ""vix_zscore_20d"", ""vix_zscore_10d__zrel__EWC_zscore_60d"", ""FRED_STLFSI_zscore_60d"", ""vix_vs_ma10__zrel__SBUX_ret_5d"", ""spike_vix_over_3m"", ""COST_vol_20d""]",0.306,0.6035,0.6015,0.2782,0.6492
3,CALM,RandomForest,0,BASE,888,356,0,"[""IDX_VIX_zscore_60d__minus__HON_zscore_60d"", ""vix_zscore_10d__zrel__EWC_zscore_60d"", ""IDX_VIX_zscore_60d"", ""EWC_zscore_60d__prod__FRED_T10Y2Y_ret_5d"", ""ADM_ret_5d"", ""VLO_zscore_60d__prod__MKC_ret_20d"", ""CMCSA_ret_5d"", ""IDX_FTSE_ret_1d""]",0.2938,0.5281,0.517,0.3799,0.5191
3,CALM,RandomForest,0,BASE_PLUS_OHLC,888,356,0,"[""IDX_VIX_zscore_60d__minus__HON_zscore_60d"", ""vix_zscore_10d__zrel__EWC_zscore_60d"", ""EWC_zscore_60d__prod__FRED_T10Y2Y_ret_5d"", ""ADM_ret_5d"", ""IDX_VIX_zscore_60d"", ""BLK_ret_1d"", ""CMCSA_ret_5d"", ""PEP_ret_1d""]",0.2847,0.5506,0.5408,0.4577,0.5077
3,CALM,XGBoost,0,BASE,888,356,0,"[""IDX_VIX_zscore_60d__minus__HON_zscore_60d"", ""vix_zscore_10d__zrel__EWC_zscore_60d"", ""IDX_VIX_zscore_60d"", ""EWC_zscore_60d__prod__FRED_T10Y2Y_ret_5d"", ""ADM_ret_5d"", ""VLO_zscore_60d__prod__MKC_ret_20d"", ""CMCSA_ret_5d"", ""IDX_FTSE_ret_1d""]",0.2659,0.5253,0.5089,0.4388,0.4174
3,CALM,XGBoost,0,BASE_PLUS_OHLC,888,356,0,"[""IDX_VIX_zscore_60d__minus__HON_zscore_60d"", ""vix_zscore_10d__zrel__EWC_zscore_60d"", ""EWC_zscore_60d__prod__FRED_T10Y2Y_ret_5d"", ""ADM_ret_5d"", ""IDX_VIX_zscore_60d"", ""BLK_ret_1d"", ""CMCSA_ret_5d"", ""PEP_ret_1d""]",0.2801,0.5478,0.5375,0.4951,0.3894
3,CALM,RandomForest,1,BASE,1161,606,0,"[""IDX_VIX_zscore_60d__minus__HON_zscore_60d"", ""YUM_zscore_60d"", ""EWC_zscore_60d__prod__FRED_T10Y2Y_ret_5d"", ""vix_zscore_10d__zrel__EWC_zscore_60d"", ""TM_zscore_60d"", ""EWA_ret_1d"", ""IDX_AORD_ret_20d"", ""LLY_ret_1d""]",0.3347,0.5875,0.5872,0.4094,0.5741
3,CALM,RandomForest,1,BASE_PLUS_OHLC,1161,606,0,"[""IDX_VIX_zscore_60d__minus__HON_zscore_60d"", ""EWC_zscore_60d__prod__FRED_T10Y2Y_ret_5d"", ""YUM_zscore_60d"", ""vix_zscore_10d__zrel__EWC_zscore_60d"", ""TM_zscore_60d"", ""EWA_ret_1d"", ""IDX_AORD_ret_20d"", ""BMY_ret_5d""]",0.3011,0.5528,0.5528,0.3525,0.5697
3,CALM,XGBoost,1,BASE,1161,606,0,"[""IDX_VIX_zscore_60d__minus__HON_zscore_60d"", ""YUM_zscore_60d"", ""EWC_zscore_60d__prod__FRED_T10Y2Y_ret_5d"", ""vix_zscore_10d__zrel__EWC_zscore_60d"", ""TM_zscore_60d"", ""EWA_ret_1d"", ""IDX_AORD_ret_20d"", ""LLY_ret_1d""]",0.3061,0.5561,0.556,0.4091,0.4706
3,CALM,XGBoost,1,BASE_PLUS_OHLC,1161,606,0,"[""IDX_VIX_zscore_60d__minus__HON_zscore_60d"", ""EWC_zscore_60d__prod__FRED_T10Y2Y_ret_5d"", ""YUM_zscore_60d"", ""vix_zscore_10d__zrel__EWC_zscore_60d"", ""TM_zscore_60d"", ""EWA_ret_1d"", ""IDX_AORD_ret_20d"", ""BMY_ret_5d""]",0.2855,0.5512,0.5509,0.3506,0.4848
3,CALM,RandomForest,2,BASE,1423,536,0,"[""EWQ_zscore_60d"", ""IDX_VIX_zscore_60d__minus__HON_zscore_60d"", ""CL_vol_20d"", ""IWN_ret_5d"", ""FRED_NFCI_ret_5d"", ""IDX_VIX_zscore_60d__minus__FRED_NFCI_ret_5d"", ""IDX_AORD_ret_20d"", ""vix_zscore_10d__zrel__EWC_zscore_60d""]",0.326,0.5933,0.5923,0.2927,0.5984
3,CALM,RandomForest,2,BASE_PLUS_OHLC,1423,536,0,"[""EWQ_zscore_60d"", ""CL_vol_20d"", ""FRED_NFCI_ret_5d"", ""IDX_VIX_zscore_60d__minus__HON_zscore_60d"", ""heston_v0_minus_theta"", ""MSTR_ret_5d"", ""SMH_vol_20d"", ""IWN_ret_5d""]",0.3615,0.5877,0.5866,0.4087,0.5487
3,CALM,XGBoost,2,BASE,1423,536,0,"[""EWQ_zscore_60d"", ""IDX_VIX_zscore_60d__minus__HON_zscore_60d"", ""CL_vol_20d"", ""IWN_ret_5d"", ""FRED_NFCI_ret_5d"", ""IDX_VIX_zscore_60d__minus__FRED_NFCI_ret_5d"", ""IDX_AORD_ret_20d"", ""vix_zscore_10d__zrel__EWC_zscore_60d""]",0.3248,0.6119,0.6119,0.2844,0.592
3,CALM,XGBoost,2,BASE_PLUS_OHLC,1423,536,0,"[""EWQ_zscore_60d"", ""CL_vol_20d"", ""FRED_NFCI_ret_5d"", ""IDX_VIX_zscore_60d__minus__HON_zscore_60d"", ""heston_v0_minus_theta"", ""MSTR_ret_5d"", ""SMH_vol_20d"", ""IWN_ret_5d""]",0.34,0.5784,0.5755,0.3947,0.4857
3,CALM,RandomForest,4,BASE,1943,294,0,"[""FRED_NFCI_ret_5d"", ""vix_zscore_20d"", ""MSTR_ret_5d"", ""EWQ_zscore_60d"", ""EWQ_ret_5d"", ""IDX_VIX_zscore_60d__minus__HON_zscore_60d"", ""AVB_ret_1d"", ""YUM_zscore_60d""]",0.2705,0.4864,0.4838,0.24,0.4486
3,CALM,RandomForest,4,BASE_PLUS_OHLC,1943,294,0,"[""FRED_NFCI_ret_5d"", ""vix_zscore_20d"", ""MSTR_ret_5d"", ""AVB_ret_1d"", ""IWN_ret_5d"", ""EWQ_zscore_60d"", ""YUM_zscore_60d"", ""EWQ_ret_5d""]",0.2672,0.5102,0.5069,0.2128,0.4561
3,CALM,XGBoost,4,BASE,1943,294,0,"[""FRED_NFCI_ret_5d"", ""vix_zscore_20d"", ""MSTR_ret_5d"", ""EWQ_zscore_60d"", ""EWQ_ret_5d"", ""IDX_VIX_zscore_60d__minus__HON_zscore_60d"", ""AVB_ret_1d"", ""YUM_zscore_60d""]",0.2743,0.4966,0.4926,0.1895,0.4643
3,CALM,XGBoost,4,BASE_PLUS_OHLC,1943,294,0,"[""FRED_NFCI_ret_5d"", ""vix_zscore_20d"", ""MSTR_ret_5d"", ""AVB_ret_1d"", ""IWN_ret_5d"", ""EWQ_zscore_60d"", ""YUM_zscore_60d"", ""EWQ_ret_5d""]",0.2973,0.5272,0.5248,0.2737,0.4348
3,NORMAL,RandomForest,0,BASE,909,337,0,"[""MKC_ret_20d__minus__BAC_ret_20d"", ""vix_zscore_20d"", ""CSCO_ret_5d"", ""XLV_ret_5d"", ""LOW_ret_20d"", ""PLD_ret_5d"", ""COF_ret_5d"", ""TAP_ret_1d""]",0.2908,0.5816,0.5479,0.3551,0.661
3,NORMAL,RandomForest,0,BASE_PLUS_OHLC,909,337,1,"[""MKC_ret_20d__minus__BAC_ret_20d"", ""vix_zscore_10d"", ""XLV_ret_5d"", ""IYR_zscore_60d"", ""vix_zscore_20d"", ""IDX_DJI_zscore_60d"", ""PLD_ret_5d"", ""ohlc_vix_parkinson_10d""]",0.3279,0.5638,0.5429,0.4464,0.625
3,NORMAL,XGBoost,0,BASE,909,337,0,"[""MKC_ret_20d__minus__BAC_ret_20d"", ""vix_zscore_20d"", ""CSCO_ret_5d"", ""XLV_ret_5d"", ""LOW_ret_20d"", ""PLD_ret_5d"", ""COF_ret_5d"", ""TAP_ret_1d""]",0.2926,0.5816,0.5627,0.4696,0.5818
3,NORMAL,XGBoost,0,BASE_PLUS_OHLC,909,337,1,"[""MKC_ret_20d__minus__BAC_ret_20d"", ""vix_zscore_10d"", ""XLV_ret_5d"", ""IYR_zscore_60d"", ""vix_zscore_20d"", ""IDX_DJI_zscore_60d"", ""PLD_ret_5d"", ""ohlc_vix_parkinson_10d""]",0.3174,0.5668,0.562,0.4696,0.5052
3,NORMAL,RandomForest,1,BASE,1178,158,0,"[""IDX_VIX_zscore_60d__minus__FRED_NFCI_ret_5d"", ""vix_zscore_20d"", ""ABT_vol_20d"", ""ADM_ret_5d"", ""PSA_ret_5d"", ""FRED_NFCI_zscore_60d__zrel__IDX_VIX_zscore_60d"", ""IWN_ret_1d"", ""DIS_ret_5d""]",0.2434,0.5506,0.5246,0.4928,0.6618
3,NORMAL,RandomForest,1,BASE_PLUS_OHLC,1178,158,0,"[""IDX_VIX_zscore_60d__minus__FRED_NFCI_ret_5d"", ""vix_zscore_20d"", ""ADM_ret_5d"", ""WMT_ret_5d"", ""heston_ev_h7"", ""EWM_zscore_60d"", ""DIS_ret_5d"", ""PSA_ret_5d""]",0.2231,0.557,0.4763,0.1818,0.726
3,NORMAL,XGBoost,1,BASE,1178,158,0,"[""IDX_VIX_zscore_60d__minus__FRED_NFCI_ret_5d"", ""vix_zscore_20d"", ""ABT_vol_20d"", ""ADM_ret_5d"", ""PSA_ret_5d"", ""FRED_NFCI_zscore_60d__zrel__IDX_VIX_zscore_60d"", ""IWN_ret_1d"", ""DIS_ret_5d""]",0.2103,0.5,0.471,0.3,0.5254
3,NORMAL,XGBoost,1,BASE_PLUS_OHLC,1178,158,0,"[""IDX_VIX_zscore_60d__minus__FRED_NFCI_ret_5d"", ""vix_zscore_20d"", ""ADM_ret_5d"", ""WMT_ret_5d"", ""heston_ev_h7"", ""EWM_zscore_60d"", ""DIS_ret_5d"", ""PSA_ret_5d""]",0.1872,0.4747,0.4368,0.1429,0.6154
3,NORMAL,RandomForest,2,BASE,1458,224,0,"[""IDX_VIX_zscore_60d"", ""IDX_VIX_zscore_60d__minus__FRED_NFCI_ret_5d"", ""vix_vs_ma10__zrel__HD_vol_20d"", ""FRED_NFCI_vol_20d"", ""vix_zscore_20d"", ""FRED_NFCI_zscore_60d__zrel__IDX_VIX_zscore_60d"", ""SRE_ret_20d"", ""MET_zscore_60d""]",0.2481,0.5714,0.5189,0.359,0.7052
3,NORMAL,RandomForest,2,BASE_PLUS_OHLC,1458,224,0,"[""IDX_VIX_zscore_60d__minus__FRED_NFCI_ret_5d"", ""IDX_VIX_zscore_60d"", ""vix_vs_ma10__zrel__HD_vol_20d"", ""vix_zscore_20d"", ""FRED_NFCI_zscore_60d__zrel__IDX_VIX_zscore_60d"", ""SRE_ret_20d"", ""FRED_NFCI_vol_20d"", ""DIS_ret_5d""]",0.3059,0.5759,0.5156,0.3684,0.7108
3,NORMAL,XGBoost,2,BASE,1458,224,0,"[""IDX_VIX_zscore_60d"", ""IDX_VIX_zscore_60d__minus__FRED_NFCI_ret_5d"", ""vix_vs_ma10__zrel__HD_vol_20d"", ""FRED_NFCI_vol_20d"", ""vix_zscore_20d"", ""FRED_NFCI_zscore_60d__zrel__IDX_VIX_zscore_60d"", ""SRE_ret_20d"", ""MET_zscore_60d""]",0.2768,0.5714,0.5359,0.4471,0.6275
3,NORMAL,XGBoost,2,BASE_PLUS_OHLC,1458,224,0,"[""IDX_VIX_zscore_60d__minus__FRED_NFCI_ret_5d"", ""IDX_VIX_zscore_60d"", ""vix_vs_ma10__zrel__HD_vol_20d"", ""vix_zscore_20d"", ""FRED_NFCI_zscore_60d__zrel__IDX_VIX_zscore_60d"", ""SRE_ret_20d"", ""FRED_NFCI_vol_20d"", ""DIS_ret_5d""]",0.2531,0.5625,0.5209,0.321,0.6447
3,NORMAL,RandomForest,3,BASE,1740,279,0,"[""IDX_VIX_zscore_60d"", ""IDX_VIX_zscore_60d__minus__FRED_NFCI_ret_5d"", ""vix_zscore_20d"", ""FRED_NFCI_ret_5d"", ""QCOM_vol_20d"", ""FRED_NFCI_zscore_60d__zrel__IDX_VIX_zscore_60d"", ""heston_theta"", ""FRED_NFCI_vol_20d""]",0.3195,0.595,0.5948,0.3438,0.4719
3,NORMAL,RandomForest,3,BASE_PLUS_OHLC,1740,279,0,"[""IDX_VIX_zscore_60d"", ""IDX_VIX_zscore_60d__minus__FRED_NFCI_ret_5d"", ""FRED_NFCI_ret_5d"", ""vix_zscore_20d"", ""QCOM_vol_20d"", ""FRED_NFCI_vol_20d"", ""AVB_ret_5d"", ""SO_ret_5d""]",0.3204,0.6201,0.6153,0.2975,0.4156
3,NORMAL,XGBoost,3,BASE,1740,279,0,"[""IDX_VIX_zscore_60d"", ""IDX_VIX_zscore_60d__minus__FRED_NFCI_ret_5d"", ""vix_zscore_20d"", ""FRED_NFCI_ret_5d"", ""QCOM_vol_20d"", ""FRED_NFCI_zscore_60d__zrel__IDX_VIX_zscore_60d"", ""heston_theta"", ""FRED_NFCI_vol_20d""]",0.3076,0.5627,0.5618,0.4203,0.3902
3,NORMAL,XGBoost,3,BASE_PLUS_OHLC,1740,279,0,"[""IDX_VIX_zscore_60d"", ""IDX_VIX_zscore_60d__minus__FRED_NFCI_ret_5d"", ""FRED_NFCI_ret_5d"", ""vix_zscore_20d"", ""QCOM_vol_20d"", ""FRED_NFCI_vol_20d"", ""AVB_ret_5d"", ""SO_ret_5d""]",0.3177,0.5842,0.5809,0.449,0.3836
3,NORMAL,RandomForest,4,BASE,2018,422,0,"[""IDX_VIX_zscore_60d"", ""IDX_VIX_zscore_60d__minus__FRED_NFCI_ret_5d"", ""vix_zscore_20d"", ""IEF_vol_20d"", ""FRED_NFCI_ret_5d"", ""EQR_ret_5d"", ""MKC_ret_20d"", ""SRE_ret_20d""]",0.3094,0.5829,0.533,0.2273,0.6562
3,NORMAL,RandomForest,4,BASE_PLUS_OHLC,2018,422,0,"[""IDX_VIX_zscore_60d"", ""IDX_VIX_zscore_60d__minus__FRED_NFCI_ret_5d"", ""FRED_NFCI_ret_5d"", ""vix_zscore_20d"", ""IEF_vol_20d"", ""MCD_ret_5d"", ""EQR_ret_5d"", ""MKC_ret_20d""]",0.3117,0.5948,0.5405,0.2481,0.6544
3,NORMAL,XGBoost,4,BASE,2018,422,0,"[""IDX_VIX_zscore_60d"", ""IDX_VIX_zscore_60d__minus__FRED_NFCI_ret_5d"", ""vix_zscore_20d"", ""IEF_vol_20d"", ""FRED_NFCI_ret_5d"", ""EQR_ret_5d"", ""MKC_ret_20d"", ""SRE_ret_20d""]",0.3203,0.5948,0.547,0.2687,0.6245
3,NORMAL,XGBoost,4,BASE_PLUS_OHLC,2018,422,0,"[""IDX_VIX_zscore_60d"", ""IDX_VIX_zscore_60d__minus__FRED_NFCI_ret_5d"", ""FRED_NFCI_ret_5d"", ""vix_zscore_20d"", ""IEF_vol_20d"", ""MCD_ret_5d"", ""EQR_ret_5d"", ""MKC_ret_20d""]",0.3009,0.5782,0.5293,0.2481,0.6312
3,STRESS,RandomForest,0,BASE,889,120,0,"[""EQIX_ret_5d"", ""NSRGY_zscore_60d"", ""FRED_NFCI_zscore_60d__zrel__IDX_VIX_zscore_60d"", ""AVB_ret_1d"", ""VZ_vol_20d"", ""BP_ret_5d"", ""ENB_ret_5d"", ""GS_ret_5d""]",0.2618,0.4667,0.4643,0.5769,0.56
3,STRESS,RandomForest,0,BASE_PLUS_OHLC,889,120,0,"[""EQIX_ret_5d"", ""NSRGY_zscore_60d"", ""FRED_NFCI_zscore_60d__zrel__IDX_VIX_zscore_60d"", ""AVB_ret_1d"", ""VZ_vol_20d"", ""ENB_ret_5d"", ""EWA_ret_1d"", ""SBUX_vol_20d""]",0.2158,0.3833,0.3826,0.6415,0.3492
3,STRESS,XGBoost,0,BASE,889,120,0,"[""EQIX_ret_5d"", ""NSRGY_zscore_60d"", ""FRED_NFCI_zscore_60d__zrel__IDX_VIX_zscore_60d"", ""AVB_ret_1d"", ""VZ_vol_20d"", ""BP_ret_5d"", ""ENB_ret_5d"", ""GS_ret_5d""]",0.1883,0.3833,0.3818,0.4681,0.3333
3,STRESS,XGBoost,0,BASE_PLUS_OHLC,889,120,0,"[""EQIX_ret_5d"", ""NSRGY_zscore_60d"", ""FRED_NFCI_zscore_60d__zrel__IDX_VIX_zscore_60d"", ""AVB_ret_1d"", ""VZ_vol_20d"", ""ENB_ret_5d"", ""EWA_ret_1d"", ""SBUX_vol_20d""]",0.1933,0.4333,0.4327,0.52,0.4058
3,STRESS,RandomForest,1,BASE,1160,47,0,"[""EQIX_ret_5d"", ""AAPL_zscore_60d"", ""vix_zscore_5d"", ""FRED_NFCI_zscore_60d__minus__IDX_VIX_ret_5d"", ""GS_ret_5d"", ""NSRGY_ret_5d"", ""FRED_STLFSI_ret_5d"", ""FRED_NFCI_zscore_60d__zrel__IDX_VIX_zscore_60d""]",0.1972,0.5532,0.4278,0.4,0.7234
3,STRESS,RandomForest,1,BASE_PLUS_OHLC,1160,47,0,"[""EQIX_ret_5d"", ""vix_zscore_5d"", ""AAPL_zscore_60d"", ""GS_ret_5d"", ""FRED_NFCI_zscore_60d__minus__IDX_VIX_ret_5d"", ""NSRGY_ret_5d"", ""FRED_STLFSI_ret_5d"", ""vix_zscore_10d__zrel__EWC_zscore_60d""]",0.1806,0.5106,0.4024,0.4,0.6667
3,STRESS,XGBoost,1,BASE,1160,47,0,"[""EQIX_ret_5d"", ""AAPL_zscore_60d"", ""vix_zscore_5d"", ""FRED_NFCI_zscore_60d__minus__IDX_VIX_ret_5d"", ""GS_ret_5d"", ""NSRGY_ret_5d"", ""FRED_STLFSI_ret_5d"", ""FRED_NFCI_zscore_60d__zrel__IDX_VIX_zscore_60d""]",0.1926,0.4894,0.3896,0.2222,0.65
3,STRESS,XGBoost,1,BASE_PLUS_OHLC,1160,47,0,"[""EQIX_ret_5d"", ""vix_zscore_5d"", ""AAPL_zscore_60d"", ""GS_ret_5d"", ""FRED_NFCI_zscore_60d__minus__IDX_VIX_ret_5d"", ""NSRGY_ret_5d"", ""FRED_STLFSI_ret_5d"", ""vix_zscore_10d__zrel__EWC_zscore_60d""]",0.1944,0.4255,0.3696,0.4,0.5946
3,STRESS,RandomForest,2,BASE,1429,48,0,"[""vix_zscore_10d__zrel__EWC_zscore_60d"", ""FRED_NFCI_zscore_60d__zrel__IDX_VIX_zscore_60d"", ""AAPL_zscore_60d"", ""FRED_STLFSI_ret_5d"", ""FRED_NFCI_zscore_60d__minus__IDX_VIX_ret_5d"", ""COST_ret_5d"", ""NSRGY_ret_5d"", ""AMZN_zscore_60d""]",0.2539,0.5833,0.5556,0.8,0.6047
3,STRESS,RandomForest,2,BASE_PLUS_OHLC,1429,48,0,"[""AAPL_zscore_60d"", ""vix_zscore_10d__zrel__EWC_zscore_60d"", ""FRED_NFCI_zscore_60d__zrel__IDX_VIX_zscore_60d"", ""FRED_NFCI_zscore_60d__minus__IDX_VIX_ret_5d"", ""FRED_STLFSI_ret_5d"", ""COST_ret_5d"", ""EOG_vol_20d"", ""NSRGY_ret_5d""]",0.2056,0.5417,0.4991,0.5556,0.6047
3,STRESS,XGBoost,2,BASE,1429,48,0,"[""vix_zscore_10d__zrel__EWC_zscore_60d"", ""FRED_NFCI_zscore_60d__zrel__IDX_VIX_zscore_60d"", ""AAPL_zscore_60d"", ""FRED_STLFSI_ret_5d"", ""FRED_NFCI_zscore_60d__minus__IDX_VIX_ret_5d"", ""COST_ret_5d"", ""NSRGY_ret_5d"", ""AMZN_zscore_60d""]",0.3222,0.5833,0.5312,0.6667,0.6
3,STRESS,XGBoost,2,BASE_PLUS_OHLC,1429,48,0,"[""AAPL_zscore_60d"", ""vix_zscore_10d__zrel__EWC_zscore_60d"", ""FRED_NFCI_zscore_60d__zrel__IDX_VIX_zscore_60d"", ""FRED_NFCI_zscore_60d__minus__IDX_VIX_ret_5d"", ""FRED_STLFSI_ret_5d"", ""COST_ret_5d"", ""EOG_vol_20d"", ""NSRGY_ret_5d""]",0.3021,0.6042,0.5474,0.6667,0.5714
3,STRESS,RandomForest,3,BASE,1694,530,0,"[""vix_zscore_10d__zrel__EWC_zscore_60d"", ""FRED_NFCI_zscore_60d__zrel__IDX_VIX_zscore_60d"", ""NSRGY_zscore_60d"", ""vix_momentum_2d"", ""COST_ret_5d"", ""FRED_NFCI_zscore_60d__minus__IDX_VIX_ret_5d"", ""VZ_vol_20d"", ""FRED_STLFSI_ret_5d""]",0.2782,0.5226,0.5144,0.3892,0.4669
3,STRESS,RandomForest,3,BASE_PLUS_OHLC,1694,530,1,"[""vix_zscore_10d__zrel__EWC_zscore_60d"", ""FRED_NFCI_zscore_60d__zrel__IDX_VIX_zscore_60d"", ""ohlc_vix_yz_10d"", ""NSRGY_zscore_60d"", ""FRED_NFCI_zscore_60d__minus__IDX_VIX_ret_5d"", ""FRED_STLFSI_ret_5d"", ""SLB_vol_20d"", ""COST_ret_5d""]",0.3026,0.5585,0.5582,0.5385,0.5059
3,STRESS,XGBoost,3,BASE,1694,530,0,"[""vix_zscore_10d__zrel__EWC_zscore_60d"", ""FRED_NFCI_zscore_60d__zrel__IDX_VIX_zscore_60d"", ""NSRGY_zscore_60d"", ""vix_momentum_2d"", ""COST_ret_5d"", ""FRED_NFCI_zscore_60d__minus__IDX_VIX_ret_5d"", ""VZ_vol_20d"", ""FRED_STLFSI_ret_5d""]",0.267,0.5189,0.5049,0.4388,0.4286
3,STRESS,XGBoost,3,BASE_PLUS_OHLC,1694,530,1,"[""vix_zscore_10d__zrel__EWC_zscore_60d"", ""FRED_NFCI_zscore_60d__zrel__IDX_VIX_zscore_60d"", ""ohlc_vix_yz_10d"", ""NSRGY_zscore_60d"", ""FRED_NFCI_zscore_60d__minus__IDX_VIX_ret_5d"", ""FRED_STLFSI_ret_5d"", ""SLB_vol_20d"", ""COST_ret_5d""]",0.311,0.5887,0.5753,0.4771,0.4492
3,STRESS,RandomForest,4,BASE,1966,86,0,"[""P_stress_HMM"", ""NVDA_ret_5d"", ""vix_zscore_10d__zrel__EWC_zscore_60d"", ""FRED_NFCI_zscore_60d__zrel__IDX_VIX_zscore_60d"", ""AMD_zscore_60d"", ""EQIX_ret_5d"", ""vix_zscore_20d"", ""NSRGY_ret_20d""]",0.2953,0.5814,0.4925,0.3478,0.8095
3,STRESS,RandomForest,4,BASE_PLUS_OHLC,1966,86,1,"[""P_stress_HMM"", ""vix_zscore_10d__zrel__EWC_zscore_60d"", ""NVDA_ret_5d"", ""ohlc_vix_yz_10d"", ""FRED_NFCI_zscore_60d__zrel__IDX_VIX_zscore_60d"", ""FRED_NFCI_zscore_60d__minus__IDX_VIX_ret_5d"", ""AMD_ret_5d"", ""EQIX_ret_5d""]",0.2989,0.5814,0.5141,0.4,0.7857
3,STRESS,XGBoost,4,BASE,1966,86,0,"[""P_stress_HMM"", ""NVDA_ret_5d"", ""vix_zscore_10d__zrel__EWC_zscore_60d"", ""FRED_NFCI_zscore_60d__zrel__IDX_VIX_zscore_60d"", ""AMD_zscore_60d"", ""EQIX_ret_5d"", ""vix_zscore_20d"", ""NSRGY_ret_20d""]",0.3113,0.5698,0.4844,0.3478,0.7179
3,STRESS,XGBoost,4,BASE_PLUS_OHLC,1966,86,1,"[""P_stress_HMM"", ""vix_zscore_10d__zrel__EWC_zscore_60d"", ""NVDA_ret_5d"", ""ohlc_vix_yz_10d"", ""FRED_NFCI_zscore_60d__zrel__IDX_VIX_zscore_60d"", ""FRED_NFCI_zscore_60d__minus__IDX_VIX_ret_5d"", ""AMD_ret_5d"", ""EQIX_ret_5d""]",0.2764,0.5581,0.5137,0.3704,0.75
5,GLOBAL,RandomForest,0,BASE,2703,807,0,"[""FRED_NFCI_zscore_60d__zrel__IDX_VIX_zscore_60d"", ""vix_zscore_10d__zrel__EWC_zscore_60d"", ""vix_vs_ma10__zrel__SBUX_ret_5d"", ""MKC_ret_20d__minus__BAC_ret_20d"", ""FRED_NFCI_zscore_60d__minus__IDX_VIX_ret_5d"", ""IDX_VIX_zscore_60d__minus__VLO_zscore_60d"", ""IDX_VIX_zscore_60d__minus__HON_zscore_60d"", ""vix_vs_ma10__zrel__HD_vol_20d""]",0.3267,0.5874,0.5822,0.3642,0.6116
5,GLOBAL,RandomForest,0,BASE_PLUS_OHLC,2703,807,0,"[""FRED_NFCI_zscore_60d__zrel__IDX_VIX_zscore_60d"", ""MKC_ret_20d__minus__BAC_ret_20d"", ""IDX_VIX_zscore_60d__minus__HON_zscore_60d"", ""vix_zscore_10d__zrel__EWC_zscore_60d"", ""IDX_VIX_zscore_60d__minus__VLO_zscore_60d"", ""FRED_NFCI_zscore_60d__minus__IDX_VIX_ret_5d"", ""heston_var_ev_h1__minus__ASML_ret_20d"", ""vix_vs_ma10__zrel__HD_vol_20d""]",0.3176,0.575,0.5716,0.3807,0.613
5,GLOBAL,XGBoost,0,BASE,2703,807,0,"[""FRED_NFCI_zscore_60d__zrel__IDX_VIX_zscore_60d"", ""vix_zscore_10d__zrel__EWC_zscore_60d"", ""vix_vs_ma10__zrel__SBUX_ret_5d"", ""MKC_ret_20d__minus__BAC_ret_20d"", ""FRED_NFCI_zscore_60d__minus__IDX_VIX_ret_5d"", ""IDX_VIX_zscore_60d__minus__VLO_zscore_60d"", ""IDX_VIX_zscore_60d__minus__HON_zscore_60d"", ""vix_vs_ma10__zrel__HD_vol_20d""]",0.3355,0.601,0.5988,0.4469,0.5782
5,GLOBAL,XGBoost,0,BASE_PLUS_OHLC,2703,807,0,"[""FRED_NFCI_zscore_60d__zrel__IDX_VIX_zscore_60d"", ""MKC_ret_20d__minus__BAC_ret_20d"", ""IDX_VIX_zscore_60d__minus__HON_zscore_60d"", ""vix_zscore_10d__zrel__EWC_zscore_60d"", ""IDX_VIX_zscore_60d__minus__VLO_zscore_60d"", ""FRED_NFCI_zscore_60d__minus__IDX_VIX_ret_5d"", ""heston_var_ev_h1__minus__ASML_ret_20d"", ""vix_vs_ma10__zrel__HD_vol_20d""]",0.3318,0.5713,0.5669,0.3966,0.6264
5,GLOBAL,RandomForest,1,BASE,3510,816,0,"[""vix_zscore_10d__zrel__EWC_zscore_60d"", ""IDX_VIX_zscore_60d__minus__HON_zscore_60d"", ""FRED_NFCI_zscore_60d__zrel__IDX_VIX_zscore_60d"", ""vix_vs_ma10__zrel__SBUX_ret_5d"", ""FRED_NFCI_zscore_60d__minus__IDX_VIX_ret_5d"", ""EWC_zscore_60d__prod__FRED_T10Y2Y_ret_5d"", ""FRED_NFCI_zscore_60d__minus__IDX_VXN_ret_5d"", ""EBAY_ret_5d""]",0.3781,0.6336,0.6327,0.4342,0.6472
5,GLOBAL,RandomForest,1,BASE_PLUS_OHLC,3510,816,0,"[""vix_zscore_10d__zrel__EWC_zscore_60d"", ""vix_vs_ma10__zrel__SBUX_ret_5d"", ""FRED_NFCI_zscore_60d__zrel__IDX_VIX_zscore_60d"", ""IDX_VIX_zscore_60d__minus__HON_zscore_60d"", ""FRED_NFCI_zscore_60d__minus__IDX_VIX_ret_5d"", ""AMZN_ret_5d"", ""FRED_NFCI_zscore_60d__minus__IDX_VXN_ret_5d"", ""EWC_zscore_60d__prod__FRED_T10Y2Y_ret_5d""]",0.3724,0.6238,0.6235,0.4147,0.6417
5,GLOBAL,XGBoost,1,BASE,3510,816,0,"[""vix_zscore_10d__zrel__EWC_zscore_60d"", ""IDX_VIX_zscore_60d__minus__HON_zscore_60d"", ""FRED_NFCI_zscore_60d__zrel__IDX_VIX_zscore_60d"", ""vix_vs_ma10__zrel__SBUX_ret_5d"", ""FRED_NFCI_zscore_60d__minus__IDX_VIX_ret_5d"", ""EWC_zscore_60d__prod__FRED_T10Y2Y_ret_5d"", ""FRED_NFCI_zscore_60d__minus__IDX_VXN_ret_5d"", ""EBAY_ret_5d""]",0.3753,0.6262,0.6255,0.497,0.6194
5,GLOBAL,XGBoost,1,BASE_PLUS_OHLC,3510,816,0,"[""vix_zscore_10d__zrel__EWC_zscore_60d"", ""vix_vs_ma10__zrel__SBUX_ret_5d"", ""FRED_NFCI_zscore_60d__zrel__IDX_VIX_zscore_60d"", ""IDX_VIX_zscore_60d__minus__HON_zscore_60d"", ""FRED_NFCI_zscore_60d__minus__IDX_VIX_ret_5d"", ""AMZN_ret_5d"", ""FRED_NFCI_zscore_60d__minus__IDX_VXN_ret_5d"", ""EWC_zscore_60d__prod__FRED_T10Y2Y_ret_5d""]",0.3578,0.6054,0.6054,0.4458,0.5959
5,GLOBAL,RandomForest,2,BASE,4326,818,0,"[""FRED_NFCI_ret_5d"", ""IDX_VIX_zscore_60d__minus__HON_zscore_60d"", ""FRED_NFCI_zscore_60d__zrel__IDX_VIX_zscore_60d"", ""vix_zscore_10d__zrel__EWC_zscore_60d"", ""vix_vs_ma10__zrel__SBUX_ret_5d"", ""vix_zscore_20d"", ""FRED_NFCI_zscore_60d__minus__IDX_VIX_ret_5d"", ""vix_vs_ma10__zrel__HD_vol_20d""]",0.3807,0.6186,0.6182,0.3094,0.6552
5,GLOBAL,RandomForest,2,BASE_PLUS_OHLC,4326,818,0,"[""FRED_NFCI_ret_5d"", ""IDX_VIX_zscore_60d__minus__HON_zscore_60d"", ""FRED_NFCI_zscore_60d__zrel__IDX_VIX_zscore_60d"", ""vix_zscore_10d__zrel__EWC_zscore_60d"", ""vix_zscore_20d"", ""FRED_NFCI_zscore_60d__minus__IDX_VIX_ret_5d"", ""vix_vs_ma10__zrel__SBUX_ret_5d"", ""vix_vs_ma10__zrel__HD_vol_20d""]",0.3837,0.6161,0.6155,0.313,0.658
5,GLOBAL,XGBoost,2,BASE,4326,818,0,"[""FRED_NFCI_ret_5d"", ""IDX_VIX_zscore_60d__minus__HON_zscore_60d"", ""FRED_NFCI_zscore_60d__zrel__IDX_VIX_zscore_60d"", ""vix_zscore_10d__zrel__EWC_zscore_60d"", ""vix_vs_ma10__zrel__SBUX_ret_5d"", ""vix_zscore_20d"", ""FRED_NFCI_zscore_60d__minus__IDX_VIX_ret_5d"", ""vix_vs_ma10__zrel__HD_vol_20d""]",0.3697,0.6198,0.6198,0.3497,0.6422
5,GLOBAL,XGBoost,2,BASE_PLUS_OHLC,4326,818,0,"[""FRED_NFCI_ret_5d"", ""IDX_VIX_zscore_60d__minus__HON_zscore_60d"", ""FRED_NFCI_zscore_60d__zrel__IDX_VIX_zscore_60d"", ""vix_zscore_10d__zrel__EWC_zscore_60d"", ""vix_zscore_20d"", ""FRED_NFCI_zscore_60d__minus__IDX_VIX_ret_5d"", ""vix_vs_ma10__zrel__SBUX_ret_5d"", ""vix_vs_ma10__zrel__HD_vol_20d""]",0.3744,0.6259,0.6259,0.3521,0.6496
5,GLOBAL,RandomForest,3,BASE,5144,813,0,"[""FRED_NFCI_ret_5d"", ""IDX_VIX_zscore_60d__minus__HON_zscore_60d"", ""vix_zscore_20d"", ""FRED_NFCI_zscore_60d__zrel__IDX_VIX_zscore_60d"", ""vix_vs_ma10__zrel__SBUX_ret_5d"", ""FRED_NFCI_zscore_60d__minus__IDX_VIX_ret_5d"", ""BTI_ret_5d"", ""VZ_vol_20d""]",0.3331,0.5929,0.5858,0.4577,0.545
5,GLOBAL,RandomForest,3,BASE_PLUS_OHLC,5144,813,0,"[""FRED_NFCI_ret_5d"", ""IDX_VIX_zscore_60d__minus__HON_zscore_60d"", ""FRED_NFCI_zscore_60d__zrel__IDX_VIX_zscore_60d"", ""vix_zscore_20d"", ""VZ_vol_20d"", ""vix_vs_ma10__zrel__HD_vol_20d"", ""vix_zscore_10d__zrel__EWC_zscore_60d"", ""vix_vs_ma10__zrel__SBUX_ret_5d""]",0.3144,0.5953,0.5866,0.4,0.5389
5,GLOBAL,XGBoost,3,BASE,5144,813,0,"[""FRED_NFCI_ret_5d"", ""IDX_VIX_zscore_60d__minus__HON_zscore_60d"", ""vix_zscore_20d"", ""FRED_NFCI_zscore_60d__zrel__IDX_VIX_zscore_60d"", ""vix_vs_ma10__zrel__SBUX_ret_5d"", ""FRED_NFCI_zscore_60d__minus__IDX_VIX_ret_5d"", ""BTI_ret_5d"", ""VZ_vol_20d""]",0.3211,0.5806,0.5733,0.4737,0.5395
5,GLOBAL,XGBoost,3,BASE_PLUS_OHLC,5144,813,0,"[""FRED_NFCI_ret_5d"", ""IDX_VIX_zscore_60d__minus__HON_zscore_60d"", ""FRED_NFCI_zscore_60d__zrel__IDX_VIX_zscore_60d"", ""vix_zscore_20d"", ""VZ_vol_20d"", ""vix_vs_ma10__zrel__HD_vol_20d"", ""vix_zscore_10d__zrel__EWC_zscore_60d"", ""vix_vs_ma10__zrel__SBUX_ret_5d""]",0.3298,0.5806,0.5709,0.4802,0.5464
5,GLOBAL,RandomForest,4,BASE,5957,811,0,"[""FRED_NFCI_ret_5d"", ""IDX_VIX_zscore_60d"", ""IDX_VIX_zscore_60d__minus__HON_zscore_60d"", ""FRED_NFCI_zscore_60d__zrel__IDX_VIX_zscore_60d"", ""vix_vs_ma10__zrel__SBUX_ret_5d"", ""vix_zscore_20d"", ""VZ_vol_20d"", ""EWL_zscore_60d""]",0.3307,0.5882,0.5671,0.2439,0.6639
5,GLOBAL,RandomForest,4,BASE_PLUS_OHLC,5957,811,0,"[""FRED_NFCI_ret_5d"", ""IDX_VIX_zscore_60d"", ""IDX_VIX_zscore_60d__minus__HON_zscore_60d"", ""FRED_NFCI_zscore_60d__zrel__IDX_VIX_zscore_60d"", ""vix_vs_ma10__zrel__SBUX_ret_5d"", ""vix_zscore_20d"", ""spike_vix_over_3m"", ""VZ_vol_20d""]",0.3289,0.5956,0.5772,0.2381,0.6887
5,GLOBAL,XGBoost,4,BASE,5957,811,0,"[""FRED_NFCI_ret_5d"", ""IDX_VIX_zscore_60d"", ""IDX_VIX_zscore_60d__minus__HON_zscore_60d"", ""FRED_NFCI_zscore_60d__zrel__IDX_VIX_zscore_60d"", ""vix_vs_ma10__zrel__SBUX_ret_5d"", ""vix_zscore_20d"", ""VZ_vol_20d"", ""EWL_zscore_60d""]",0.305,0.5598,0.537,0.2481,0.6508
5,GLOBAL,XGBoost,4,BASE_PLUS_OHLC,5957,811,0,"[""FRED_NFCI_ret_5d"", ""IDX_VIX_zscore_60d"", ""IDX_VIX_zscore_60d__minus__HON_zscore_60d"", ""FRED_NFCI_zscore_60d__zrel__IDX_VIX_zscore_60d"", ""vix_vs_ma10__zrel__SBUX_ret_5d"", ""vix_zscore_20d"", ""spike_vix_over_3m"", ""VZ_vol_20d""]",0.3259,0.5882,0.5734,0.3146,0.6778
5,CALM,RandomForest,0,BASE,885,349,0,"[""IDX_VIX_zscore_60d__minus__HON_zscore_60d"", ""vix_zscore_10d__zrel__EWC_zscore_60d"", ""TM_ret_1d"", ""IDX_VIX_zscore_60d__zrel__HON_zscore_60d"", ""CVX_zscore_60d"", ""NSRGY_ret_20d"", ""BLK_ret_1d"", ""BP_zscore_60d""]",0.3017,0.5931,0.5899,0.4115,0.5755
5,CALM,RandomForest,0,BASE_PLUS_OHLC,885,349,0,"[""IDX_VIX_zscore_60d__minus__HON_zscore_60d"", ""vix_zscore_10d__zrel__EWC_zscore_60d"", ""TM_ret_1d"", ""IDX_VIX_zscore_60d__zrel__HON_zscore_60d"", ""CVX_zscore_60d"", ""BP_zscore_60d"", ""BLK_ret_1d"", ""EWS_ret_5d""]",0.3129,0.5874,0.5856,0.4293,0.5547
5,CALM,XGBoost,0,BASE,885,349,0,"[""IDX_VIX_zscore_60d__minus__HON_zscore_60d"", ""vix_zscore_10d__zrel__EWC_zscore_60d"", ""TM_ret_1d"", ""IDX_VIX_zscore_60d__zrel__HON_zscore_60d"", ""CVX_zscore_60d"", ""NSRGY_ret_20d"", ""BLK_ret_1d"", ""BP_zscore_60d""]",0.2844,0.5817,0.5752,0.4372,0.5797
5,CALM,XGBoost,0,BASE_PLUS_OHLC,885,349,0,"[""IDX_VIX_zscore_60d__minus__HON_zscore_60d"", ""vix_zscore_10d__zrel__EWC_zscore_60d"", ""TM_ret_1d"", ""IDX_VIX_zscore_60d__zrel__HON_zscore_60d"", ""CVX_zscore_60d"", ""BP_zscore_60d"", ""BLK_ret_1d"", ""EWS_ret_5d""]",0.2979,0.5645,0.559,0.38,0.563
5,CALM,RandomForest,1,BASE,1149,611,0,"[""IDX_VIX_zscore_60d__minus__HON_zscore_60d"", ""vix_zscore_10d__zrel__EWC_zscore_60d"", ""IDX_VIX_zscore_60d__zrel__HON_zscore_60d"", ""YUM_zscore_60d"", ""IDX_N225_zscore_60d"", ""EMR_ret_20d"", ""T_vol_20d"", ""FRED_NFCI_ret_5d""]",0.3694,0.6039,0.6037,0.5351,0.6458
5,CALM,RandomForest,1,BASE_PLUS_OHLC,1149,611,0,"[""IDX_VIX_zscore_60d__minus__HON_zscore_60d"", ""vix_zscore_10d__zrel__EWC_zscore_60d"", ""YUM_zscore_60d"", ""BTI_zscore_60d"", ""IDX_N225_zscore_60d"", ""IDX_VIX_zscore_60d__zrel__HON_zscore_60d"", ""FRED_NFCI_ret_5d"", ""EMR_ret_20d""]",0.3661,0.6137,0.613,0.4913,0.6367
5,CALM,XGBoost,1,BASE,1149,611,0,"[""IDX_VIX_zscore_60d__minus__HON_zscore_60d"", ""vix_zscore_10d__zrel__EWC_zscore_60d"", ""IDX_VIX_zscore_60d__zrel__HON_zscore_60d"", ""YUM_zscore_60d"", ""IDX_N225_zscore_60d"", ""EMR_ret_20d"", ""T_vol_20d"", ""FRED_NFCI_ret_5d""]",0.3662,0.6088,0.6078,0.5193,0.6306
5,CALM,XGBoost,1,BASE_PLUS_OHLC,1149,611,0,"[""IDX_VIX_zscore_60d__minus__HON_zscore_60d"", ""vix_zscore_10d__zrel__EWC_zscore_60d"", ""YUM_zscore_60d"", ""BTI_zscore_60d"", ""IDX_N225_zscore_60d"", ""IDX_VIX_zscore_60d__zrel__HON_zscore_60d"", ""FRED_NFCI_ret_5d"", ""EMR_ret_20d""]",0.3718,0.6056,0.6039,0.5071,0.6278
5,CALM,RandomForest,2,BASE,1419,546,0,"[""IDX_VIX_zscore_60d__minus__HON_zscore_60d"", ""FRED_NFCI_ret_5d"", ""vix_zscore_10d__zrel__EWC_zscore_60d"", ""LLY_zscore_60d"", ""vix_vs_ma10__zrel__HD_vol_20d"", ""EWC_ret_20d"", ""ASML_ret_5d"", ""MSTR_ret_20d""]",0.3419,0.5934,0.5934,0.3144,0.6615
5,CALM,RandomForest,2,BASE_PLUS_OHLC,1419,546,0,"[""IDX_VIX_zscore_60d__minus__HON_zscore_60d"", ""FRED_NFCI_ret_5d"", ""vix_zscore_10d__zrel__EWC_zscore_60d"", ""LLY_zscore_60d"", ""ASML_ret_5d"", ""vix_vs_ma10__zrel__HD_vol_20d"", ""IDX_VIX_zscore_60d__zrel__HON_zscore_60d"", ""EWC_ret_20d""]",0.3533,0.6081,0.6073,0.4223,0.6341
5,CALM,XGBoost,2,BASE,1419,546,0,"[""IDX_VIX_zscore_60d__minus__HON_zscore_60d"", ""FRED_NFCI_ret_5d"", ""vix_zscore_10d__zrel__EWC_zscore_60d"", ""LLY_zscore_60d"", ""vix_vs_ma10__zrel__HD_vol_20d"", ""EWC_ret_20d"", ""ASML_ret_5d"", ""MSTR_ret_20d""]",0.3427,0.6062,0.6035,0.3725,0.569
5,CALM,XGBoost,2,BASE_PLUS_OHLC,1419,546,0,"[""IDX_VIX_zscore_60d__minus__HON_zscore_60d"", ""FRED_NFCI_ret_5d"", ""vix_zscore_10d__zrel__EWC_zscore_60d"", ""LLY_zscore_60d"", ""ASML_ret_5d"", ""vix_vs_ma10__zrel__HD_vol_20d"", ""IDX_VIX_zscore_60d__zrel__HON_zscore_60d"", ""EWC_ret_20d""]",0.339,0.5934,0.5881,0.44,0.5455
5,CALM,RandomForest,4,BASE,1950,295,0,"[""FRED_NFCI_ret_5d"", ""IDX_VIX_zscore_60d__minus__HON_zscore_60d"", ""LLY_zscore_60d"", ""QQQ_ret_5d"", ""spx_abs_ret_max_5d"", ""XLY_vol_20d"", ""IGV_ret_20d"", ""vix_zscore_10d__zrel__EWC_zscore_60d""]",0.2265,0.4678,0.4588,0.0606,0.614
5,CALM,RandomForest,4,BASE_PLUS_OHLC,1950,295,0,"[""FRED_NFCI_ret_5d"", ""IDX_VIX_zscore_60d__minus__HON_zscore_60d"", ""LLY_zscore_60d"", ""spx_abs_ret_max_5d"", ""IGV_ret_20d"", ""QQQ_ret_5d"", ""COST_ret_5d"", ""vix_vs_ma10__zrel__HD_vol_20d""]",0.2168,0.4508,0.4508,0.0943,0.5614
5,CALM,XGBoost,4,BASE,1950,295,0,"[""FRED_NFCI_ret_5d"", ""IDX_VIX_zscore_60d__minus__HON_zscore_60d"", ""LLY_zscore_60d"", ""QQQ_ret_5d"", ""spx_abs_ret_max_5d"", ""XLY_vol_20d"", ""IGV_ret_20d"", ""vix_zscore_10d__zrel__EWC_zscore_60d""]",0.2437,0.5085,0.5062,0.0952,0.5789
5,CALM,XGBoost,4,BASE_PLUS_OHLC,1950,295,0,"[""FRED_NFCI_ret_5d"", ""IDX_VIX_zscore_60d__minus__HON_zscore_60d"", ""LLY_zscore_60d"", ""spx_abs_ret_max_5d"", ""IGV_ret_20d"", ""QQQ_ret_5d"", ""COST_ret_5d"", ""vix_vs_ma10__zrel__HD_vol_20d""]",0.2237,0.4678,0.4666,0.1897,0.5789
5,NORMAL,RandomForest,0,BASE,919,338,0,"[""vix_vs_ma10__zrel__HD_vol_20d"", ""MKC_ret_20d__minus__BAC_ret_20d"", ""CSCO_ret_5d"", ""IDX_VIX_zscore_60d__minus__FRED_NFCI_ret_5d"", ""BLK_vol_20d"", ""LOGI_ret_20d"", ""vix_mean_abs_ret_5d"", ""IBB_ret_5d""]",0.2904,0.5621,0.5123,0.3878,0.6829
5,NORMAL,RandomForest,0,BASE_PLUS_OHLC,919,338,0,"[""vix_vs_ma10__zrel__HD_vol_20d"", ""MKC_ret_20d__minus__BAC_ret_20d"", ""BLK_vol_20d"", ""IDX_VIX_zscore_60d__minus__FRED_NFCI_ret_5d"", ""FRED_STLFSI_ret_5d"", ""LOGI_ret_20d"", ""CSCO_ret_5d"", ""PPL_vol_20d""]",0.3284,0.6124,0.5279,0.2381,0.7407
5,NORMAL,XGBoost,0,BASE,919,338,0,"[""vix_vs_ma10__zrel__HD_vol_20d"", ""MKC_ret_20d__minus__BAC_ret_20d"", ""CSCO_ret_5d"", ""IDX_VIX_zscore_60d__minus__FRED_NFCI_ret_5d"", ""BLK_vol_20d"", ""LOGI_ret_20d"", ""vix_mean_abs_ret_5d"", ""IBB_ret_5d""]",0.3142,0.5651,0.5146,0.4167,0.642
5,NORMAL,XGBoost,0,BASE_PLUS_OHLC,919,338,0,"[""vix_vs_ma10__zrel__HD_vol_20d"", ""MKC_ret_20d__minus__BAC_ret_20d"", ""BLK_vol_20d"", ""IDX_VIX_zscore_60d__minus__FRED_NFCI_ret_5d"", ""FRED_STLFSI_ret_5d"", ""LOGI_ret_20d"", ""CSCO_ret_5d"", ""PPL_vol_20d""]",0.3186,0.5473,0.5067,0.3261,0.7054
5,NORMAL,RandomForest,1,BASE,1190,158,0,"[""vix_zscore_20d"", ""FRED_STLFSI_ret_5d"", ""vix_vs_ma10__zrel__SBUX_ret_5d"", ""SRE_ret_5d"", ""EBAY_ret_5d"", ""MKC_ret_20d__minus__BAC_ret_20d"", ""FRED_NFCI_zscore_60d__zrel__IDX_VIX_zscore_60d"", ""QCOM_ret_20d""]",0.2411,0.5759,0.5348,0.5517,0.6122
5,NORMAL,RandomForest,1,BASE_PLUS_OHLC,1190,158,0,"[""vix_zscore_20d"", ""vix_vs_ma10__zrel__SBUX_ret_5d"", ""FRED_STLFSI_ret_5d"", ""SRE_ret_5d"", ""EBAY_ret_5d"", ""spike_semivar_up_ratio_60d"", ""MKC_ret_20d__minus__BAC_ret_20d"", ""BBY_vol_20d""]",0.2105,0.5633,0.4743,0.4167,0.6447
5,NORMAL,XGBoost,1,BASE,1190,158,0,"[""vix_zscore_20d"", ""FRED_STLFSI_ret_5d"", ""vix_vs_ma10__zrel__SBUX_ret_5d"", ""SRE_ret_5d"", ""EBAY_ret_5d"", ""MKC_ret_20d__minus__BAC_ret_20d"", ""FRED_NFCI_zscore_60d__zrel__IDX_VIX_zscore_60d"", ""QCOM_ret_20d""]",0.2659,0.5443,0.5021,0.4706,0.5612
5,NORMAL,XGBoost,1,BASE_PLUS_OHLC,1190,158,0,"[""vix_zscore_20d"", ""vix_vs_ma10__zrel__SBUX_ret_5d"", ""FRED_STLFSI_ret_5d"", ""SRE_ret_5d"", ""EBAY_ret_5d"", ""spike_semivar_up_ratio_60d"", ""MKC_ret_20d__minus__BAC_ret_20d"", ""BBY_vol_20d""]",0.2207,0.5759,0.483,0.3556,0.5532
5,NORMAL,RandomForest,2,BASE,1469,224,0,"[""IDX_VIX_zscore_60d"", ""vix_zscore_20d"", ""FRED_NFCI_zscore_60d__zrel__IDX_VIX_zscore_60d"", ""FRED_NFCI_ret_5d"", ""FRED_NFCI_vol_20d"", ""EMR_ret_20d"", ""PFE_ret_5d"", ""vix_vol_of_vol_10d""]",0.2828,0.6429,0.5741,0.4,0.6383
5,NORMAL,RandomForest,2,BASE_PLUS_OHLC,1469,224,0,"[""IDX_VIX_zscore_60d"", ""vix_zscore_20d"", ""FRED_NFCI_zscore_60d__zrel__IDX_VIX_zscore_60d"", ""FRED_NFCI_ret_5d"", ""MMM_vol_20d"", ""WMT_vol_20d"", ""VRP"", ""M_vol_20d""]",0.2446,0.5491,0.5443,0.6667,0.5256
5,NORMAL,XGBoost,2,BASE,1469,224,0,"[""IDX_VIX_zscore_60d"", ""vix_zscore_20d"", ""FRED_NFCI_zscore_60d__zrel__IDX_VIX_zscore_60d"", ""FRED_NFCI_ret_5d"", ""FRED_NFCI_vol_20d"", ""EMR_ret_20d"", ""PFE_ret_5d"", ""vix_vol_of_vol_10d""]",0.2763,0.6562,0.5685,0.4211,0.6526
5,NORMAL,XGBoost,2,BASE_PLUS_OHLC,1469,224,0,"[""IDX_VIX_zscore_60d"", ""vix_zscore_20d"", ""FRED_NFCI_zscore_60d__zrel__IDX_VIX_zscore_60d"", ""FRED_NFCI_ret_5d"", ""MMM_vol_20d"", ""WMT_vol_20d"", ""VRP"", ""M_vol_20d""]",0.2295,0.5402,0.5334,0.62,0.529
5,NORMAL,RandomForest,3,BASE,1754,280,0,"[""IDX_VIX_zscore_60d"", ""vix_zscore_20d"", ""heston_theta"", ""FRED_NFCI_ret_5d"", ""FRED_NFCI_zscore_60d__zrel__IDX_VIX_zscore_60d"", ""vix_spx_corr_30d"", ""MCD_ret_5d"", ""spike_semivar_up_ratio_20d""]",0.343,0.5929,0.5928,0.5,0.5882
5,NORMAL,RandomForest,3,BASE_PLUS_OHLC,1754,280,0,"[""IDX_VIX_zscore_60d"", ""vix_zscore_20d"", ""FRED_NFCI_ret_5d"", ""FRED_NFCI_zscore_60d__zrel__IDX_VIX_zscore_60d"", ""heston_theta"", ""MCD_ret_5d"", ""impl_corr_proxy"", ""spike_semivar_up_ratio_20d""]",0.3063,0.5536,0.5536,0.4416,0.5854
5,NORMAL,XGBoost,3,BASE,1754,280,0,"[""IDX_VIX_zscore_60d"", ""vix_zscore_20d"", ""heston_theta"", ""FRED_NFCI_ret_5d"", ""FRED_NFCI_zscore_60d__zrel__IDX_VIX_zscore_60d"", ""vix_spx_corr_30d"", ""MCD_ret_5d"", ""spike_semivar_up_ratio_20d""]",0.3142,0.5786,0.5785,0.5089,0.5455
5,NORMAL,XGBoost,3,BASE_PLUS_OHLC,1754,280,0,"[""IDX_VIX_zscore_60d"", ""vix_zscore_20d"", ""FRED_NFCI_ret_5d"", ""FRED_NFCI_zscore_60d__zrel__IDX_VIX_zscore_60d"", ""heston_theta"", ""MCD_ret_5d"", ""impl_corr_proxy"", ""spike_semivar_up_ratio_20d""]",0.3178,0.5714,0.5713,0.5153,0.5641
5,NORMAL,RandomForest,4,BASE,2030,430,0,"[""IDX_VIX_zscore_60d"", ""vix_zscore_20d"", ""FRED_NFCI_ret_5d"", ""M_vol_20d"", ""FRED_NFCI_zscore_60d__zrel__IDX_VIX_zscore_60d"", ""vix_spx_corr_30d"", ""MCD_ret_5d"", ""MMM_vol_20d""]",0.3234,0.5721,0.5261,0.3088,0.6897
5,NORMAL,RandomForest,4,BASE_PLUS_OHLC,2030,430,0,"[""IDX_VIX_zscore_60d"", ""vix_zscore_20d"", ""FRED_NFCI_ret_5d"", ""M_vol_20d"", ""FRED_NFCI_zscore_60d__zrel__IDX_VIX_zscore_60d"", ""IDX_RUT_zscore_60d"", ""vix_spx_corr_30d"", ""IEF_zscore_60d""]",0.3086,0.5698,0.5487,0.3822,0.6667
5,NORMAL,XGBoost,4,BASE,2030,430,0,"[""IDX_VIX_zscore_60d"", ""vix_zscore_20d"", ""FRED_NFCI_ret_5d"", ""M_vol_20d"", ""FRED_NFCI_zscore_60d__zrel__IDX_VIX_zscore_60d"", ""vix_spx_corr_30d"", ""MCD_ret_5d"", ""MMM_vol_20d""]",0.3644,0.6047,0.5725,0.4937,0.6857
5,NORMAL,XGBoost,4,BASE_PLUS_OHLC,2030,430,0,"[""IDX_VIX_zscore_60d"", ""vix_zscore_20d"", ""FRED_NFCI_ret_5d"", ""M_vol_20d"", ""FRED_NFCI_zscore_60d__zrel__IDX_VIX_zscore_60d"", ""IDX_RUT_zscore_60d"", ""vix_spx_corr_30d"", ""IEF_zscore_60d""]",0.3195,0.5698,0.5591,0.4192,0.6417
5,STRESS,RandomForest,0,BASE,899,120,0,"[""FRED_NFCI_zscore_60d__zrel__IDX_VIX_zscore_60d"", ""FRED_NFCI_ret_5d__macross__SBUX_ret_5d"", ""EWC_zscore_60d__prod__FRED_T10Y2Y_ret_5d"", ""BTI_ret_5d"", ""EQIX_ret_5d"", ""vix_vs_ma10__zrel__SBUX_ret_5d"", ""ROST_ret_5d"", ""MS_ret_5d""]",0.3177,0.6,0.577,0.2326,0.6585
5,STRESS,RandomForest,0,BASE_PLUS_OHLC,899,120,0,"[""FRED_NFCI_zscore_60d__zrel__IDX_VIX_zscore_60d"", ""FRED_NFCI_ret_5d__macross__SBUX_ret_5d"", ""BTI_ret_5d"", ""MS_ret_5d"", ""EWC_zscore_60d__prod__FRED_T10Y2Y_ret_5d"", ""XLU_vol_20d"", ""EQIX_ret_5d"", ""kalman_filtered""]",0.2428,0.6,0.5554,0.1463,0.6364
5,STRESS,XGBoost,0,BASE,899,120,0,"[""FRED_NFCI_zscore_60d__zrel__IDX_VIX_zscore_60d"", ""FRED_NFCI_ret_5d__macross__SBUX_ret_5d"", ""EWC_zscore_60d__prod__FRED_T10Y2Y_ret_5d"", ""BTI_ret_5d"", ""EQIX_ret_5d"", ""vix_vs_ma10__zrel__SBUX_ret_5d"", ""ROST_ret_5d"", ""MS_ret_5d""]",0.2551,0.5167,0.4929,0.1,0.6216
5,STRESS,XGBoost,0,BASE_PLUS_OHLC,899,120,0,"[""FRED_NFCI_zscore_60d__zrel__IDX_VIX_zscore_60d"", ""FRED_NFCI_ret_5d__macross__SBUX_ret_5d"", ""BTI_ret_5d"", ""MS_ret_5d"", ""EWC_zscore_60d__prod__FRED_T10Y2Y_ret_5d"", ""XLU_vol_20d"", ""EQIX_ret_5d"", ""kalman_filtered""]",0.3123,0.5833,0.5593,0.2857,0.6265
5,STRESS,RandomForest,1,BASE,1171,47,0,"[""FRED_NFCI_zscore_60d__zrel__IDX_VIX_zscore_60d"", ""FRED_NFCI_ret_5d__macross__SBUX_ret_5d"", ""SBUX_ret_20d"", ""EWC_zscore_60d__prod__FRED_T10Y2Y_ret_5d"", ""FRED_NFCI_zscore_60d__minus__IDX_VIX_ret_5d"", ""XLU_vol_20d"", ""AAPL_zscore_60d"", ""MS_ret_5d""]",0.259,0.7447,0.5877,,0.8065
5,STRESS,RandomForest,1,BASE_PLUS_OHLC,1171,47,0,"[""FRED_NFCI_zscore_60d__zrel__IDX_VIX_zscore_60d"", ""FRED_NFCI_ret_5d__macross__SBUX_ret_5d"", ""EWC_zscore_60d__prod__FRED_T10Y2Y_ret_5d"", ""XLU_vol_20d"", ""FRED_NFCI_zscore_60d__minus__IDX_VIX_ret_5d"", ""SBUX_ret_20d"", ""AAPL_zscore_60d"", ""EWZ_zscore_60d""]",0.2946,0.8511,0.6876,,0.8824
5,STRESS,XGBoost,1,BASE,1171,47,0,"[""FRED_NFCI_zscore_60d__zrel__IDX_VIX_zscore_60d"", ""FRED_NFCI_ret_5d__macross__SBUX_ret_5d"", ""SBUX_ret_20d"", ""EWC_zscore_60d__prod__FRED_T10Y2Y_ret_5d"", ""FRED_NFCI_zscore_60d__minus__IDX_VIX_ret_5d"", ""XLU_vol_20d"", ""AAPL_zscore_60d"", ""MS_ret_5d""]",0.2541,0.7021,0.5554,,0.8197
5,STRESS,XGBoost,1,BASE_PLUS_OHLC,1171,47,0,"[""FRED_NFCI_zscore_60d__zrel__IDX_VIX_zscore_60d"", ""FRED_NFCI_ret_5d__macross__SBUX_ret_5d"", ""EWC_zscore_60d__prod__FRED_T10Y2Y_ret_5d"", ""XLU_vol_20d"", ""FRED_NFCI_zscore_60d__minus__IDX_VIX_ret_5d"", ""SBUX_ret_20d"", ""AAPL_zscore_60d"", ""EWZ_zscore_60d""]",0.2541,0.7447,0.5877,,0.8197
5,STRESS,RandomForest,2,BASE,1438,48,0,"[""FRED_NFCI_ret_5d__macross__SBUX_ret_5d"", ""FRED_NFCI_zscore_60d__minus__IDX_VIX_ret_5d"", ""vix_vs_ma10__zrel__SBUX_ret_5d"", ""FRED_NFCI_zscore_60d__zrel__IDX_VIX_zscore_60d"", ""SBUX_ret_20d"", ""EWZ_zscore_60d"", ""RTX_ret_5d"", ""EWC_zscore_60d__prod__FRED_T10Y2Y_ret_5d""]",0.2583,0.6458,0.6178,0.7619,0.5652
5,STRESS,RandomForest,2,BASE_PLUS_OHLC,1438,48,0,"[""FRED_NFCI_ret_5d__macross__SBUX_ret_5d"", ""FRED_NFCI_zscore_60d__minus__IDX_VIX_ret_5d"", ""FRED_NFCI_zscore_60d__zrel__IDX_VIX_zscore_60d"", ""vix_vs_ma10__zrel__SBUX_ret_5d"", ""EWZ_zscore_60d"", ""CTAS_ret_5d"", ""SBUX_ret_20d"", ""EWC_zscore_60d__prod__FRED_T10Y2Y_ret_5d""]",0.2629,0.625,0.6,0.7619,0.5652
5,STRESS,XGBoost,2,BASE,1438,48,0,"[""FRED_NFCI_ret_5d__macross__SBUX_ret_5d"", ""FRED_NFCI_zscore_60d__minus__IDX_VIX_ret_5d"", ""vix_vs_ma10__zrel__SBUX_ret_5d"", ""FRED_NFCI_zscore_60d__zrel__IDX_VIX_zscore_60d"", ""SBUX_ret_20d"", ""EWZ_zscore_60d"", ""RTX_ret_5d"", ""EWC_zscore_60d__prod__FRED_T10Y2Y_ret_5d""]",0.2228,0.5417,0.5385,0.8182,0.4286
5,STRESS,XGBoost,2,BASE_PLUS_OHLC,1438,48,0,"[""FRED_NFCI_ret_5d__macross__SBUX_ret_5d"", ""FRED_NFCI_zscore_60d__minus__IDX_VIX_ret_5d"", ""FRED_NFCI_zscore_60d__zrel__IDX_VIX_zscore_60d"", ""vix_vs_ma10__zrel__SBUX_ret_5d"", ""EWZ_zscore_60d"", ""CTAS_ret_5d"", ""SBUX_ret_20d"", ""EWC_zscore_60d__prod__FRED_T10Y2Y_ret_5d""]",0.223,0.6042,0.5956,0.6667,0.4651
5,STRESS,RandomForest,3,BASE,1706,533,0,"[""vix_zscore_10d__zrel__EWC_zscore_60d"", ""FRED_NFCI_ret_5d__macross__SBUX_ret_5d"", ""PAYX_zscore_60d"", ""AMT_ret_5d"", ""FRED_NFCI_zscore_60d__minus__IDX_VIX_ret_5d"", ""FRED_NFCI_zscore_60d__zrel__IDX_VIX_zscore_60d"", ""IDX_VXN_zscore_60d"", ""vix_vs_ma10__zrel__SBUX_ret_5d""]",0.3058,0.531,0.5046,0.4026,0.5353
5,STRESS,RandomForest,3,BASE_PLUS_OHLC,1706,533,0,"[""vix_zscore_10d__zrel__EWC_zscore_60d"", ""FRED_NFCI_ret_5d__macross__SBUX_ret_5d"", ""AMT_ret_5d"", ""PAYX_zscore_60d"", ""FRED_NFCI_zscore_60d__minus__IDX_VIX_ret_5d"", ""FRED_NFCI_zscore_60d__zrel__IDX_VIX_zscore_60d"", ""XLU_vol_20d"", ""vix_vs_ma10__zrel__SBUX_ret_5d""]",0.2935,0.5497,0.5343,0.3529,0.5294
5,STRESS,XGBoost,3,BASE,1706,533,0,"[""vix_zscore_10d__zrel__EWC_zscore_60d"", ""FRED_NFCI_ret_5d__macross__SBUX_ret_5d"", ""PAYX_zscore_60d"", ""AMT_ret_5d"", ""FRED_NFCI_zscore_60d__minus__IDX_VIX_ret_5d"", ""FRED_NFCI_zscore_60d__zrel__IDX_VIX_zscore_60d"", ""IDX_VXN_zscore_60d"", ""vix_vs_ma10__zrel__SBUX_ret_5d""]",0.3008,0.5291,0.5171,0.3975,0.4921
5,STRESS,XGBoost,3,BASE_PLUS_OHLC,1706,533,0,"[""vix_zscore_10d__zrel__EWC_zscore_60d"", ""FRED_NFCI_ret_5d__macross__SBUX_ret_5d"", ""AMT_ret_5d"", ""PAYX_zscore_60d"", ""FRED_NFCI_zscore_60d__minus__IDX_VIX_ret_5d"", ""FRED_NFCI_zscore_60d__zrel__IDX_VIX_zscore_60d"", ""XLU_vol_20d"", ""vix_vs_ma10__zrel__SBUX_ret_5d""]",0.2903,0.531,0.5149,0.3268,0.4711
5,STRESS,RandomForest,4,BASE,1977,86,0,"[""FRED_NFCI_zscore_60d__minus__IDX_VIX_ret_5d"", ""vix_vs_ma10__zrel__SBUX_ret_5d"", ""FRED_NFCI_ret_5d__macross__SBUX_ret_5d"", ""heston_v0_minus_theta"", ""FRED_NFCI_zscore_60d__zrel__IDX_VIX_zscore_60d"", ""IDX_VIX_zscore_60d"", ""AAPL_zscore_60d"", ""EWT_ret_1d""]",0.2184,0.6279,0.4788,0.3333,0.7708
5,STRESS,RandomForest,4,BASE_PLUS_OHLC,1977,86,0,"[""FRED_NFCI_ret_5d__macross__SBUX_ret_5d"", ""FRED_NFCI_zscore_60d__minus__IDX_VIX_ret_5d"", ""vix_vs_ma10__zrel__SBUX_ret_5d"", ""FRED_NFCI_zscore_60d__zrel__IDX_VIX_zscore_60d"", ""IDX_VIX_zscore_60d"", ""EWT_ret_1d"", ""ADBE_ret_1d"", ""AAPL_zscore_60d""]",0.2165,0.6279,0.4788,0.3333,0.7835
5,STRESS,XGBoost,4,BASE,1977,86,0,"[""FRED_NFCI_zscore_60d__minus__IDX_VIX_ret_5d"", ""vix_vs_ma10__zrel__SBUX_ret_5d"", ""FRED_NFCI_ret_5d__macross__SBUX_ret_5d"", ""heston_v0_minus_theta"", ""FRED_NFCI_zscore_60d__zrel__IDX_VIX_zscore_60d"", ""IDX_VIX_zscore_60d"", ""AAPL_zscore_60d"", ""EWT_ret_1d""]",0.2848,0.6744,0.5439,0.3158,0.7174
5,STRESS,XGBoost,4,BASE_PLUS_OHLC,1977,86,0,"[""FRED_NFCI_ret_5d__macross__SBUX_ret_5d"", ""FRED_NFCI_zscore_60d__minus__IDX_VIX_ret_5d"", ""vix_vs_ma10__zrel__SBUX_ret_5d"", ""FRED_NFCI_zscore_60d__zrel__IDX_VIX_zscore_60d"", ""IDX_VIX_zscore_60d"", ""EWT_ret_1d"", ""ADBE_ret_1d"", ""AAPL_zscore_60d""]",0.2918,0.6512,0.5114,0.3333,0.7755
