horizon,regime,fold,N,sampler,algo,n_train,n_test,test_start,test_end,F1_4cls,Acc_dir,F1_dir,F1_UP_FORT,F1_DOWN_FORT
1,GLOBAL,1,5,SMOTE,XGBoost,2542,758,2010-08-17,2013-10-21,0.2898,0.5567,0.5529,0.306,0.5153
1,GLOBAL,1,5,SMOTE,LightGBM,2542,758,2010-08-17,2013-10-21,0.271,0.5211,0.5156,0.2824,0.4987
1,GLOBAL,1,5,SMOTE,RandomForest,2542,758,2010-08-17,2013-10-21,0.294,0.5633,0.558,0.2591,0.5294
1,GLOBAL,1,5,SMOTE,GradientBoosting,2542,758,2010-08-17,2013-10-21,0.2915,0.5383,0.5333,0.289,0.522
1,GLOBAL,1,5,SMOTE,CatBoost,2542,758,2010-08-17,2013-10-21,,,,,,unhashable type: 'numpy.ndarray'
1,GLOBAL,1,5,BorderlineSMOTE,XGBoost,2542,758,2010-08-17,2013-10-21,0.2957,0.5475,0.5425,0.2966,0.5553
1,GLOBAL,1,5,BorderlineSMOTE,LightGBM,2542,758,2010-08-17,2013-10-21,0.2734,0.5303,0.5263,0.2738,0.48
1,GLOBAL,1,5,BorderlineSMOTE,RandomForest,2542,758,2010-08-17,2013-10-21,0.2706,0.562,0.5511,0.1992,0.4898
1,GLOBAL,1,5,BorderlineSMOTE,GradientBoosting,2542,758,2010-08-17,2013-10-21,0.2759,0.5383,0.5349,0.3026,0.492
1,GLOBAL,1,5,BorderlineSMOTE,CatBoost,2542,758,2010-08-17,2013-10-21,,,,,,unhashable type: 'numpy.ndarray'
1,GLOBAL,1,5,ADASYN,XGBoost,2542,758,2010-08-17,2013-10-21,0.2763,0.5501,0.5223,0.3197,0.4543
1,GLOBAL,1,5,ADASYN,LightGBM,2542,758,2010-08-17,2013-10-21,0.2653,0.5435,0.5389,0.2394,0.4615
1,GLOBAL,1,5,ADASYN,RandomForest,2542,758,2010-08-17,2013-10-21,0.2888,0.5646,0.5584,0.2745,0.5248
1,GLOBAL,1,5,ADASYN,GradientBoosting,2542,758,2010-08-17,2013-10-21,0.2612,0.5435,0.5239,0.3287,0.4578
1,GLOBAL,1,5,ADASYN,CatBoost,2542,758,2010-08-17,2013-10-21,,,,,,unhashable type: 'numpy.ndarray'
1,GLOBAL,1,5,SMOTETomek,XGBoost,2542,758,2010-08-17,2013-10-21,0.3041,0.5488,0.5445,0.2946,0.5495
1,GLOBAL,1,5,SMOTETomek,LightGBM,2542,758,2010-08-17,2013-10-21,0.2759,0.5409,0.5321,0.2748,0.514
1,GLOBAL,1,5,SMOTETomek,RandomForest,2542,758,2010-08-17,2013-10-21,0.2976,0.566,0.553,0.2531,0.595
1,GLOBAL,1,5,SMOTETomek,GradientBoosting,2542,758,2010-08-17,2013-10-21,0.2835,0.5369,0.5331,0.2868,0.5166
1,GLOBAL,1,5,SMOTETomek,CatBoost,2542,758,2010-08-17,2013-10-21,,,,,,unhashable type: 'numpy.ndarray'
1,GLOBAL,1,5,SMOTEENN,XGBoost,2542,758,2010-08-17,2013-10-21,0.2183,0.4894,0.4761,0.2939,0.415
1,GLOBAL,1,5,SMOTEENN,LightGBM,2542,758,2010-08-17,2013-10-21,0.2394,0.5119,0.5086,0.3217,0.442
1,GLOBAL,1,5,SMOTEENN,RandomForest,2542,758,2010-08-17,2013-10-21,0.25,0.5264,0.5255,0.3356,0.5101
1,GLOBAL,1,5,SMOTEENN,GradientBoosting,2542,758,2010-08-17,2013-10-21,0.2248,0.4921,0.484,0.3,0.4213
1,GLOBAL,1,5,SMOTEENN,CatBoost,2542,758,2010-08-17,2013-10-21,,,,,,unhashable type: 'numpy.ndarray'
1,GLOBAL,1,6,SMOTE,XGBoost,2542,758,2010-08-17,2013-10-21,0.2908,0.5369,0.5341,0.2857,0.5528
1,GLOBAL,1,6,SMOTE,LightGBM,2542,758,2010-08-17,2013-10-21,0.2683,0.5198,0.5149,0.2558,0.4779
1,GLOBAL,1,6,SMOTE,RandomForest,2542,758,2010-08-17,2013-10-21,0.2787,0.5554,0.5517,0.2333,0.5622
1,GLOBAL,1,6,SMOTE,GradientBoosting,2542,758,2010-08-17,2013-10-21,0.2993,0.5409,0.5372,0.3271,0.5231
1,GLOBAL,1,6,SMOTE,CatBoost,2542,758,2010-08-17,2013-10-21,,,,,,unhashable type: 'numpy.ndarray'
1,GLOBAL,1,6,BorderlineSMOTE,XGBoost,2542,758,2010-08-17,2013-10-21,0.2713,0.5264,0.5242,0.2824,0.4987
1,GLOBAL,1,6,BorderlineSMOTE,LightGBM,2542,758,2010-08-17,2013-10-21,0.2618,0.5251,0.5236,0.2717,0.4582
1,GLOBAL,1,6,BorderlineSMOTE,RandomForest,2542,758,2010-08-17,2013-10-21,0.2781,0.562,0.5568,0.2441,0.5147
1,GLOBAL,1,6,BorderlineSMOTE,GradientBoosting,2542,758,2010-08-17,2013-10-21,0.2593,0.5251,0.5233,0.2857,0.4365
1,GLOBAL,1,6,BorderlineSMOTE,CatBoost,2542,758,2010-08-17,2013-10-21,,,,,,unhashable type: 'numpy.ndarray'
1,GLOBAL,1,6,ADASYN,XGBoost,2542,758,2010-08-17,2013-10-21,0.2816,0.5541,0.5262,0.3162,0.4826
1,GLOBAL,1,6,ADASYN,LightGBM,2542,758,2010-08-17,2013-10-21,0.2632,0.5237,0.5206,0.2943,0.4415
1,GLOBAL,1,6,ADASYN,RandomForest,2542,758,2010-08-17,2013-10-21,0.2832,0.5475,0.54,0.2651,0.5359
1,GLOBAL,1,6,ADASYN,GradientBoosting,2542,758,2010-08-17,2013-10-21,0.2822,0.5567,0.5355,0.3043,0.4796
1,GLOBAL,1,6,ADASYN,CatBoost,2542,758,2010-08-17,2013-10-21,,,,,,unhashable type: 'numpy.ndarray'
1,GLOBAL,1,6,SMOTETomek,XGBoost,2542,758,2010-08-17,2013-10-21,0.2907,0.5475,0.5469,0.3345,0.5313
1,GLOBAL,1,6,SMOTETomek,LightGBM,2542,758,2010-08-17,2013-10-21,0.2867,0.5435,0.5394,0.3162,0.4747
1,GLOBAL,1,6,SMOTETomek,RandomForest,2542,758,2010-08-17,2013-10-21,0.2774,0.5686,0.5631,0.248,0.5476
1,GLOBAL,1,6,SMOTETomek,GradientBoosting,2542,758,2010-08-17,2013-10-21,0.2794,0.5554,0.5545,0.2889,0.4987
1,GLOBAL,1,6,SMOTETomek,CatBoost,2542,758,2010-08-17,2013-10-21,,,,,,unhashable type: 'numpy.ndarray'
1,GLOBAL,1,6,SMOTEENN,XGBoost,2542,758,2010-08-17,2013-10-21,0.2308,0.4987,0.4777,0.2868,0.4294
1,GLOBAL,1,6,SMOTEENN,LightGBM,2542,758,2010-08-17,2013-10-21,0.2406,0.5,0.4882,0.3411,0.3884
1,GLOBAL,1,6,SMOTEENN,RandomForest,2542,758,2010-08-17,2013-10-21,0.2499,0.5264,0.522,0.3746,0.48
1,GLOBAL,1,6,SMOTEENN,GradientBoosting,2542,758,2010-08-17,2013-10-21,0.2219,0.4908,0.4711,0.3191,0.3894
1,GLOBAL,1,6,SMOTEENN,CatBoost,2542,758,2010-08-17,2013-10-21,,,,,,unhashable type: 'numpy.ndarray'
1,GLOBAL,1,7,SMOTE,XGBoost,2542,758,2010-08-17,2013-10-21,0.2826,0.533,0.529,0.2824,0.4921
1,GLOBAL,1,7,SMOTE,LightGBM,2542,758,2010-08-17,2013-10-21,0.2658,0.5145,0.5101,0.278,0.4632
1,GLOBAL,1,7,SMOTE,RandomForest,2542,758,2010-08-17,2013-10-21,0.2963,0.566,0.5604,0.272,0.5088
1,GLOBAL,1,7,SMOTE,GradientBoosting,2542,758,2010-08-17,2013-10-21,0.2845,0.5198,0.5163,0.2802,0.4824
1,GLOBAL,1,7,SMOTE,CatBoost,2542,758,2010-08-17,2013-10-21,,,,,,unhashable type: 'numpy.ndarray'
1,GLOBAL,1,7,BorderlineSMOTE,XGBoost,2542,758,2010-08-17,2013-10-21,0.2963,0.5541,0.5509,0.3118,0.4624
1,GLOBAL,1,7,BorderlineSMOTE,LightGBM,2542,758,2010-08-17,2013-10-21,0.2584,0.5092,0.5063,0.3146,0.4011
1,GLOBAL,1,7,BorderlineSMOTE,RandomForest,2542,758,2010-08-17,2013-10-21,0.2903,0.5488,0.5435,0.2969,0.4737
1,GLOBAL,1,7,BorderlineSMOTE,GradientBoosting,2542,758,2010-08-17,2013-10-21,0.2858,0.533,0.5309,0.3088,0.4878
1,GLOBAL,1,7,BorderlineSMOTE,CatBoost,2542,758,2010-08-17,2013-10-21,,,,,,unhashable type: 'numpy.ndarray'
1,GLOBAL,1,7,ADASYN,XGBoost,2542,758,2010-08-17,2013-10-21,0.2729,0.5383,0.508,0.3407,0.4396
1,GLOBAL,1,7,ADASYN,LightGBM,2542,758,2010-08-17,2013-10-21,0.2677,0.5211,0.515,0.2846,0.4358
1,GLOBAL,1,7,ADASYN,RandomForest,2542,758,2010-08-17,2013-10-21,0.2954,0.566,0.5631,0.2902,0.4779
1,GLOBAL,1,7,ADASYN,GradientBoosting,2542,758,2010-08-17,2013-10-21,0.2777,0.5594,0.5349,0.3416,0.4401
1,GLOBAL,1,7,ADASYN,CatBoost,2542,758,2010-08-17,2013-10-21,,,,,,unhashable type: 'numpy.ndarray'
1,GLOBAL,1,7,SMOTETomek,XGBoost,2542,758,2010-08-17,2013-10-21,0.2788,0.5224,0.5212,0.2824,0.4947
1,GLOBAL,1,7,SMOTETomek,LightGBM,2542,758,2010-08-17,2013-10-21,0.2731,0.5224,0.5176,0.2912,0.4211
1,GLOBAL,1,7,SMOTETomek,RandomForest,2542,758,2010-08-17,2013-10-21,0.2952,0.5449,0.5385,0.2594,0.52
1,GLOBAL,1,7,SMOTETomek,GradientBoosting,2542,758,2010-08-17,2013-10-21,0.2651,0.5198,0.5184,0.3,0.4438
1,GLOBAL,1,7,SMOTETomek,CatBoost,2542,758,2010-08-17,2013-10-21,,,,,,unhashable type: 'numpy.ndarray'
1,GLOBAL,1,7,SMOTEENN,XGBoost,2542,758,2010-08-17,2013-10-21,0.2313,0.5119,0.5032,0.2996,0.4558
1,GLOBAL,1,7,SMOTEENN,LightGBM,2542,758,2010-08-17,2013-10-21,0.2687,0.504,0.4992,0.3728,0.4333
1,GLOBAL,1,7,SMOTEENN,RandomForest,2542,758,2010-08-17,2013-10-21,0.2457,0.5066,0.5021,0.3125,0.4894
1,GLOBAL,1,7,SMOTEENN,GradientBoosting,2542,758,2010-08-17,2013-10-21,0.2499,0.5172,0.5117,0.3271,0.4737
1,GLOBAL,1,7,SMOTEENN,CatBoost,2542,758,2010-08-17,2013-10-21,,,,,,unhashable type: 'numpy.ndarray'
1,GLOBAL,1,8,SMOTE,XGBoost,2542,758,2010-08-17,2013-10-21,0.317,0.5528,0.549,0.3359,0.5131
1,GLOBAL,1,8,SMOTE,LightGBM,2542,758,2010-08-17,2013-10-21,0.3035,0.5475,0.5439,0.3723,0.4652
1,GLOBAL,1,8,SMOTE,RandomForest,2542,758,2010-08-17,2013-10-21,0.3095,0.566,0.5557,0.28,0.5583
1,GLOBAL,1,8,SMOTE,GradientBoosting,2542,758,2010-08-17,2013-10-21,0.2942,0.529,0.5227,0.317,0.5039
1,GLOBAL,1,8,SMOTE,CatBoost,2542,758,2010-08-17,2013-10-21,,,,,,unhashable type: 'numpy.ndarray'
1,GLOBAL,1,8,BorderlineSMOTE,XGBoost,2542,758,2010-08-17,2013-10-21,0.2911,0.5541,0.5507,0.3173,0.5337
1,GLOBAL,1,8,BorderlineSMOTE,LightGBM,2542,758,2010-08-17,2013-10-21,0.2819,0.533,0.5306,0.3094,0.4754
1,GLOBAL,1,8,BorderlineSMOTE,RandomForest,2542,758,2010-08-17,2013-10-21,0.2954,0.5567,0.5333,0.2688,0.5694
1,GLOBAL,1,8,BorderlineSMOTE,GradientBoosting,2542,758,2010-08-17,2013-10-21,0.2969,0.5515,0.5464,0.2769,0.5158
1,GLOBAL,1,8,BorderlineSMOTE,CatBoost,2542,758,2010-08-17,2013-10-21,,,,,,unhashable type: 'numpy.ndarray'
1,GLOBAL,1,8,ADASYN,XGBoost,2542,758,2010-08-17,2013-10-21,0.2946,0.5462,0.5227,0.3358,0.4946
1,GLOBAL,1,8,ADASYN,LightGBM,2542,758,2010-08-17,2013-10-21,0.2645,0.5277,0.5224,0.303,0.4474
1,GLOBAL,1,8,ADASYN,RandomForest,2542,758,2010-08-17,2013-10-21,0.305,0.5594,0.5464,0.2969,0.5598
1,GLOBAL,1,8,ADASYN,GradientBoosting,2542,758,2010-08-17,2013-10-21,0.2913,0.5462,0.5245,0.3395,0.4636
1,GLOBAL,1,8,ADASYN,CatBoost,2542,758,2010-08-17,2013-10-21,,,,,,unhashable type: 'numpy.ndarray'
1,GLOBAL,1,8,SMOTETomek,XGBoost,2542,758,2010-08-17,2013-10-21,0.3068,0.5396,0.5392,0.3852,0.4837
1,GLOBAL,1,8,SMOTETomek,LightGBM,2542,758,2010-08-17,2013-10-21,0.3098,0.5488,0.5445,0.3704,0.4813
1,GLOBAL,1,8,SMOTETomek,RandomForest,2542,758,2010-08-17,2013-10-21,0.3071,0.5594,0.5492,0.28,0.5837
1,GLOBAL,1,8,SMOTETomek,GradientBoosting,2542,758,2010-08-17,2013-10-21,0.308,0.5422,0.5419,0.4043,0.4681
1,GLOBAL,1,8,SMOTETomek,CatBoost,2542,758,2010-08-17,2013-10-21,,,,,,unhashable type: 'numpy.ndarray'
1,GLOBAL,1,8,SMOTEENN,XGBoost,2542,758,2010-08-17,2013-10-21,0.2386,0.5066,0.4971,0.289,0.4444
1,GLOBAL,1,8,SMOTEENN,LightGBM,2542,758,2010-08-17,2013-10-21,0.2553,0.5251,0.5197,0.29,0.4573
1,GLOBAL,1,8,SMOTEENN,RandomForest,2542,758,2010-08-17,2013-10-21,0.2517,0.5106,0.5017,0.3249,0.4394
1,GLOBAL,1,8,SMOTEENN,GradientBoosting,2542,758,2010-08-17,2013-10-21,0.257,0.5185,0.5108,0.3395,0.4565
1,GLOBAL,1,8,SMOTEENN,CatBoost,2542,758,2010-08-17,2013-10-21,,,,,,unhashable type: 'numpy.ndarray'
1,GLOBAL,1,9,SMOTE,XGBoost,2542,758,2010-08-17,2013-10-21,0.3111,0.5646,0.5602,0.3285,0.5464
1,GLOBAL,1,9,SMOTE,LightGBM,2542,758,2010-08-17,2013-10-21,0.2803,0.5369,0.5313,0.3026,0.4934
1,GLOBAL,1,9,SMOTE,RandomForest,2542,758,2010-08-17,2013-10-21,0.3185,0.5686,0.5581,0.2651,0.5877
1,GLOBAL,1,9,SMOTE,GradientBoosting,2542,758,2010-08-17,2013-10-21,0.2929,0.5369,0.5305,0.3488,0.5052
1,GLOBAL,1,9,SMOTE,CatBoost,2542,758,2010-08-17,2013-10-21,,,,,,unhashable type: 'numpy.ndarray'
1,GLOBAL,1,9,BorderlineSMOTE,XGBoost,2542,758,2010-08-17,2013-10-21,0.2916,0.5343,0.5272,0.2966,0.532
1,GLOBAL,1,9,BorderlineSMOTE,LightGBM,2542,758,2010-08-17,2013-10-21,0.291,0.5567,0.5512,0.306,0.4908
1,GLOBAL,1,9,BorderlineSMOTE,RandomForest,2542,758,2010-08-17,2013-10-21,0.3193,0.5752,0.5564,0.3113,0.5748
1,GLOBAL,1,9,BorderlineSMOTE,GradientBoosting,2542,758,2010-08-17,2013-10-21,0.2981,0.5449,0.536,0.306,0.5104
1,GLOBAL,1,9,BorderlineSMOTE,CatBoost,2542,758,2010-08-17,2013-10-21,,,,,,unhashable type: 'numpy.ndarray'
1,GLOBAL,1,9,ADASYN,XGBoost,2542,758,2010-08-17,2013-10-21,0.3006,0.5475,0.5168,0.3182,0.5146
1,GLOBAL,1,9,ADASYN,LightGBM,2542,758,2010-08-17,2013-10-21,0.2989,0.5383,0.5325,0.3321,0.5144
1,GLOBAL,1,9,ADASYN,RandomForest,2542,758,2010-08-17,2013-10-21,0.3191,0.5699,0.5488,0.264,0.6037
1,GLOBAL,1,9,ADASYN,GradientBoosting,2542,758,2010-08-17,2013-10-21,0.3004,0.5501,0.5266,0.3406,0.5185
1,GLOBAL,1,9,ADASYN,CatBoost,2542,758,2010-08-17,2013-10-21,,,,,,unhashable type: 'numpy.ndarray'
1,GLOBAL,1,9,SMOTETomek,XGBoost,2542,758,2010-08-17,2013-10-21,0.3069,0.558,0.555,0.3682,0.5139
1,GLOBAL,1,9,SMOTETomek,LightGBM,2542,758,2010-08-17,2013-10-21,0.3039,0.5686,0.5628,0.3546,0.5367
1,GLOBAL,1,9,SMOTETomek,RandomForest,2542,758,2010-08-17,2013-10-21,0.3005,0.558,0.5398,0.2407,0.6005
1,GLOBAL,1,9,SMOTETomek,GradientBoosting,2542,758,2010-08-17,2013-10-21,0.2922,0.5383,0.5368,0.3706,0.4595
1,GLOBAL,1,9,SMOTETomek,CatBoost,2542,758,2010-08-17,2013-10-21,,,,,,unhashable type: 'numpy.ndarray'
1,GLOBAL,1,9,SMOTEENN,XGBoost,2542,758,2010-08-17,2013-10-21,0.2333,0.5449,0.5443,0.1558,0.5468
1,GLOBAL,1,9,SMOTEENN,LightGBM,2542,758,2010-08-17,2013-10-21,0.2491,0.5303,0.5303,0.2,0.5075
1,GLOBAL,1,9,SMOTEENN,RandomForest,2542,758,2010-08-17,2013-10-21,0.3019,0.5515,0.5512,0.2731,0.5578
1,GLOBAL,1,9,SMOTEENN,GradientBoosting,2542,758,2010-08-17,2013-10-21,0.246,0.5303,0.5296,0.1941,0.5187
1,GLOBAL,1,9,SMOTEENN,CatBoost,2542,758,2010-08-17,2013-10-21,,,,,,unhashable type: 'numpy.ndarray'
1,GLOBAL,1,10,SMOTE,XGBoost,2542,758,2010-08-17,2013-10-21,0.31,0.5607,0.5554,0.2912,0.5942
1,GLOBAL,1,10,SMOTE,LightGBM,2542,758,2010-08-17,2013-10-21,0.3064,0.5435,0.5381,0.3106,0.5572
1,GLOBAL,1,10,SMOTE,RandomForest,2542,758,2010-08-17,2013-10-21,0.3295,0.5752,0.567,0.2731,0.6136
1,GLOBAL,1,10,SMOTE,GradientBoosting,2542,758,2010-08-17,2013-10-21,0.3038,0.5422,0.5386,0.3197,0.555
1,GLOBAL,1,10,SMOTE,CatBoost,2542,758,2010-08-17,2013-10-21,,,,,,unhashable type: 'numpy.ndarray'
1,GLOBAL,1,10,BorderlineSMOTE,XGBoost,2542,758,2010-08-17,2013-10-21,0.2974,0.5567,0.5504,0.2803,0.5652
1,GLOBAL,1,10,BorderlineSMOTE,LightGBM,2542,758,2010-08-17,2013-10-21,0.2949,0.5554,0.551,0.2738,0.5365
1,GLOBAL,1,10,BorderlineSMOTE,RandomForest,2542,758,2010-08-17,2013-10-21,0.3106,0.5686,0.5565,0.2101,0.6196
1,GLOBAL,1,10,BorderlineSMOTE,GradientBoosting,2542,758,2010-08-17,2013-10-21,0.2966,0.5594,0.5544,0.2662,0.5426
1,GLOBAL,1,10,BorderlineSMOTE,CatBoost,2542,758,2010-08-17,2013-10-21,,,,,,unhashable type: 'numpy.ndarray'
1,GLOBAL,1,10,ADASYN,XGBoost,2542,758,2010-08-17,2013-10-21,0.3199,0.5752,0.5527,0.3429,0.5856
1,GLOBAL,1,10,ADASYN,LightGBM,2542,758,2010-08-17,2013-10-21,0.3065,0.5594,0.5539,0.3212,0.5514
1,GLOBAL,1,10,ADASYN,RandomForest,2542,758,2010-08-17,2013-10-21,0.3167,0.562,0.5504,0.2835,0.5968
1,GLOBAL,1,10,ADASYN,GradientBoosting,2542,758,2010-08-17,2013-10-21,0.3025,0.562,0.5405,0.3055,0.5581
1,GLOBAL,1,10,ADASYN,CatBoost,2542,758,2010-08-17,2013-10-21,,,,,,unhashable type: 'numpy.ndarray'
1,GLOBAL,1,10,SMOTETomek,XGBoost,2542,758,2010-08-17,2013-10-21,0.3037,0.5541,0.5513,0.3083,0.5594
1,GLOBAL,1,10,SMOTETomek,LightGBM,2542,758,2010-08-17,2013-10-21,0.2704,0.5317,0.5257,0.2615,0.5269
1,GLOBAL,1,10,SMOTETomek,RandomForest,2542,758,2010-08-17,2013-10-21,0.3046,0.5712,0.5596,0.1818,0.6009
1,GLOBAL,1,10,SMOTETomek,GradientBoosting,2542,758,2010-08-17,2013-10-21,0.2974,0.5462,0.5431,0.306,0.5333
1,GLOBAL,1,10,SMOTETomek,CatBoost,2542,758,2010-08-17,2013-10-21,,,,,,unhashable type: 'numpy.ndarray'
1,GLOBAL,1,10,SMOTEENN,XGBoost,2542,758,2010-08-17,2013-10-21,0.2783,0.5435,0.5426,0.2119,0.5641
1,GLOBAL,1,10,SMOTEENN,LightGBM,2542,758,2010-08-17,2013-10-21,0.2964,0.5369,0.5369,0.249,0.5379
1,GLOBAL,1,10,SMOTEENN,RandomForest,2542,758,2010-08-17,2013-10-21,0.2959,0.5475,0.5463,0.1974,0.5874
1,GLOBAL,1,10,SMOTEENN,GradientBoosting,2542,758,2010-08-17,2013-10-21,0.2706,0.529,0.5281,0.2339,0.5398
1,GLOBAL,1,10,SMOTEENN,CatBoost,2542,758,2010-08-17,2013-10-21,,,,,,unhashable type: 'numpy.ndarray'
1,GLOBAL,1,11,SMOTE,XGBoost,2542,758,2010-08-17,2013-10-21,0.3213,0.5699,0.5632,0.3453,0.5646
1,GLOBAL,1,11,SMOTE,LightGBM,2542,758,2010-08-17,2013-10-21,0.3027,0.5475,0.543,0.3636,0.5038
1,GLOBAL,1,11,SMOTE,RandomForest,2542,758,2010-08-17,2013-10-21,0.3235,0.5818,0.5748,0.2731,0.5893
1,GLOBAL,1,11,SMOTE,GradientBoosting,2542,758,2010-08-17,2013-10-21,0.3027,0.5501,0.5441,0.3235,0.5427
1,GLOBAL,1,11,SMOTE,CatBoost,2542,758,2010-08-17,2013-10-21,,,,,,unhashable type: 'numpy.ndarray'
1,GLOBAL,1,11,BorderlineSMOTE,XGBoost,2542,758,2010-08-17,2013-10-21,0.3216,0.5686,0.5656,0.3916,0.5575
1,GLOBAL,1,11,BorderlineSMOTE,LightGBM,2542,758,2010-08-17,2013-10-21,0.3126,0.5607,0.5572,0.3604,0.5282
1,GLOBAL,1,11,BorderlineSMOTE,RandomForest,2542,758,2010-08-17,2013-10-21,0.3207,0.5726,0.5667,0.2661,0.5833
1,GLOBAL,1,11,BorderlineSMOTE,GradientBoosting,2542,758,2010-08-17,2013-10-21,0.3179,0.566,0.5633,0.3394,0.5363
1,GLOBAL,1,11,BorderlineSMOTE,CatBoost,2542,758,2010-08-17,2013-10-21,,,,,,unhashable type: 'numpy.ndarray'
1,GLOBAL,1,11,ADASYN,XGBoost,2542,758,2010-08-17,2013-10-21,0.3209,0.5633,0.541,0.3418,0.557
1,GLOBAL,1,11,ADASYN,LightGBM,2542,758,2010-08-17,2013-10-21,0.29,0.529,0.5246,0.2782,0.4987
1,GLOBAL,1,11,ADASYN,RandomForest,2542,758,2010-08-17,2013-10-21,0.3236,0.562,0.5496,0.3218,0.5935
1,GLOBAL,1,11,ADASYN,GradientBoosting,2542,758,2010-08-17,2013-10-21,0.3022,0.5633,0.5463,0.3191,0.5412
1,GLOBAL,1,11,ADASYN,CatBoost,2542,758,2010-08-17,2013-10-21,,,,,,unhashable type: 'numpy.ndarray'
1,GLOBAL,1,11,SMOTETomek,XGBoost,2542,758,2010-08-17,2013-10-21,0.3022,0.5343,0.5299,0.3443,0.5436
1,GLOBAL,1,11,SMOTETomek,LightGBM,2542,758,2010-08-17,2013-10-21,0.2968,0.5462,0.5397,0.2996,0.5303
1,GLOBAL,1,11,SMOTETomek,RandomForest,2542,758,2010-08-17,2013-10-21,0.3234,0.5765,0.5676,0.2742,0.5915
1,GLOBAL,1,11,SMOTETomek,GradientBoosting,2542,758,2010-08-17,2013-10-21,0.3141,0.5567,0.5517,0.3383,0.53
1,GLOBAL,1,11,SMOTETomek,CatBoost,2542,758,2010-08-17,2013-10-21,,,,,,unhashable type: 'numpy.ndarray'
1,GLOBAL,1,11,SMOTEENN,XGBoost,2542,758,2010-08-17,2013-10-21,0.2474,0.5528,0.543,0.1992,0.5147
1,GLOBAL,1,11,SMOTEENN,LightGBM,2542,758,2010-08-17,2013-10-21,0.2439,0.5237,0.519,0.2372,0.5117
1,GLOBAL,1,11,SMOTEENN,RandomForest,2542,758,2010-08-17,2013-10-21,0.2634,0.5435,0.5408,0.2066,0.551
1,GLOBAL,1,11,SMOTEENN,GradientBoosting,2542,758,2010-08-17,2013-10-21,0.2397,0.5409,0.5291,0.2114,0.4905
1,GLOBAL,1,11,SMOTEENN,CatBoost,2542,758,2010-08-17,2013-10-21,,,,,,unhashable type: 'numpy.ndarray'
1,GLOBAL,1,12,SMOTE,XGBoost,2542,758,2010-08-17,2013-10-21,0.3053,0.5699,0.5664,0.31,0.5686
1,GLOBAL,1,12,SMOTE,LightGBM,2542,758,2010-08-17,2013-10-21,0.306,0.5726,0.5677,0.293,0.5114
1,GLOBAL,1,12,SMOTE,RandomForest,2542,758,2010-08-17,2013-10-21,0.3139,0.5726,0.5664,0.2857,0.5926
1,GLOBAL,1,12,SMOTE,GradientBoosting,2542,758,2010-08-17,2013-10-21,0.3275,0.5699,0.5662,0.3579,0.5519
1,GLOBAL,1,12,SMOTE,CatBoost,2542,758,2010-08-17,2013-10-21,,,,,,unhashable type: 'numpy.ndarray'
1,GLOBAL,1,12,BorderlineSMOTE,XGBoost,2542,758,2010-08-17,2013-10-21,0.3085,0.5541,0.55,0.3357,0.536
1,GLOBAL,1,12,BorderlineSMOTE,LightGBM,2542,758,2010-08-17,2013-10-21,0.3018,0.5396,0.5357,0.3127,0.5091
1,GLOBAL,1,12,BorderlineSMOTE,RandomForest,2542,758,2010-08-17,2013-10-21,0.3071,0.5594,0.5558,0.2823,0.5841
1,GLOBAL,1,12,BorderlineSMOTE,GradientBoosting,2542,758,2010-08-17,2013-10-21,0.3181,0.5594,0.5566,0.3015,0.522
1,GLOBAL,1,12,BorderlineSMOTE,CatBoost,2542,758,2010-08-17,2013-10-21,,,,,,unhashable type: 'numpy.ndarray'
1,GLOBAL,1,12,ADASYN,XGBoost,2542,758,2010-08-17,2013-10-21,0.3073,0.5712,0.5488,0.3321,0.5179
1,GLOBAL,1,12,ADASYN,LightGBM,2542,758,2010-08-17,2013-10-21,0.3108,0.5528,0.5473,0.2932,0.5464
1,GLOBAL,1,12,ADASYN,RandomForest,2542,758,2010-08-17,2013-10-21,0.3108,0.566,0.5593,0.2835,0.5967
1,GLOBAL,1,12,ADASYN,GradientBoosting,2542,758,2010-08-17,2013-10-21,0.3028,0.5594,0.5429,0.3369,0.5116
1,GLOBAL,1,12,ADASYN,CatBoost,2542,758,2010-08-17,2013-10-21,,,,,,unhashable type: 'numpy.ndarray'
1,GLOBAL,1,12,SMOTETomek,XGBoost,2542,758,2010-08-17,2013-10-21,0.3221,0.5515,0.5502,0.386,0.5678
1,GLOBAL,1,12,SMOTETomek,LightGBM,2542,758,2010-08-17,2013-10-21,0.3148,0.5541,0.5498,0.3321,0.5482
1,GLOBAL,1,12,SMOTETomek,RandomForest,2542,758,2010-08-17,2013-10-21,0.3112,0.566,0.5596,0.2353,0.5986
1,GLOBAL,1,12,SMOTETomek,GradientBoosting,2542,758,2010-08-17,2013-10-21,0.3134,0.5567,0.5556,0.3649,0.5179
1,GLOBAL,1,12,SMOTETomek,CatBoost,2542,758,2010-08-17,2013-10-21,,,,,,unhashable type: 'numpy.ndarray'
1,GLOBAL,1,12,SMOTEENN,XGBoost,2542,758,2010-08-17,2013-10-21,0.2566,0.5224,0.5181,0.2822,0.5052
1,GLOBAL,1,12,SMOTEENN,LightGBM,2542,758,2010-08-17,2013-10-21,0.2469,0.5251,0.5225,0.2709,0.5102
1,GLOBAL,1,12,SMOTEENN,RandomForest,2542,758,2010-08-17,2013-10-21,0.2708,0.5383,0.5359,0.2823,0.5491
1,GLOBAL,1,12,SMOTEENN,GradientBoosting,2542,758,2010-08-17,2013-10-21,0.246,0.5132,0.5084,0.2427,0.4895
1,GLOBAL,1,12,SMOTEENN,CatBoost,2542,758,2010-08-17,2013-10-21,,,,,,unhashable type: 'numpy.ndarray'
1,GLOBAL,1,13,SMOTE,XGBoost,2542,758,2010-08-17,2013-10-21,0.2971,0.558,0.5539,0.2803,0.5279
1,GLOBAL,1,13,SMOTE,LightGBM,2542,758,2010-08-17,2013-10-21,0.3175,0.5594,0.5539,0.3346,0.517
1,GLOBAL,1,13,SMOTE,RandomForest,2542,758,2010-08-17,2013-10-21,0.3107,0.5633,0.5588,0.2531,0.5915
1,GLOBAL,1,13,SMOTE,GradientBoosting,2542,758,2010-08-17,2013-10-21,0.3245,0.5831,0.5797,0.3358,0.4948
1,GLOBAL,1,13,SMOTE,CatBoost,2542,758,2010-08-17,2013-10-21,,,,,,unhashable type: 'numpy.ndarray'
1,GLOBAL,1,13,BorderlineSMOTE,XGBoost,2542,758,2010-08-17,2013-10-21,0.301,0.5422,0.5396,0.31,0.5128
1,GLOBAL,1,13,BorderlineSMOTE,LightGBM,2542,758,2010-08-17,2013-10-21,0.3007,0.5567,0.5537,0.293,0.4948
1,GLOBAL,1,13,BorderlineSMOTE,RandomForest,2542,758,2010-08-17,2013-10-21,0.3097,0.5739,0.5707,0.2629,0.5735
1,GLOBAL,1,13,BorderlineSMOTE,GradientBoosting,2542,758,2010-08-17,2013-10-21,0.3067,0.5515,0.5482,0.3154,0.5105
1,GLOBAL,1,13,BorderlineSMOTE,CatBoost,2542,758,2010-08-17,2013-10-21,,,,,,unhashable type: 'numpy.ndarray'
1,GLOBAL,1,13,ADASYN,XGBoost,2542,758,2010-08-17,2013-10-21,0.3114,0.5646,0.5427,0.3212,0.5105
1,GLOBAL,1,13,ADASYN,LightGBM,2542,758,2010-08-17,2013-10-21,0.3072,0.5515,0.5467,0.315,0.5183
1,GLOBAL,1,13,ADASYN,RandomForest,2542,758,2010-08-17,2013-10-21,0.3059,0.5646,0.559,0.2789,0.5802
1,GLOBAL,1,13,ADASYN,GradientBoosting,2542,758,2010-08-17,2013-10-21,0.321,0.5805,0.5643,0.35,0.522
1,GLOBAL,1,13,ADASYN,CatBoost,2542,758,2010-08-17,2013-10-21,,,,,,unhashable type: 'numpy.ndarray'
1,GLOBAL,1,13,SMOTETomek,XGBoost,2542,758,2010-08-17,2013-10-21,0.3101,0.5488,0.547,0.3118,0.5181
1,GLOBAL,1,13,SMOTETomek,LightGBM,2542,758,2010-08-17,2013-10-21,0.314,0.5567,0.5533,0.363,0.4811
1,GLOBAL,1,13,SMOTETomek,RandomForest,2542,758,2010-08-17,2013-10-21,0.3048,0.566,0.5612,0.2241,0.5962
1,GLOBAL,1,13,SMOTETomek,GradientBoosting,2542,758,2010-08-17,2013-10-21,0.3153,0.5528,0.5504,0.3346,0.5233
1,GLOBAL,1,13,SMOTETomek,CatBoost,2542,758,2010-08-17,2013-10-21,,,,,,unhashable type: 'numpy.ndarray'
1,GLOBAL,1,13,SMOTEENN,XGBoost,2542,758,2010-08-17,2013-10-21,0.2544,0.5198,0.5146,0.2043,0.4444
1,GLOBAL,1,13,SMOTEENN,LightGBM,2542,758,2010-08-17,2013-10-21,0.2786,0.5317,0.5314,0.2339,0.4509
1,GLOBAL,1,13,SMOTEENN,RandomForest,2542,758,2010-08-17,2013-10-21,0.2602,0.533,0.5329,0.1491,0.5721
1,GLOBAL,1,13,SMOTEENN,GradientBoosting,2542,758,2010-08-17,2013-10-21,0.2266,0.5158,0.512,0.1709,0.4492
1,GLOBAL,1,13,SMOTEENN,CatBoost,2542,758,2010-08-17,2013-10-21,,,,,,unhashable type: 'numpy.ndarray'
1,GLOBAL,1,14,SMOTE,XGBoost,2542,758,2010-08-17,2013-10-21,0.3066,0.5435,0.5408,0.3212,0.5394
1,GLOBAL,1,14,SMOTE,LightGBM,2542,758,2010-08-17,2013-10-21,0.3166,0.5607,0.5568,0.3623,0.5078
1,GLOBAL,1,14,SMOTE,RandomForest,2542,758,2010-08-17,2013-10-21,0.3018,0.5488,0.5449,0.2903,0.5789
1,GLOBAL,1,14,SMOTE,GradientBoosting,2542,758,2010-08-17,2013-10-21,0.3216,0.5607,0.5585,0.35,0.5271
1,GLOBAL,1,14,SMOTE,CatBoost,2542,758,2010-08-17,2013-10-21,,,,,,unhashable type: 'numpy.ndarray'
1,GLOBAL,1,14,BorderlineSMOTE,XGBoost,2542,758,2010-08-17,2013-10-21,0.3153,0.5646,0.5624,0.3525,0.5316
1,GLOBAL,1,14,BorderlineSMOTE,LightGBM,2542,758,2010-08-17,2013-10-21,0.31,0.562,0.5592,0.315,0.5244
1,GLOBAL,1,14,BorderlineSMOTE,RandomForest,2542,758,2010-08-17,2013-10-21,0.2994,0.5633,0.5605,0.2651,0.5869
1,GLOBAL,1,14,BorderlineSMOTE,GradientBoosting,2542,758,2010-08-17,2013-10-21,0.3258,0.5594,0.5564,0.3538,0.5208
1,GLOBAL,1,14,BorderlineSMOTE,CatBoost,2542,758,2010-08-17,2013-10-21,,,,,,unhashable type: 'numpy.ndarray'
1,GLOBAL,1,14,ADASYN,XGBoost,2542,758,2010-08-17,2013-10-21,0.2989,0.5541,0.5374,0.3345,0.5222
1,GLOBAL,1,14,ADASYN,LightGBM,2542,758,2010-08-17,2013-10-21,0.3167,0.562,0.5587,0.3451,0.4853
1,GLOBAL,1,14,ADASYN,RandomForest,2542,758,2010-08-17,2013-10-21,0.31,0.5646,0.56,0.3101,0.5915
1,GLOBAL,1,14,ADASYN,GradientBoosting,2542,758,2010-08-17,2013-10-21,0.3124,0.5501,0.5349,0.3513,0.504
1,GLOBAL,1,14,ADASYN,CatBoost,2542,758,2010-08-17,2013-10-21,,,,,,unhashable type: 'numpy.ndarray'
1,GLOBAL,1,14,SMOTETomek,XGBoost,2542,758,2010-08-17,2013-10-21,0.3132,0.5475,0.5464,0.3521,0.54
1,GLOBAL,1,14,SMOTETomek,LightGBM,2542,758,2010-08-17,2013-10-21,0.3134,0.5699,0.5668,0.3297,0.5206
1,GLOBAL,1,14,SMOTETomek,RandomForest,2542,758,2010-08-17,2013-10-21,0.293,0.5488,0.5456,0.2305,0.5924
1,GLOBAL,1,14,SMOTETomek,GradientBoosting,2542,758,2010-08-17,2013-10-21,0.3152,0.5515,0.5507,0.3481,0.5195
1,GLOBAL,1,14,SMOTETomek,CatBoost,2542,758,2010-08-17,2013-10-21,,,,,,unhashable type: 'numpy.ndarray'
1,GLOBAL,1,14,SMOTEENN,XGBoost,2542,758,2010-08-17,2013-10-21,0.2507,0.5277,0.5215,0.2879,0.5309
1,GLOBAL,1,14,SMOTEENN,LightGBM,2542,758,2010-08-17,2013-10-21,0.2727,0.5396,0.5345,0.3106,0.5132
1,GLOBAL,1,14,SMOTEENN,RandomForest,2542,758,2010-08-17,2013-10-21,0.2778,0.5541,0.5452,0.3453,0.5013
1,GLOBAL,1,14,SMOTEENN,GradientBoosting,2542,758,2010-08-17,2013-10-21,0.2589,0.5343,0.5272,0.2966,0.4973
1,GLOBAL,1,14,SMOTEENN,CatBoost,2542,758,2010-08-17,2013-10-21,,,,,,unhashable type: 'numpy.ndarray'
1,GLOBAL,1,15,SMOTE,XGBoost,2542,758,2010-08-17,2013-10-21,0.3072,0.5475,0.5437,0.3106,0.5193
1,GLOBAL,1,15,SMOTE,LightGBM,2542,758,2010-08-17,2013-10-21,0.2973,0.5409,0.5367,0.3123,0.4894
1,GLOBAL,1,15,SMOTE,RandomForest,2542,758,2010-08-17,2013-10-21,0.3031,0.558,0.5537,0.2343,0.5843
1,GLOBAL,1,15,SMOTE,GradientBoosting,2542,758,2010-08-17,2013-10-21,0.3188,0.5686,0.5652,0.3346,0.5026
1,GLOBAL,1,15,SMOTE,CatBoost,2542,758,2010-08-17,2013-10-21,,,,,,unhashable type: 'numpy.ndarray'
1,GLOBAL,1,15,BorderlineSMOTE,XGBoost,2542,758,2010-08-17,2013-10-21,0.3004,0.5594,0.5558,0.3123,0.5293
1,GLOBAL,1,15,BorderlineSMOTE,LightGBM,2542,758,2010-08-17,2013-10-21,0.2929,0.5475,0.5447,0.3273,0.4829
1,GLOBAL,1,15,BorderlineSMOTE,RandomForest,2542,758,2010-08-17,2013-10-21,0.3164,0.5752,0.5709,0.2742,0.5915
1,GLOBAL,1,15,BorderlineSMOTE,GradientBoosting,2542,758,2010-08-17,2013-10-21,0.3054,0.5488,0.5456,0.3346,0.4895
1,GLOBAL,1,15,BorderlineSMOTE,CatBoost,2542,758,2010-08-17,2013-10-21,,,,,,unhashable type: 'numpy.ndarray'
1,GLOBAL,1,15,ADASYN,XGBoost,2542,758,2010-08-17,2013-10-21,0.2957,0.5607,0.5425,0.3251,0.5156
1,GLOBAL,1,15,ADASYN,LightGBM,2542,758,2010-08-17,2013-10-21,0.3004,0.5594,0.5544,0.3509,0.4759
1,GLOBAL,1,15,ADASYN,RandomForest,2542,758,2010-08-17,2013-10-21,0.3145,0.566,0.5619,0.3178,0.5957
1,GLOBAL,1,15,ADASYN,GradientBoosting,2542,758,2010-08-17,2013-10-21,0.3074,0.5554,0.5385,0.3475,0.5067
1,GLOBAL,1,15,ADASYN,CatBoost,2542,758,2010-08-17,2013-10-21,,,,,,unhashable type: 'numpy.ndarray'
1,GLOBAL,1,15,SMOTETomek,XGBoost,2542,758,2010-08-17,2013-10-21,0.3147,0.5488,0.5471,0.3178,0.5445
1,GLOBAL,1,15,SMOTETomek,LightGBM,2542,758,2010-08-17,2013-10-21,0.2899,0.5607,0.5566,0.2642,0.5193
1,GLOBAL,1,15,SMOTETomek,RandomForest,2542,758,2010-08-17,2013-10-21,0.288,0.5554,0.5517,0.2407,0.5935
1,GLOBAL,1,15,SMOTETomek,GradientBoosting,2542,758,2010-08-17,2013-10-21,0.2994,0.5396,0.5375,0.3053,0.5052
1,GLOBAL,1,15,SMOTETomek,CatBoost,2542,758,2010-08-17,2013-10-21,,,,,,unhashable type: 'numpy.ndarray'
1,GLOBAL,1,15,SMOTEENN,XGBoost,2542,758,2010-08-17,2013-10-21,0.2688,0.5343,0.5176,0.3873,0.462
1,GLOBAL,1,15,SMOTEENN,LightGBM,2542,758,2010-08-17,2013-10-21,0.2656,0.5237,0.5125,0.3404,0.462
1,GLOBAL,1,15,SMOTEENN,RandomForest,2542,758,2010-08-17,2013-10-21,0.2987,0.566,0.5565,0.3942,0.5199
1,GLOBAL,1,15,SMOTEENN,GradientBoosting,2542,758,2010-08-17,2013-10-21,0.255,0.5303,0.5142,0.3833,0.4611
1,GLOBAL,1,15,SMOTEENN,CatBoost,2542,758,2010-08-17,2013-10-21,,,,,,unhashable type: 'numpy.ndarray'
1,CALM,1,5,SMOTE,XGBoost,828,324,2010-08-17,2013-10-21,0.2737,0.5123,0.5123,0.3704,0.3721
1,CALM,1,5,SMOTE,LightGBM,828,324,2010-08-17,2013-10-21,0.2803,0.5216,0.5216,0.3333,0.3721
1,CALM,1,5,SMOTE,RandomForest,828,324,2010-08-17,2013-10-21,0.2778,0.5216,0.5215,0.2393,0.4328
1,CALM,1,5,SMOTE,GradientBoosting,828,324,2010-08-17,2013-10-21,0.2649,0.5216,0.5214,0.3529,0.3577
1,CALM,1,5,SMOTE,CatBoost,828,324,2010-08-17,2013-10-21,,,,,,unhashable type: 'numpy.ndarray'
1,CALM,1,5,BorderlineSMOTE,XGBoost,828,324,2010-08-17,2013-10-21,0.2832,0.5123,0.5123,0.3359,0.3969
1,CALM,1,5,BorderlineSMOTE,LightGBM,828,324,2010-08-17,2013-10-21,0.261,0.5031,0.503,0.3623,0.3934
1,CALM,1,5,BorderlineSMOTE,RandomForest,828,324,2010-08-17,2013-10-21,0.2457,0.5031,0.503,0.2333,0.3817
1,CALM,1,5,BorderlineSMOTE,GradientBoosting,828,324,2010-08-17,2013-10-21,0.2575,0.4907,0.4896,0.3556,0.3443
1,CALM,1,5,BorderlineSMOTE,CatBoost,828,324,2010-08-17,2013-10-21,,,,,,unhashable type: 'numpy.ndarray'
1,CALM,1,5,ADASYN,XGBoost,828,324,2010-08-17,2013-10-21,0.2775,0.5216,0.5215,0.3358,0.3876
1,CALM,1,5,ADASYN,LightGBM,828,324,2010-08-17,2013-10-21,0.2613,0.5062,0.506,0.3582,0.3175
1,CALM,1,5,ADASYN,RandomForest,828,324,2010-08-17,2013-10-21,0.2833,0.5278,0.527,0.2623,0.4328
1,CALM,1,5,ADASYN,GradientBoosting,828,324,2010-08-17,2013-10-21,0.2681,0.5216,0.5216,0.3623,0.3387
1,CALM,1,5,ADASYN,CatBoost,828,324,2010-08-17,2013-10-21,,,,,,unhashable type: 'numpy.ndarray'
1,CALM,1,5,SMOTETomek,XGBoost,828,324,2010-08-17,2013-10-21,0.2643,0.5093,0.5079,0.2969,0.4122
1,CALM,1,5,SMOTETomek,LightGBM,828,324,2010-08-17,2013-10-21,0.2133,0.4691,0.469,0.2576,0.2689
1,CALM,1,5,SMOTETomek,RandomForest,828,324,2010-08-17,2013-10-21,0.2653,0.5031,0.4996,0.1786,0.469
1,CALM,1,5,SMOTETomek,GradientBoosting,828,324,2010-08-17,2013-10-21,0.2341,0.5062,0.5055,0.2636,0.3411
1,CALM,1,5,SMOTETomek,CatBoost,828,324,2010-08-17,2013-10-21,,,,,,unhashable type: 'numpy.ndarray'
1,CALM,1,5,SMOTEENN,XGBoost,828,324,2010-08-17,2013-10-21,0.2261,0.534,0.5336,0.0625,0.478
1,CALM,1,5,SMOTEENN,LightGBM,828,324,2010-08-17,2013-10-21,0.2633,0.5093,0.5076,0.2202,0.3971
1,CALM,1,5,SMOTEENN,RandomForest,828,324,2010-08-17,2013-10-21,0.267,0.5309,0.5302,0.2521,0.4841
1,CALM,1,5,SMOTEENN,GradientBoosting,828,324,2010-08-17,2013-10-21,0.2679,0.5216,0.5216,0.2542,0.4564
1,CALM,1,5,SMOTEENN,CatBoost,828,324,2010-08-17,2013-10-21,,,,,,unhashable type: 'numpy.ndarray'
1,CALM,1,6,SMOTE,XGBoost,828,324,2010-08-17,2013-10-21,0.2937,0.5401,0.5382,0.4056,0.3577
1,CALM,1,6,SMOTE,LightGBM,828,324,2010-08-17,2013-10-21,0.3014,0.5556,0.5539,0.3973,0.4034
1,CALM,1,6,SMOTE,RandomForest,828,324,2010-08-17,2013-10-21,0.3002,0.5494,0.5488,0.3857,0.4427
1,CALM,1,6,SMOTE,GradientBoosting,828,324,2010-08-17,2013-10-21,0.276,0.5185,0.5176,0.3916,0.3471
1,CALM,1,6,SMOTE,CatBoost,828,324,2010-08-17,2013-10-21,,,,,,unhashable type: 'numpy.ndarray'
1,CALM,1,6,BorderlineSMOTE,XGBoost,828,324,2010-08-17,2013-10-21,0.283,0.5525,0.5517,0.3916,0.336
1,CALM,1,6,BorderlineSMOTE,LightGBM,828,324,2010-08-17,2013-10-21,0.2724,0.5432,0.5418,0.3857,0.3333
1,CALM,1,6,BorderlineSMOTE,RandomForest,828,324,2010-08-17,2013-10-21,0.2688,0.5432,0.5429,0.3008,0.4328
1,CALM,1,6,BorderlineSMOTE,GradientBoosting,828,324,2010-08-17,2013-10-21,0.2743,0.5185,0.5181,0.3885,0.2951
1,CALM,1,6,BorderlineSMOTE,CatBoost,828,324,2010-08-17,2013-10-21,,,,,,unhashable type: 'numpy.ndarray'
1,CALM,1,6,ADASYN,XGBoost,828,324,2010-08-17,2013-10-21,0.2805,0.537,0.537,0.3885,0.3594
1,CALM,1,6,ADASYN,LightGBM,828,324,2010-08-17,2013-10-21,0.2626,0.5525,0.5509,0.3803,0.3636
1,CALM,1,6,ADASYN,RandomForest,828,324,2010-08-17,2013-10-21,0.2679,0.5247,0.5247,0.3008,0.4148
1,CALM,1,6,ADASYN,GradientBoosting,828,324,2010-08-17,2013-10-21,0.2494,0.5062,0.5061,0.365,0.2975
1,CALM,1,6,ADASYN,CatBoost,828,324,2010-08-17,2013-10-21,,,,,,unhashable type: 'numpy.ndarray'
1,CALM,1,6,SMOTETomek,XGBoost,828,324,2010-08-17,2013-10-21,0.2926,0.5185,0.5182,0.3459,0.4341
1,CALM,1,6,SMOTETomek,LightGBM,828,324,2010-08-17,2013-10-21,0.2621,0.5154,0.5154,0.2836,0.3871
1,CALM,1,6,SMOTETomek,RandomForest,828,324,2010-08-17,2013-10-21,0.2801,0.5525,0.5515,0.2222,0.4196
1,CALM,1,6,SMOTETomek,GradientBoosting,828,324,2010-08-17,2013-10-21,0.2747,0.5154,0.5153,0.3182,0.3548
1,CALM,1,6,SMOTETomek,CatBoost,828,324,2010-08-17,2013-10-21,,,,,,unhashable type: 'numpy.ndarray'
1,CALM,1,6,SMOTEENN,XGBoost,828,324,2010-08-17,2013-10-21,0.1779,0.5278,0.5067,0.0211,0.4211
1,CALM,1,6,SMOTEENN,LightGBM,828,324,2010-08-17,2013-10-21,0.2056,0.534,0.5332,0.06,0.4545
1,CALM,1,6,SMOTEENN,RandomForest,828,324,2010-08-17,2013-10-21,0.2048,0.5309,0.5212,0.1,0.4714
1,CALM,1,6,SMOTEENN,GradientBoosting,828,324,2010-08-17,2013-10-21,0.1913,0.5216,0.5074,0.0792,0.438
1,CALM,1,6,SMOTEENN,CatBoost,828,324,2010-08-17,2013-10-21,,,,,,unhashable type: 'numpy.ndarray'
1,CALM,1,7,SMOTE,XGBoost,828,324,2010-08-17,2013-10-21,0.2694,0.5432,0.5381,0.4113,0.368
1,CALM,1,7,SMOTE,LightGBM,828,324,2010-08-17,2013-10-21,0.2416,0.5154,0.5134,0.3453,0.3089
1,CALM,1,7,SMOTE,RandomForest,828,324,2010-08-17,2013-10-21,0.2703,0.5278,0.5268,0.3182,0.4397
1,CALM,1,7,SMOTE,GradientBoosting,828,324,2010-08-17,2013-10-21,0.2518,0.534,0.5302,0.365,0.3
1,CALM,1,7,SMOTE,CatBoost,828,324,2010-08-17,2013-10-21,,,,,,unhashable type: 'numpy.ndarray'
1,CALM,1,7,BorderlineSMOTE,XGBoost,828,324,2010-08-17,2013-10-21,0.2646,0.537,0.5299,0.4324,0.3471
1,CALM,1,7,BorderlineSMOTE,LightGBM,828,324,2010-08-17,2013-10-21,0.2876,0.537,0.5312,0.4276,0.3279
1,CALM,1,7,BorderlineSMOTE,RandomForest,828,324,2010-08-17,2013-10-21,0.2914,0.5556,0.5535,0.3459,0.4681
1,CALM,1,7,BorderlineSMOTE,GradientBoosting,828,324,2010-08-17,2013-10-21,0.2708,0.5309,0.5268,0.4029,0.3333
1,CALM,1,7,BorderlineSMOTE,CatBoost,828,324,2010-08-17,2013-10-21,,,,,,unhashable type: 'numpy.ndarray'
1,CALM,1,7,ADASYN,XGBoost,828,324,2010-08-17,2013-10-21,0.2833,0.5401,0.5364,0.4056,0.377
1,CALM,1,7,ADASYN,LightGBM,828,324,2010-08-17,2013-10-21,0.2444,0.5062,0.5039,0.3741,0.3333
1,CALM,1,7,ADASYN,RandomForest,828,324,2010-08-17,2013-10-21,0.2834,0.5401,0.5389,0.3284,0.4429
1,CALM,1,7,ADASYN,GradientBoosting,828,324,2010-08-17,2013-10-21,0.2627,0.5494,0.5469,0.3824,0.3
1,CALM,1,7,ADASYN,CatBoost,828,324,2010-08-17,2013-10-21,,,,,,unhashable type: 'numpy.ndarray'
1,CALM,1,7,SMOTETomek,XGBoost,828,324,2010-08-17,2013-10-21,0.2649,0.5031,0.5031,0.3382,0.3566
1,CALM,1,7,SMOTETomek,LightGBM,828,324,2010-08-17,2013-10-21,0.2583,0.4815,0.4815,0.3664,0.3411
1,CALM,1,7,SMOTETomek,RandomForest,828,324,2010-08-17,2013-10-21,0.26,0.5247,0.5244,0.2353,0.4681
1,CALM,1,7,SMOTETomek,GradientBoosting,828,324,2010-08-17,2013-10-21,0.2729,0.5031,0.5023,0.365,0.3465
1,CALM,1,7,SMOTETomek,CatBoost,828,324,2010-08-17,2013-10-21,,,,,,unhashable type: 'numpy.ndarray'
1,CALM,1,7,SMOTEENN,XGBoost,828,324,2010-08-17,2013-10-21,0.2072,0.5432,0.5429,0.08,0.5455
1,CALM,1,7,SMOTEENN,LightGBM,828,324,2010-08-17,2013-10-21,0.2424,0.5123,0.5114,0.2946,0.5098
1,CALM,1,7,SMOTEENN,RandomForest,828,324,2010-08-17,2013-10-21,0.2454,0.5432,0.5338,0.2835,0.4857
1,CALM,1,7,SMOTEENN,GradientBoosting,828,324,2010-08-17,2013-10-21,0.2128,0.534,0.5284,0.0971,0.5068
1,CALM,1,7,SMOTEENN,CatBoost,828,324,2010-08-17,2013-10-21,,,,,,unhashable type: 'numpy.ndarray'
1,CALM,1,8,SMOTE,XGBoost,828,324,2010-08-17,2013-10-21,0.2833,0.5648,0.5603,0.3688,0.368
1,CALM,1,8,SMOTE,LightGBM,828,324,2010-08-17,2013-10-21,0.2728,0.534,0.5323,0.3676,0.3252
1,CALM,1,8,SMOTE,RandomForest,828,324,2010-08-17,2013-10-21,0.274,0.5463,0.5456,0.2833,0.4604
1,CALM,1,8,SMOTE,GradientBoosting,828,324,2010-08-17,2013-10-21,0.2689,0.5556,0.5535,0.3407,0.281
1,CALM,1,8,SMOTE,CatBoost,828,324,2010-08-17,2013-10-21,,,,,,unhashable type: 'numpy.ndarray'
1,CALM,1,8,BorderlineSMOTE,XGBoost,828,324,2010-08-17,2013-10-21,0.2964,0.571,0.567,0.3944,0.368
1,CALM,1,8,BorderlineSMOTE,LightGBM,828,324,2010-08-17,2013-10-21,0.2556,0.5062,0.5039,0.3333,0.336
1,CALM,1,8,BorderlineSMOTE,RandomForest,828,324,2010-08-17,2013-10-21,0.2556,0.5494,0.5485,0.2459,0.3885
1,CALM,1,8,BorderlineSMOTE,GradientBoosting,828,324,2010-08-17,2013-10-21,0.2524,0.5216,0.5183,0.2985,0.314
1,CALM,1,8,BorderlineSMOTE,CatBoost,828,324,2010-08-17,2013-10-21,,,,,,unhashable type: 'numpy.ndarray'
1,CALM,1,8,ADASYN,XGBoost,828,324,2010-08-17,2013-10-21,0.2812,0.5463,0.544,0.4029,0.3167
1,CALM,1,8,ADASYN,LightGBM,828,324,2010-08-17,2013-10-21,0.2583,0.537,0.5368,0.3714,0.3252
1,CALM,1,8,ADASYN,RandomForest,828,324,2010-08-17,2013-10-21,0.2919,0.5556,0.5539,0.3281,0.4179
1,CALM,1,8,ADASYN,GradientBoosting,828,324,2010-08-17,2013-10-21,0.2822,0.5648,0.5618,0.3889,0.3333
1,CALM,1,8,ADASYN,CatBoost,828,324,2010-08-17,2013-10-21,,,,,,unhashable type: 'numpy.ndarray'
1,CALM,1,8,SMOTETomek,XGBoost,828,324,2010-08-17,2013-10-21,0.2242,0.5093,0.5079,0.3172,0.281
1,CALM,1,8,SMOTETomek,LightGBM,828,324,2010-08-17,2013-10-21,0.2301,0.4938,0.4937,0.3453,0.32
1,CALM,1,8,SMOTETomek,RandomForest,828,324,2010-08-17,2013-10-21,0.2677,0.5586,0.5584,0.3022,0.391
1,CALM,1,8,SMOTETomek,GradientBoosting,828,324,2010-08-17,2013-10-21,0.2693,0.5494,0.5473,0.375,0.3465
1,CALM,1,8,SMOTETomek,CatBoost,828,324,2010-08-17,2013-10-21,,,,,,unhashable type: 'numpy.ndarray'
1,CALM,1,8,SMOTEENN,XGBoost,828,324,2010-08-17,2013-10-21,0.2378,0.5154,0.5075,0.0,0.4444
1,CALM,1,8,SMOTEENN,LightGBM,828,324,2010-08-17,2013-10-21,0.2546,0.5278,0.5265,0.0619,0.4148
1,CALM,1,8,SMOTEENN,RandomForest,828,324,2010-08-17,2013-10-21,0.2626,0.537,0.5319,0.0606,0.4604
1,CALM,1,8,SMOTEENN,GradientBoosting,828,324,2010-08-17,2013-10-21,0.2603,0.537,0.5312,0.0412,0.4861
1,CALM,1,8,SMOTEENN,CatBoost,828,324,2010-08-17,2013-10-21,,,,,,unhashable type: 'numpy.ndarray'
1,CALM,1,9,SMOTE,XGBoost,828,324,2010-08-17,2013-10-21,0.2676,0.5586,0.554,0.3611,0.3333
1,CALM,1,9,SMOTE,LightGBM,828,324,2010-08-17,2013-10-21,0.2437,0.5093,0.5058,0.3699,0.3025
1,CALM,1,9,SMOTE,RandomForest,828,324,2010-08-17,2013-10-21,0.27,0.5432,0.5415,0.3333,0.391
1,CALM,1,9,SMOTE,GradientBoosting,828,324,2010-08-17,2013-10-21,0.267,0.537,0.5362,0.3359,0.32
1,CALM,1,9,SMOTE,CatBoost,828,324,2010-08-17,2013-10-21,,,,,,unhashable type: 'numpy.ndarray'
1,CALM,1,9,BorderlineSMOTE,XGBoost,828,324,2010-08-17,2013-10-21,0.258,0.5556,0.5506,0.3611,0.368
1,CALM,1,9,BorderlineSMOTE,LightGBM,828,324,2010-08-17,2013-10-21,0.2313,0.4691,0.4675,0.3688,0.3167
1,CALM,1,9,BorderlineSMOTE,RandomForest,828,324,2010-08-17,2013-10-21,0.2845,0.5278,0.5265,0.2903,0.438
1,CALM,1,9,BorderlineSMOTE,GradientBoosting,828,324,2010-08-17,2013-10-21,0.2703,0.5123,0.5101,0.3556,0.3361
1,CALM,1,9,BorderlineSMOTE,CatBoost,828,324,2010-08-17,2013-10-21,,,,,,unhashable type: 'numpy.ndarray'
1,CALM,1,9,ADASYN,XGBoost,828,324,2010-08-17,2013-10-21,0.2532,0.534,0.5307,0.3714,0.3306
1,CALM,1,9,ADASYN,LightGBM,828,324,2010-08-17,2013-10-21,0.2545,0.4938,0.4923,0.4138,0.3415
1,CALM,1,9,ADASYN,RandomForest,828,324,2010-08-17,2013-10-21,0.2676,0.5432,0.5424,0.3308,0.4173
1,CALM,1,9,ADASYN,GradientBoosting,828,324,2010-08-17,2013-10-21,0.2326,0.5401,0.5378,0.2985,0.2927
1,CALM,1,9,ADASYN,CatBoost,828,324,2010-08-17,2013-10-21,,,,,,unhashable type: 'numpy.ndarray'
1,CALM,1,9,SMOTETomek,XGBoost,828,324,2010-08-17,2013-10-21,0.2568,0.5401,0.5364,0.3425,0.3651
1,CALM,1,9,SMOTETomek,LightGBM,828,324,2010-08-17,2013-10-21,0.2517,0.5185,0.5149,0.3472,0.3306
1,CALM,1,9,SMOTETomek,RandomForest,828,324,2010-08-17,2013-10-21,0.2703,0.5401,0.5364,0.2992,0.3846
1,CALM,1,9,SMOTETomek,GradientBoosting,828,324,2010-08-17,2013-10-21,0.2388,0.5216,0.5166,0.3265,0.3115
1,CALM,1,9,SMOTETomek,CatBoost,828,324,2010-08-17,2013-10-21,,,,,,unhashable type: 'numpy.ndarray'
1,CALM,1,9,SMOTEENN,XGBoost,828,324,2010-08-17,2013-10-21,0.2428,0.5278,0.4979,0.0,0.4967
1,CALM,1,9,SMOTEENN,LightGBM,828,324,2010-08-17,2013-10-21,0.2597,0.5247,0.5206,0.1818,0.4143
1,CALM,1,9,SMOTEENN,RandomForest,828,324,2010-08-17,2013-10-21,0.2577,0.5278,0.5249,0.1284,0.4317
1,CALM,1,9,SMOTEENN,GradientBoosting,828,324,2010-08-17,2013-10-21,0.2566,0.5123,0.484,0.1359,0.4595
1,CALM,1,9,SMOTEENN,CatBoost,828,324,2010-08-17,2013-10-21,,,,,,unhashable type: 'numpy.ndarray'
1,CALM,1,10,SMOTE,XGBoost,828,324,2010-08-17,2013-10-21,0.2647,0.5463,0.5426,0.3562,0.4094
1,CALM,1,10,SMOTE,LightGBM,828,324,2010-08-17,2013-10-21,0.2651,0.5401,0.5374,0.383,0.3577
1,CALM,1,10,SMOTE,RandomForest,828,324,2010-08-17,2013-10-21,0.2569,0.5463,0.5453,0.2537,0.4203
1,CALM,1,10,SMOTE,GradientBoosting,828,324,2010-08-17,2013-10-21,0.2691,0.5278,0.5249,0.3597,0.3636
1,CALM,1,10,SMOTE,CatBoost,828,324,2010-08-17,2013-10-21,,,,,,unhashable type: 'numpy.ndarray'
1,CALM,1,10,BorderlineSMOTE,XGBoost,828,324,2010-08-17,2013-10-21,0.2676,0.5278,0.5208,0.3586,0.4034
1,CALM,1,10,BorderlineSMOTE,LightGBM,828,324,2010-08-17,2013-10-21,0.2638,0.5185,0.5103,0.3973,0.3761
1,CALM,1,10,BorderlineSMOTE,RandomForest,828,324,2010-08-17,2013-10-21,0.262,0.534,0.5323,0.256,0.5
1,CALM,1,10,BorderlineSMOTE,GradientBoosting,828,324,2010-08-17,2013-10-21,0.2847,0.5309,0.5256,0.4,0.3898
1,CALM,1,10,BorderlineSMOTE,CatBoost,828,324,2010-08-17,2013-10-21,,,,,,unhashable type: 'numpy.ndarray'
1,CALM,1,10,ADASYN,XGBoost,828,324,2010-08-17,2013-10-21,0.2484,0.5154,0.5083,0.331,0.3898
1,CALM,1,10,ADASYN,LightGBM,828,324,2010-08-17,2013-10-21,0.2362,0.5093,0.5058,0.3453,0.3361
1,CALM,1,10,ADASYN,RandomForest,828,324,2010-08-17,2013-10-21,0.2693,0.5586,0.5584,0.2707,0.4429
1,CALM,1,10,ADASYN,GradientBoosting,828,324,2010-08-17,2013-10-21,0.2593,0.5463,0.5421,0.3333,0.3934
1,CALM,1,10,ADASYN,CatBoost,828,324,2010-08-17,2013-10-21,,,,,,unhashable type: 'numpy.ndarray'
1,CALM,1,10,SMOTETomek,XGBoost,828,324,2010-08-17,2013-10-21,0.2306,0.5031,0.5001,0.2817,0.3279
1,CALM,1,10,SMOTETomek,LightGBM,828,324,2010-08-17,2013-10-21,0.2617,0.537,0.5353,0.3188,0.368
1,CALM,1,10,SMOTETomek,RandomForest,828,324,2010-08-17,2013-10-21,0.284,0.5494,0.548,0.3262,0.4154
1,CALM,1,10,SMOTETomek,GradientBoosting,828,324,2010-08-17,2013-10-21,0.2389,0.5093,0.5041,0.3217,0.322
1,CALM,1,10,SMOTETomek,CatBoost,828,324,2010-08-17,2013-10-21,,,,,,unhashable type: 'numpy.ndarray'
1,CALM,1,10,SMOTEENN,XGBoost,828,324,2010-08-17,2013-10-21,0.1785,0.4691,0.3292,0.0,0.4714
1,CALM,1,10,SMOTEENN,LightGBM,828,324,2010-08-17,2013-10-21,0.1943,0.4877,0.4093,0.1386,0.3415
1,CALM,1,10,SMOTEENN,RandomForest,828,324,2010-08-17,2013-10-21,0.2109,0.4691,0.4028,0.0808,0.4127
1,CALM,1,10,SMOTEENN,GradientBoosting,828,324,2010-08-17,2013-10-21,0.2014,0.4846,0.4042,0.0612,0.4031
1,CALM,1,10,SMOTEENN,CatBoost,828,324,2010-08-17,2013-10-21,,,,,,unhashable type: 'numpy.ndarray'
1,CALM,1,11,SMOTE,XGBoost,828,324,2010-08-17,2013-10-21,0.2792,0.5401,0.5334,0.3425,0.4628
1,CALM,1,11,SMOTE,LightGBM,828,324,2010-08-17,2013-10-21,0.2767,0.5463,0.5421,0.3688,0.35
1,CALM,1,11,SMOTE,RandomForest,828,324,2010-08-17,2013-10-21,0.2799,0.5586,0.5581,0.2615,0.4672
1,CALM,1,11,SMOTE,GradientBoosting,828,324,2010-08-17,2013-10-21,0.2642,0.5278,0.5258,0.3358,0.3902
1,CALM,1,11,SMOTE,CatBoost,828,324,2010-08-17,2013-10-21,,,,,,unhashable type: 'numpy.ndarray'
1,CALM,1,11,BorderlineSMOTE,XGBoost,828,324,2010-08-17,2013-10-21,0.2665,0.5278,0.5167,0.338,0.4237
1,CALM,1,11,BorderlineSMOTE,LightGBM,828,324,2010-08-17,2013-10-21,0.27,0.5093,0.5058,0.3623,0.3934
1,CALM,1,11,BorderlineSMOTE,RandomForest,828,324,2010-08-17,2013-10-21,0.2844,0.5648,0.5622,0.2748,0.4783
1,CALM,1,11,BorderlineSMOTE,GradientBoosting,828,324,2010-08-17,2013-10-21,0.2413,0.5031,0.5001,0.3088,0.4132
1,CALM,1,11,BorderlineSMOTE,CatBoost,828,324,2010-08-17,2013-10-21,,,,,,unhashable type: 'numpy.ndarray'
1,CALM,1,11,ADASYN,XGBoost,828,324,2010-08-17,2013-10-21,0.2604,0.5154,0.5083,0.3497,0.3932
1,CALM,1,11,ADASYN,LightGBM,828,324,2010-08-17,2013-10-21,0.2388,0.5062,0.5025,0.3429,0.322
1,CALM,1,11,ADASYN,RandomForest,828,324,2010-08-17,2013-10-21,0.2917,0.5556,0.5547,0.303,0.4964
1,CALM,1,11,ADASYN,GradientBoosting,828,324,2010-08-17,2013-10-21,0.259,0.5278,0.524,0.3546,0.4032
1,CALM,1,11,ADASYN,CatBoost,828,324,2010-08-17,2013-10-21,,,,,,unhashable type: 'numpy.ndarray'
1,CALM,1,11,SMOTETomek,XGBoost,828,324,2010-08-17,2013-10-21,0.2557,0.5525,0.5466,0.3401,0.3465
1,CALM,1,11,SMOTETomek,LightGBM,828,324,2010-08-17,2013-10-21,0.2593,0.537,0.5283,0.3922,0.3471
1,CALM,1,11,SMOTETomek,RandomForest,828,324,2010-08-17,2013-10-21,0.3053,0.5772,0.5754,0.2901,0.4604
1,CALM,1,11,SMOTETomek,GradientBoosting,828,324,2010-08-17,2013-10-21,0.2393,0.5123,0.5014,0.3514,0.3103
1,CALM,1,11,SMOTETomek,CatBoost,828,324,2010-08-17,2013-10-21,,,,,,unhashable type: 'numpy.ndarray'
1,CALM,1,11,SMOTEENN,XGBoost,828,324,2010-08-17,2013-10-21,0.1995,0.4907,0.3912,0.0211,0.381
1,CALM,1,11,SMOTEENN,LightGBM,828,324,2010-08-17,2013-10-21,0.2459,0.4877,0.4544,0.1964,0.3697
1,CALM,1,11,SMOTEENN,RandomForest,828,324,2010-08-17,2013-10-21,0.2086,0.4815,0.4022,0.0808,0.3902
1,CALM,1,11,SMOTEENN,GradientBoosting,828,324,2010-08-17,2013-10-21,0.2138,0.4907,0.3983,0.1176,0.4394
1,CALM,1,11,SMOTEENN,CatBoost,828,324,2010-08-17,2013-10-21,,,,,,unhashable type: 'numpy.ndarray'
1,CALM,1,12,SMOTE,XGBoost,828,324,2010-08-17,2013-10-21,0.3025,0.5679,0.5646,0.3624,0.4409
1,CALM,1,12,SMOTE,LightGBM,828,324,2010-08-17,2013-10-21,0.2823,0.5401,0.5353,0.36,0.416
1,CALM,1,12,SMOTE,RandomForest,828,324,2010-08-17,2013-10-21,0.2891,0.5586,0.5571,0.2941,0.4818
1,CALM,1,12,SMOTE,GradientBoosting,828,324,2010-08-17,2013-10-21,0.2702,0.5494,0.548,0.3165,0.4
1,CALM,1,12,SMOTE,CatBoost,828,324,2010-08-17,2013-10-21,,,,,,unhashable type: 'numpy.ndarray'
1,CALM,1,12,BorderlineSMOTE,XGBoost,828,324,2010-08-17,2013-10-21,0.2852,0.5463,0.5403,0.3521,0.4286
1,CALM,1,12,BorderlineSMOTE,LightGBM,828,324,2010-08-17,2013-10-21,0.2443,0.5247,0.5188,0.349,0.3529
1,CALM,1,12,BorderlineSMOTE,RandomForest,828,324,2010-08-17,2013-10-21,0.2566,0.537,0.534,0.2047,0.4427
1,CALM,1,12,BorderlineSMOTE,GradientBoosting,828,324,2010-08-17,2013-10-21,0.2603,0.534,0.5291,0.3472,0.3902
1,CALM,1,12,BorderlineSMOTE,CatBoost,828,324,2010-08-17,2013-10-21,,,,,,unhashable type: 'numpy.ndarray'
1,CALM,1,12,ADASYN,XGBoost,828,324,2010-08-17,2013-10-21,0.2551,0.5432,0.5387,0.3537,0.3968
1,CALM,1,12,ADASYN,LightGBM,828,324,2010-08-17,2013-10-21,0.2597,0.5185,0.5149,0.4106,0.3577
1,CALM,1,12,ADASYN,RandomForest,828,324,2010-08-17,2013-10-21,0.2869,0.5525,0.5498,0.3235,0.4662
1,CALM,1,12,ADASYN,GradientBoosting,828,324,2010-08-17,2013-10-21,0.2815,0.5586,0.5551,0.4238,0.4
1,CALM,1,12,ADASYN,CatBoost,828,324,2010-08-17,2013-10-21,,,,,,unhashable type: 'numpy.ndarray'
1,CALM,1,12,SMOTETomek,XGBoost,828,324,2010-08-17,2013-10-21,0.2611,0.5432,0.5402,0.2836,0.4
1,CALM,1,12,SMOTETomek,LightGBM,828,324,2010-08-17,2013-10-21,0.2683,0.5185,0.5167,0.3556,0.3906
1,CALM,1,12,SMOTETomek,RandomForest,828,324,2010-08-17,2013-10-21,0.2872,0.5741,0.5728,0.3043,0.4265
1,CALM,1,12,SMOTETomek,GradientBoosting,828,324,2010-08-17,2013-10-21,0.2488,0.5247,0.52,0.3008,0.3387
1,CALM,1,12,SMOTETomek,CatBoost,828,324,2010-08-17,2013-10-21,,,,,,unhashable type: 'numpy.ndarray'
1,CALM,1,12,SMOTEENN,XGBoost,828,324,2010-08-17,2013-10-21,0.2507,0.5278,0.4873,0.2333,0.4341
1,CALM,1,12,SMOTEENN,LightGBM,828,324,2010-08-17,2013-10-21,0.2392,0.5093,0.4887,0.2344,0.3717
1,CALM,1,12,SMOTEENN,RandomForest,828,324,2010-08-17,2013-10-21,0.2427,0.4969,0.4771,0.2124,0.313
1,CALM,1,12,SMOTEENN,GradientBoosting,828,324,2010-08-17,2013-10-21,0.2306,0.4969,0.4616,0.2903,0.3802
1,CALM,1,12,SMOTEENN,CatBoost,828,324,2010-08-17,2013-10-21,,,,,,unhashable type: 'numpy.ndarray'
1,CALM,1,13,SMOTE,XGBoost,828,324,2010-08-17,2013-10-21,0.2695,0.5401,0.534,0.3217,0.4032
1,CALM,1,13,SMOTE,LightGBM,828,324,2010-08-17,2013-10-21,0.2839,0.537,0.5283,0.3836,0.3667
1,CALM,1,13,SMOTE,RandomForest,828,324,2010-08-17,2013-10-21,0.2803,0.5525,0.5524,0.2901,0.4748
1,CALM,1,13,SMOTE,GradientBoosting,828,324,2010-08-17,2013-10-21,0.281,0.534,0.5302,0.3212,0.4127
1,CALM,1,13,SMOTE,CatBoost,828,324,2010-08-17,2013-10-21,,,,,,unhashable type: 'numpy.ndarray'
1,CALM,1,13,BorderlineSMOTE,XGBoost,828,324,2010-08-17,2013-10-21,0.2727,0.5556,0.55,0.3378,0.3902
1,CALM,1,13,BorderlineSMOTE,LightGBM,828,324,2010-08-17,2013-10-21,0.2458,0.5093,0.5028,0.3893,0.374
1,CALM,1,13,BorderlineSMOTE,RandomForest,828,324,2010-08-17,2013-10-21,0.2673,0.5525,0.5512,0.2424,0.4478
1,CALM,1,13,BorderlineSMOTE,GradientBoosting,828,324,2010-08-17,2013-10-21,0.2491,0.5309,0.5278,0.3217,0.352
1,CALM,1,13,BorderlineSMOTE,CatBoost,828,324,2010-08-17,2013-10-21,,,,,,unhashable type: 'numpy.ndarray'
1,CALM,1,13,ADASYN,XGBoost,828,324,2010-08-17,2013-10-21,0.2881,0.5648,0.5608,0.3867,0.4
1,CALM,1,13,ADASYN,LightGBM,828,324,2010-08-17,2013-10-21,0.2525,0.5123,0.5023,0.3893,0.3967
1,CALM,1,13,ADASYN,RandomForest,828,324,2010-08-17,2013-10-21,0.2699,0.5525,0.5509,0.2899,0.4275
1,CALM,1,13,ADASYN,GradientBoosting,828,324,2010-08-17,2013-10-21,0.272,0.5556,0.5517,0.3537,0.4094
1,CALM,1,13,ADASYN,CatBoost,828,324,2010-08-17,2013-10-21,,,,,,unhashable type: 'numpy.ndarray'
1,CALM,1,13,SMOTETomek,XGBoost,828,324,2010-08-17,2013-10-21,0.2523,0.5216,0.5095,0.3358,0.3529
1,CALM,1,13,SMOTETomek,LightGBM,828,324,2010-08-17,2013-10-21,0.2461,0.5463,0.5357,0.3784,0.2735
1,CALM,1,13,SMOTETomek,RandomForest,828,324,2010-08-17,2013-10-21,0.2695,0.5154,0.511,0.2602,0.4
1,CALM,1,13,SMOTETomek,GradientBoosting,828,324,2010-08-17,2013-10-21,0.2357,0.534,0.5248,0.3448,0.3193
1,CALM,1,13,SMOTETomek,CatBoost,828,324,2010-08-17,2013-10-21,,,,,,unhashable type: 'numpy.ndarray'
1,CALM,1,13,SMOTEENN,XGBoost,828,324,2010-08-17,2013-10-21,0.2663,0.5216,0.5104,0.1864,0.4496
1,CALM,1,13,SMOTEENN,LightGBM,828,324,2010-08-17,2013-10-21,0.2609,0.5216,0.5192,0.2333,0.359
1,CALM,1,13,SMOTEENN,RandomForest,828,324,2010-08-17,2013-10-21,0.281,0.537,0.5369,0.2479,0.3833
1,CALM,1,13,SMOTEENN,GradientBoosting,828,324,2010-08-17,2013-10-21,0.2579,0.5154,0.4895,0.2276,0.4132
1,CALM,1,13,SMOTEENN,CatBoost,828,324,2010-08-17,2013-10-21,,,,,,unhashable type: 'numpy.ndarray'
1,CALM,1,14,SMOTE,XGBoost,828,324,2010-08-17,2013-10-21,0.2896,0.5556,0.5487,0.3862,0.4065
1,CALM,1,14,SMOTE,LightGBM,828,324,2010-08-17,2013-10-21,0.3076,0.537,0.5325,0.4342,0.3967
1,CALM,1,14,SMOTE,RandomForest,828,324,2010-08-17,2013-10-21,0.2777,0.5556,0.5535,0.2879,0.4662
1,CALM,1,14,SMOTE,GradientBoosting,828,324,2010-08-17,2013-10-21,0.2844,0.5463,0.5431,0.3478,0.4252
1,CALM,1,14,SMOTE,CatBoost,828,324,2010-08-17,2013-10-21,,,,,,unhashable type: 'numpy.ndarray'
1,CALM,1,14,BorderlineSMOTE,XGBoost,828,324,2010-08-17,2013-10-21,0.2925,0.5494,0.5437,0.3714,0.432
1,CALM,1,14,BorderlineSMOTE,LightGBM,828,324,2010-08-17,2013-10-21,0.2593,0.537,0.5306,0.3586,0.3667
1,CALM,1,14,BorderlineSMOTE,RandomForest,828,324,2010-08-17,2013-10-21,0.2702,0.5586,0.5564,0.1849,0.4427
1,CALM,1,14,BorderlineSMOTE,GradientBoosting,828,324,2010-08-17,2013-10-21,0.2712,0.5401,0.5385,0.3333,0.4219
1,CALM,1,14,BorderlineSMOTE,CatBoost,828,324,2010-08-17,2013-10-21,,,,,,unhashable type: 'numpy.ndarray'
1,CALM,1,14,ADASYN,XGBoost,828,324,2010-08-17,2013-10-21,0.2873,0.5494,0.5417,0.375,0.377
1,CALM,1,14,ADASYN,LightGBM,828,324,2010-08-17,2013-10-21,0.269,0.5216,0.5166,0.4056,0.3607
1,CALM,1,14,ADASYN,RandomForest,828,324,2010-08-17,2013-10-21,0.2749,0.5556,0.5547,0.2836,0.4394
1,CALM,1,14,ADASYN,GradientBoosting,828,324,2010-08-17,2013-10-21,0.2943,0.534,0.5291,0.3972,0.4034
1,CALM,1,14,ADASYN,CatBoost,828,324,2010-08-17,2013-10-21,,,,,,unhashable type: 'numpy.ndarray'
1,CALM,1,14,SMOTETomek,XGBoost,828,324,2010-08-17,2013-10-21,0.2899,0.5525,0.542,0.4133,0.3529
1,CALM,1,14,SMOTETomek,LightGBM,828,324,2010-08-17,2013-10-21,0.3039,0.5586,0.5515,0.4079,0.3684
1,CALM,1,14,SMOTETomek,RandomForest,828,324,2010-08-17,2013-10-21,0.2649,0.5432,0.5354,0.256,0.4341
1,CALM,1,14,SMOTETomek,GradientBoosting,828,324,2010-08-17,2013-10-21,0.2629,0.537,0.5238,0.3467,0.3697
1,CALM,1,14,SMOTETomek,CatBoost,828,324,2010-08-17,2013-10-21,,,,,,unhashable type: 'numpy.ndarray'
1,CALM,1,14,SMOTEENN,XGBoost,828,324,2010-08-17,2013-10-21,0.2898,0.5309,0.5294,0.3385,0.3898
1,CALM,1,14,SMOTEENN,LightGBM,828,324,2010-08-17,2013-10-21,0.2838,0.5154,0.513,0.3459,0.3393
1,CALM,1,14,SMOTEENN,RandomForest,828,324,2010-08-17,2013-10-21,0.279,0.5309,0.502,0.3101,0.3717
1,CALM,1,14,SMOTEENN,GradientBoosting,828,324,2010-08-17,2013-10-21,0.2825,0.5185,0.5185,0.3594,0.3363
1,CALM,1,14,SMOTEENN,CatBoost,828,324,2010-08-17,2013-10-21,,,,,,unhashable type: 'numpy.ndarray'
1,CALM,1,15,SMOTE,XGBoost,828,324,2010-08-17,2013-10-21,0.2901,0.537,0.533,0.3776,0.4065
1,CALM,1,15,SMOTE,LightGBM,828,324,2010-08-17,2013-10-21,0.2783,0.537,0.5325,0.3709,0.4194
1,CALM,1,15,SMOTE,RandomForest,828,324,2010-08-17,2013-10-21,0.258,0.5247,0.5225,0.25,0.4627
1,CALM,1,15,SMOTE,GradientBoosting,828,324,2010-08-17,2013-10-21,0.2592,0.5062,0.5019,0.3286,0.4677
1,CALM,1,15,SMOTE,CatBoost,828,324,2010-08-17,2013-10-21,,,,,,unhashable type: 'numpy.ndarray'
1,CALM,1,15,BorderlineSMOTE,XGBoost,828,324,2010-08-17,2013-10-21,0.2758,0.534,0.5296,0.3309,0.3833
1,CALM,1,15,BorderlineSMOTE,LightGBM,828,324,2010-08-17,2013-10-21,0.2785,0.537,0.5291,0.3867,0.4098
1,CALM,1,15,BorderlineSMOTE,RandomForest,828,324,2010-08-17,2013-10-21,0.2381,0.5247,0.5238,0.1513,0.4627
1,CALM,1,15,BorderlineSMOTE,GradientBoosting,828,324,2010-08-17,2013-10-21,0.2619,0.5123,0.5087,0.3008,0.3898
1,CALM,1,15,BorderlineSMOTE,CatBoost,828,324,2010-08-17,2013-10-21,,,,,,unhashable type: 'numpy.ndarray'
1,CALM,1,15,ADASYN,XGBoost,828,324,2010-08-17,2013-10-21,0.3007,0.5586,0.554,0.3673,0.4132
1,CALM,1,15,ADASYN,LightGBM,828,324,2010-08-17,2013-10-21,0.2743,0.537,0.5325,0.4183,0.4032
1,CALM,1,15,ADASYN,RandomForest,828,324,2010-08-17,2013-10-21,0.2747,0.537,0.5353,0.2879,0.4427
1,CALM,1,15,ADASYN,GradientBoosting,828,324,2010-08-17,2013-10-21,0.2734,0.5247,0.5181,0.375,0.4132
1,CALM,1,15,ADASYN,CatBoost,828,324,2010-08-17,2013-10-21,,,,,,unhashable type: 'numpy.ndarray'
1,CALM,1,15,SMOTETomek,XGBoost,828,324,2010-08-17,2013-10-21,0.2653,0.5556,0.5512,0.3529,0.3871
1,CALM,1,15,SMOTETomek,LightGBM,828,324,2010-08-17,2013-10-21,0.2612,0.5463,0.5409,0.3467,0.3471
1,CALM,1,15,SMOTETomek,RandomForest,828,324,2010-08-17,2013-10-21,0.2595,0.5525,0.5523,0.2344,0.4242
1,CALM,1,15,SMOTETomek,GradientBoosting,828,324,2010-08-17,2013-10-21,0.2312,0.5123,0.5114,0.2979,0.381
1,CALM,1,15,SMOTETomek,CatBoost,828,324,2010-08-17,2013-10-21,,,,,,unhashable type: 'numpy.ndarray'
1,CALM,1,15,SMOTEENN,XGBoost,828,324,2010-08-17,2013-10-21,0.2384,0.4877,0.4707,0.2677,0.3019
1,CALM,1,15,SMOTEENN,LightGBM,828,324,2010-08-17,2013-10-21,0.2774,0.5247,0.5246,0.3158,0.2642
1,CALM,1,15,SMOTEENN,RandomForest,828,324,2010-08-17,2013-10-21,0.2607,0.5062,0.4805,0.2419,0.4
1,CALM,1,15,SMOTEENN,GradientBoosting,828,324,2010-08-17,2013-10-21,0.2367,0.5,0.4888,0.1429,0.3652
1,CALM,1,15,SMOTEENN,CatBoost,828,324,2010-08-17,2013-10-21,,,,,,unhashable type: 'numpy.ndarray'
1,NORMAL,1,5,SMOTE,XGBoost,868,319,2010-08-17,2013-10-21,0.3127,0.5737,0.5701,0.4103,0.5
1,NORMAL,1,5,SMOTE,LightGBM,868,319,2010-08-17,2013-10-21,0.3197,0.5705,0.5667,0.4237,0.5029
1,NORMAL,1,5,SMOTE,RandomForest,868,319,2010-08-17,2013-10-21,0.3225,0.605,0.5947,0.3519,0.596
1,NORMAL,1,5,SMOTE,GradientBoosting,868,319,2010-08-17,2013-10-21,0.2752,0.5423,0.5395,0.3934,0.425
1,NORMAL,1,5,SMOTE,CatBoost,868,319,2010-08-17,2013-10-21,,,,,,unhashable type: 'numpy.ndarray'
1,NORMAL,1,5,BorderlineSMOTE,XGBoost,868,319,2010-08-17,2013-10-21,0.3089,0.6082,0.6036,0.4298,0.5525
1,NORMAL,1,5,BorderlineSMOTE,LightGBM,868,319,2010-08-17,2013-10-21,0.3071,0.558,0.5509,0.3818,0.5056
1,NORMAL,1,5,BorderlineSMOTE,RandomForest,868,319,2010-08-17,2013-10-21,0.298,0.6019,0.5863,0.3486,0.5803
1,NORMAL,1,5,BorderlineSMOTE,GradientBoosting,868,319,2010-08-17,2013-10-21,0.2781,0.558,0.5555,0.3636,0.491
1,NORMAL,1,5,BorderlineSMOTE,CatBoost,868,319,2010-08-17,2013-10-21,,,,,,unhashable type: 'numpy.ndarray'
1,NORMAL,1,5,ADASYN,XGBoost,868,319,2010-08-17,2013-10-21,0.3067,0.5799,0.5651,0.3966,0.4734
1,NORMAL,1,5,ADASYN,LightGBM,868,319,2010-08-17,2013-10-21,0.3196,0.6207,0.614,0.4262,0.4914
1,NORMAL,1,5,ADASYN,RandomForest,868,319,2010-08-17,2013-10-21,0.3452,0.6176,0.6058,0.367,0.6051
1,NORMAL,1,5,ADASYN,GradientBoosting,868,319,2010-08-17,2013-10-21,0.2783,0.5705,0.5525,0.3273,0.4578
1,NORMAL,1,5,ADASYN,CatBoost,868,319,2010-08-17,2013-10-21,,,,,,unhashable type: 'numpy.ndarray'
1,NORMAL,1,5,SMOTETomek,XGBoost,868,319,2010-08-17,2013-10-21,0.3152,0.5956,0.5925,0.4516,0.5355
1,NORMAL,1,5,SMOTETomek,LightGBM,868,319,2010-08-17,2013-10-21,0.2815,0.558,0.5516,0.3419,0.4535
1,NORMAL,1,5,SMOTETomek,RandomForest,868,319,2010-08-17,2013-10-21,0.3163,0.6113,0.6011,0.3636,0.5743
1,NORMAL,1,5,SMOTETomek,GradientBoosting,868,319,2010-08-17,2013-10-21,0.2879,0.5737,0.5725,0.3871,0.4588
1,NORMAL,1,5,SMOTETomek,CatBoost,868,319,2010-08-17,2013-10-21,,,,,,unhashable type: 'numpy.ndarray'
1,NORMAL,1,5,SMOTEENN,XGBoost,868,319,2010-08-17,2013-10-21,0.2241,0.511,0.5096,0.3529,0.3926
1,NORMAL,1,5,SMOTEENN,LightGBM,868,319,2010-08-17,2013-10-21,0.2399,0.5298,0.5287,0.3186,0.4379
1,NORMAL,1,5,SMOTEENN,RandomForest,868,319,2010-08-17,2013-10-21,0.2158,0.5078,0.5034,0.2476,0.3421
1,NORMAL,1,5,SMOTEENN,GradientBoosting,868,319,2010-08-17,2013-10-21,0.2499,0.5204,0.5197,0.5286,0.4327
1,NORMAL,1,5,SMOTEENN,CatBoost,868,319,2010-08-17,2013-10-21,,,,,,unhashable type: 'numpy.ndarray'
1,NORMAL,1,6,SMOTE,XGBoost,868,319,2010-08-17,2013-10-21,0.3,0.5611,0.5522,0.354,0.5057
1,NORMAL,1,6,SMOTE,LightGBM,868,319,2010-08-17,2013-10-21,0.3068,0.5925,0.5842,0.3423,0.4678
1,NORMAL,1,6,SMOTE,RandomForest,868,319,2010-08-17,2013-10-21,0.297,0.5674,0.5449,0.2772,0.5482
1,NORMAL,1,6,SMOTE,GradientBoosting,868,319,2010-08-17,2013-10-21,0.3018,0.5705,0.5656,0.4138,0.4624
1,NORMAL,1,6,SMOTE,CatBoost,868,319,2010-08-17,2013-10-21,,,,,,unhashable type: 'numpy.ndarray'
1,NORMAL,1,6,BorderlineSMOTE,XGBoost,868,319,2010-08-17,2013-10-21,0.3021,0.5768,0.5613,0.2991,0.4884
1,NORMAL,1,6,BorderlineSMOTE,LightGBM,868,319,2010-08-17,2013-10-21,0.2598,0.5423,0.533,0.3091,0.4311
1,NORMAL,1,6,BorderlineSMOTE,RandomForest,868,319,2010-08-17,2013-10-21,0.3011,0.5799,0.5606,0.2887,0.5131
1,NORMAL,1,6,BorderlineSMOTE,GradientBoosting,868,319,2010-08-17,2013-10-21,0.2784,0.5549,0.5441,0.3478,0.4497
1,NORMAL,1,6,BorderlineSMOTE,CatBoost,868,319,2010-08-17,2013-10-21,,,,,,unhashable type: 'numpy.ndarray'
1,NORMAL,1,6,ADASYN,XGBoost,868,319,2010-08-17,2013-10-21,0.2946,0.5799,0.5525,0.2991,0.4852
1,NORMAL,1,6,ADASYN,LightGBM,868,319,2010-08-17,2013-10-21,0.3248,0.5799,0.5689,0.4211,0.4855
1,NORMAL,1,6,ADASYN,RandomForest,868,319,2010-08-17,2013-10-21,0.2937,0.5831,0.5566,0.25,0.5584
1,NORMAL,1,6,ADASYN,GradientBoosting,868,319,2010-08-17,2013-10-21,0.2985,0.5705,0.5525,0.3361,0.5087
1,NORMAL,1,6,ADASYN,CatBoost,868,319,2010-08-17,2013-10-21,,,,,,unhashable type: 'numpy.ndarray'
1,NORMAL,1,6,SMOTETomek,XGBoost,868,319,2010-08-17,2013-10-21,0.2995,0.5643,0.5604,0.3455,0.5143
1,NORMAL,1,6,SMOTETomek,LightGBM,868,319,2010-08-17,2013-10-21,0.2963,0.5423,0.5367,0.3363,0.4819
1,NORMAL,1,6,SMOTETomek,RandomForest,868,319,2010-08-17,2013-10-21,0.2925,0.5674,0.5531,0.26,0.5158
1,NORMAL,1,6,SMOTETomek,GradientBoosting,868,319,2010-08-17,2013-10-21,0.2837,0.5486,0.5458,0.3333,0.443
1,NORMAL,1,6,SMOTETomek,CatBoost,868,319,2010-08-17,2013-10-21,,,,,,unhashable type: 'numpy.ndarray'
1,NORMAL,1,6,SMOTEENN,XGBoost,868,319,2010-08-17,2013-10-21,0.2589,0.4953,0.4895,0.367,0.4835
1,NORMAL,1,6,SMOTEENN,LightGBM,868,319,2010-08-17,2013-10-21,0.2577,0.4796,0.4649,0.3529,0.5134
1,NORMAL,1,6,SMOTEENN,RandomForest,868,319,2010-08-17,2013-10-21,0.265,0.5737,0.5575,0.2913,0.5577
1,NORMAL,1,6,SMOTEENN,GradientBoosting,868,319,2010-08-17,2013-10-21,0.2743,0.5298,0.5184,0.3964,0.4783
1,NORMAL,1,6,SMOTEENN,CatBoost,868,319,2010-08-17,2013-10-21,,,,,,unhashable type: 'numpy.ndarray'
1,NORMAL,1,7,SMOTE,XGBoost,868,319,2010-08-17,2013-10-21,0.3032,0.5737,0.565,0.3793,0.4972
1,NORMAL,1,7,SMOTE,LightGBM,868,319,2010-08-17,2013-10-21,0.2764,0.5423,0.5361,0.3214,0.4824
1,NORMAL,1,7,SMOTE,RandomForest,868,319,2010-08-17,2013-10-21,0.3343,0.6113,0.5933,0.3704,0.5208
1,NORMAL,1,7,SMOTE,GradientBoosting,868,319,2010-08-17,2013-10-21,0.293,0.5705,0.5614,0.3243,0.5114
1,NORMAL,1,7,SMOTE,CatBoost,868,319,2010-08-17,2013-10-21,,,,,,unhashable type: 'numpy.ndarray'
1,NORMAL,1,7,BorderlineSMOTE,XGBoost,868,319,2010-08-17,2013-10-21,0.3135,0.5925,0.58,0.3966,0.5348
1,NORMAL,1,7,BorderlineSMOTE,LightGBM,868,319,2010-08-17,2013-10-21,0.3248,0.5674,0.5498,0.3333,0.5169
1,NORMAL,1,7,BorderlineSMOTE,RandomForest,868,319,2010-08-17,2013-10-21,0.2732,0.5799,0.551,0.2913,0.5482
1,NORMAL,1,7,BorderlineSMOTE,GradientBoosting,868,319,2010-08-17,2013-10-21,0.2884,0.5705,0.5579,0.3652,0.4773
1,NORMAL,1,7,BorderlineSMOTE,CatBoost,868,319,2010-08-17,2013-10-21,,,,,,unhashable type: 'numpy.ndarray'
1,NORMAL,1,7,ADASYN,XGBoost,868,319,2010-08-17,2013-10-21,0.2872,0.5549,0.5303,0.2778,0.5311
1,NORMAL,1,7,ADASYN,LightGBM,868,319,2010-08-17,2013-10-21,0.307,0.5361,0.5207,0.3019,0.5146
1,NORMAL,1,7,ADASYN,RandomForest,868,319,2010-08-17,2013-10-21,0.3352,0.6113,0.5816,0.3137,0.5584
1,NORMAL,1,7,ADASYN,GradientBoosting,868,319,2010-08-17,2013-10-21,0.2617,0.558,0.5329,0.3333,0.4615
1,NORMAL,1,7,ADASYN,CatBoost,868,319,2010-08-17,2013-10-21,,,,,,unhashable type: 'numpy.ndarray'
1,NORMAL,1,7,SMOTETomek,XGBoost,868,319,2010-08-17,2013-10-21,0.2664,0.5925,0.5849,0.3697,0.4615
1,NORMAL,1,7,SMOTETomek,LightGBM,868,319,2010-08-17,2013-10-21,0.2864,0.5799,0.5729,0.3158,0.4886
1,NORMAL,1,7,SMOTETomek,RandomForest,868,319,2010-08-17,2013-10-21,0.2927,0.5862,0.5726,0.4035,0.5231
1,NORMAL,1,7,SMOTETomek,GradientBoosting,868,319,2010-08-17,2013-10-21,0.2618,0.5423,0.5367,0.3761,0.4588
1,NORMAL,1,7,SMOTETomek,CatBoost,868,319,2010-08-17,2013-10-21,,,,,,unhashable type: 'numpy.ndarray'
1,NORMAL,1,7,SMOTEENN,XGBoost,868,319,2010-08-17,2013-10-21,0.2613,0.558,0.5523,0.3478,0.5644
1,NORMAL,1,7,SMOTEENN,LightGBM,868,319,2010-08-17,2013-10-21,0.2341,0.5235,0.5177,0.3304,0.5714
1,NORMAL,1,7,SMOTEENN,RandomForest,868,319,2010-08-17,2013-10-21,0.267,0.5611,0.5558,0.4062,0.5871
1,NORMAL,1,7,SMOTEENN,GradientBoosting,868,319,2010-08-17,2013-10-21,0.2387,0.5423,0.5385,0.3158,0.5628
1,NORMAL,1,7,SMOTEENN,CatBoost,868,319,2010-08-17,2013-10-21,,,,,,unhashable type: 'numpy.ndarray'
1,NORMAL,1,8,SMOTE,XGBoost,868,319,2010-08-17,2013-10-21,0.254,0.5455,0.5366,0.3063,0.5165
1,NORMAL,1,8,SMOTE,LightGBM,868,319,2010-08-17,2013-10-21,0.3031,0.558,0.5418,0.3238,0.5281
1,NORMAL,1,8,SMOTE,RandomForest,868,319,2010-08-17,2013-10-21,0.2995,0.5455,0.5288,0.3704,0.5464
1,NORMAL,1,8,SMOTE,GradientBoosting,868,319,2010-08-17,2013-10-21,0.2432,0.5172,0.5083,0.2545,0.5
1,NORMAL,1,8,SMOTE,CatBoost,868,319,2010-08-17,2013-10-21,,,,,,unhashable type: 'numpy.ndarray'
1,NORMAL,1,8,BorderlineSMOTE,XGBoost,868,319,2010-08-17,2013-10-21,0.2585,0.5329,0.5239,0.2982,0.5333
1,NORMAL,1,8,BorderlineSMOTE,LightGBM,868,319,2010-08-17,2013-10-21,0.2888,0.5361,0.5218,0.3178,0.5227
1,NORMAL,1,8,BorderlineSMOTE,RandomForest,868,319,2010-08-17,2013-10-21,0.2746,0.5486,0.5326,0.3048,0.5389
1,NORMAL,1,8,BorderlineSMOTE,GradientBoosting,868,319,2010-08-17,2013-10-21,0.27,0.5361,0.5248,0.3036,0.5
1,NORMAL,1,8,BorderlineSMOTE,CatBoost,868,319,2010-08-17,2013-10-21,,,,,,unhashable type: 'numpy.ndarray'
1,NORMAL,1,8,ADASYN,XGBoost,868,319,2010-08-17,2013-10-21,0.2779,0.5517,0.5262,0.2936,0.5198
1,NORMAL,1,8,ADASYN,LightGBM,868,319,2010-08-17,2013-10-21,0.3036,0.5611,0.5496,0.3604,0.5085
1,NORMAL,1,8,ADASYN,RandomForest,868,319,2010-08-17,2013-10-21,0.291,0.5737,0.5427,0.283,0.5389
1,NORMAL,1,8,ADASYN,GradientBoosting,868,319,2010-08-17,2013-10-21,0.2687,0.5643,0.5435,0.3304,0.4971
1,NORMAL,1,8,ADASYN,CatBoost,868,319,2010-08-17,2013-10-21,,,,,,unhashable type: 'numpy.ndarray'
1,NORMAL,1,8,SMOTETomek,XGBoost,868,319,2010-08-17,2013-10-21,0.2629,0.5486,0.541,0.2963,0.5445
1,NORMAL,1,8,SMOTETomek,LightGBM,868,319,2010-08-17,2013-10-21,0.268,0.5643,0.558,0.3363,0.4693
1,NORMAL,1,8,SMOTETomek,RandomForest,868,319,2010-08-17,2013-10-21,0.2857,0.5361,0.5119,0.3269,0.5455
1,NORMAL,1,8,SMOTETomek,GradientBoosting,868,319,2010-08-17,2013-10-21,0.2482,0.5016,0.4971,0.2909,0.5169
1,NORMAL,1,8,SMOTETomek,CatBoost,868,319,2010-08-17,2013-10-21,,,,,,unhashable type: 'numpy.ndarray'
1,NORMAL,1,8,SMOTEENN,XGBoost,868,319,2010-08-17,2013-10-21,0.2565,0.5016,0.5015,0.4348,0.4327
1,NORMAL,1,8,SMOTEENN,LightGBM,868,319,2010-08-17,2013-10-21,0.2183,0.4702,0.4701,0.3226,0.426
1,NORMAL,1,8,SMOTEENN,RandomForest,868,319,2010-08-17,2013-10-21,0.2649,0.5204,0.5199,0.4615,0.4615
1,NORMAL,1,8,SMOTEENN,GradientBoosting,868,319,2010-08-17,2013-10-21,0.2332,0.4796,0.4792,0.3594,0.3929
1,NORMAL,1,8,SMOTEENN,CatBoost,868,319,2010-08-17,2013-10-21,,,,,,unhashable type: 'numpy.ndarray'
1,NORMAL,1,9,SMOTE,XGBoost,868,319,2010-08-17,2013-10-21,0.2981,0.5298,0.5234,0.3932,0.5838
1,NORMAL,1,9,SMOTE,LightGBM,868,319,2010-08-17,2013-10-21,0.2981,0.5361,0.5297,0.3717,0.5444
1,NORMAL,1,9,SMOTE,RandomForest,868,319,2010-08-17,2013-10-21,0.3317,0.5611,0.5433,0.4386,0.5871
1,NORMAL,1,9,SMOTE,GradientBoosting,868,319,2010-08-17,2013-10-21,0.287,0.5266,0.5205,0.3652,0.5604
1,NORMAL,1,9,SMOTE,CatBoost,868,319,2010-08-17,2013-10-21,,,,,,unhashable type: 'numpy.ndarray'
1,NORMAL,1,9,BorderlineSMOTE,XGBoost,868,319,2010-08-17,2013-10-21,0.3049,0.5392,0.5311,0.3684,0.5957
1,NORMAL,1,9,BorderlineSMOTE,LightGBM,868,319,2010-08-17,2013-10-21,0.294,0.5517,0.5446,0.2936,0.5699
1,NORMAL,1,9,BorderlineSMOTE,RandomForest,868,319,2010-08-17,2013-10-21,0.321,0.5831,0.5644,0.4483,0.5373
1,NORMAL,1,9,BorderlineSMOTE,GradientBoosting,868,319,2010-08-17,2013-10-21,0.2997,0.5361,0.5297,0.3826,0.5525
1,NORMAL,1,9,BorderlineSMOTE,CatBoost,868,319,2010-08-17,2013-10-21,,,,,,unhashable type: 'numpy.ndarray'
1,NORMAL,1,9,ADASYN,XGBoost,868,319,2010-08-17,2013-10-21,0.2933,0.5392,0.5211,0.3621,0.573
1,NORMAL,1,9,ADASYN,LightGBM,868,319,2010-08-17,2013-10-21,0.2895,0.5266,0.5191,0.3119,0.5169
1,NORMAL,1,9,ADASYN,RandomForest,868,319,2010-08-17,2013-10-21,0.3191,0.5862,0.5546,0.3894,0.5572
1,NORMAL,1,9,ADASYN,GradientBoosting,868,319,2010-08-17,2013-10-21,0.2887,0.5204,0.5111,0.4034,0.5414
1,NORMAL,1,9,ADASYN,CatBoost,868,319,2010-08-17,2013-10-21,,,,,,unhashable type: 'numpy.ndarray'
1,NORMAL,1,9,SMOTETomek,XGBoost,868,319,2010-08-17,2013-10-21,0.2961,0.5329,0.5239,0.3932,0.5699
1,NORMAL,1,9,SMOTETomek,LightGBM,868,319,2010-08-17,2013-10-21,0.2858,0.5141,0.5085,0.437,0.5111
1,NORMAL,1,9,SMOTETomek,RandomForest,868,319,2010-08-17,2013-10-21,0.3359,0.5674,0.5421,0.3818,0.5842
1,NORMAL,1,9,SMOTETomek,GradientBoosting,868,319,2010-08-17,2013-10-21,0.2735,0.5047,0.5006,0.3802,0.5363
1,NORMAL,1,9,SMOTETomek,CatBoost,868,319,2010-08-17,2013-10-21,,,,,,unhashable type: 'numpy.ndarray'
1,NORMAL,1,9,SMOTEENN,XGBoost,868,319,2010-08-17,2013-10-21,0.3229,0.5643,0.5483,0.32,0.601
1,NORMAL,1,9,SMOTEENN,LightGBM,868,319,2010-08-17,2013-10-21,0.3046,0.558,0.5395,0.3366,0.5532
1,NORMAL,1,9,SMOTEENN,RandomForest,868,319,2010-08-17,2013-10-21,0.3078,0.5643,0.5618,0.386,0.4916
1,NORMAL,1,9,SMOTEENN,GradientBoosting,868,319,2010-08-17,2013-10-21,0.2936,0.5705,0.5513,0.2474,0.5628
1,NORMAL,1,9,SMOTEENN,CatBoost,868,319,2010-08-17,2013-10-21,,,,,,unhashable type: 'numpy.ndarray'
1,NORMAL,1,10,SMOTE,XGBoost,868,319,2010-08-17,2013-10-21,0.2947,0.5423,0.5354,0.3423,0.5957
1,NORMAL,1,10,SMOTE,LightGBM,868,319,2010-08-17,2013-10-21,0.2971,0.5768,0.57,0.2593,0.5604
1,NORMAL,1,10,SMOTE,RandomForest,868,319,2010-08-17,2013-10-21,0.3312,0.5862,0.5671,0.4144,0.5813
1,NORMAL,1,10,SMOTE,GradientBoosting,868,319,2010-08-17,2013-10-21,0.2911,0.5455,0.5382,0.3333,0.5604
1,NORMAL,1,10,SMOTE,CatBoost,868,319,2010-08-17,2013-10-21,,,,,,unhashable type: 'numpy.ndarray'
1,NORMAL,1,10,BorderlineSMOTE,XGBoost,868,319,2010-08-17,2013-10-21,0.2919,0.5517,0.5453,0.3393,0.5699
1,NORMAL,1,10,BorderlineSMOTE,LightGBM,868,319,2010-08-17,2013-10-21,0.279,0.5361,0.5322,0.3214,0.5304
1,NORMAL,1,10,BorderlineSMOTE,RandomForest,868,319,2010-08-17,2013-10-21,0.3213,0.5643,0.538,0.4037,0.6117
1,NORMAL,1,10,BorderlineSMOTE,GradientBoosting,868,319,2010-08-17,2013-10-21,0.2908,0.5141,0.5071,0.354,0.5222
1,NORMAL,1,10,BorderlineSMOTE,CatBoost,868,319,2010-08-17,2013-10-21,,,,,,unhashable type: 'numpy.ndarray'
1,NORMAL,1,10,ADASYN,XGBoost,868,319,2010-08-17,2013-10-21,0.2928,0.5329,0.5202,0.3684,0.5699
1,NORMAL,1,10,ADASYN,LightGBM,868,319,2010-08-17,2013-10-21,0.2907,0.5266,0.5191,0.3214,0.5902
1,NORMAL,1,10,ADASYN,RandomForest,868,319,2010-08-17,2013-10-21,0.3411,0.5799,0.5539,0.4071,0.5672
1,NORMAL,1,10,ADASYN,GradientBoosting,868,319,2010-08-17,2013-10-21,0.259,0.5235,0.512,0.339,0.5029
1,NORMAL,1,10,ADASYN,CatBoost,868,319,2010-08-17,2013-10-21,,,,,,unhashable type: 'numpy.ndarray'
1,NORMAL,1,10,SMOTETomek,XGBoost,868,319,2010-08-17,2013-10-21,0.2738,0.5611,0.553,0.2545,0.5729
1,NORMAL,1,10,SMOTETomek,LightGBM,868,319,2010-08-17,2013-10-21,0.2664,0.5047,0.5,0.3333,0.5169
1,NORMAL,1,10,SMOTETomek,RandomForest,868,319,2010-08-17,2013-10-21,0.3051,0.5737,0.5487,0.3048,0.6019
1,NORMAL,1,10,SMOTETomek,GradientBoosting,868,319,2010-08-17,2013-10-21,0.2713,0.5298,0.5241,0.3091,0.5622
1,NORMAL,1,10,SMOTETomek,CatBoost,868,319,2010-08-17,2013-10-21,,,,,,unhashable type: 'numpy.ndarray'
1,NORMAL,1,10,SMOTEENN,XGBoost,868,319,2010-08-17,2013-10-21,0.2509,0.5141,0.5136,0.1136,0.5281
1,NORMAL,1,10,SMOTEENN,LightGBM,868,319,2010-08-17,2013-10-21,0.2805,0.5141,0.5109,0.2022,0.5635
1,NORMAL,1,10,SMOTEENN,RandomForest,868,319,2010-08-17,2013-10-21,0.256,0.489,0.4832,0.1895,0.5333
1,NORMAL,1,10,SMOTEENN,GradientBoosting,868,319,2010-08-17,2013-10-21,0.2838,0.5486,0.5453,0.1573,0.5638
1,NORMAL,1,10,SMOTEENN,CatBoost,868,319,2010-08-17,2013-10-21,,,,,,unhashable type: 'numpy.ndarray'
1,NORMAL,1,11,SMOTE,XGBoost,868,319,2010-08-17,2013-10-21,0.2802,0.5455,0.5374,0.2752,0.6073
1,NORMAL,1,11,SMOTE,LightGBM,868,319,2010-08-17,2013-10-21,0.2874,0.5549,0.5481,0.3119,0.5729
1,NORMAL,1,11,SMOTE,RandomForest,868,319,2010-08-17,2013-10-21,0.3242,0.5674,0.5421,0.3889,0.5951
1,NORMAL,1,11,SMOTE,GradientBoosting,868,319,2010-08-17,2013-10-21,0.264,0.4953,0.4872,0.2991,0.5957
1,NORMAL,1,11,SMOTE,CatBoost,868,319,2010-08-17,2013-10-21,,,,,,unhashable type: 'numpy.ndarray'
1,NORMAL,1,11,BorderlineSMOTE,XGBoost,868,319,2010-08-17,2013-10-21,0.3146,0.5455,0.5349,0.3784,0.6082
1,NORMAL,1,11,BorderlineSMOTE,LightGBM,868,319,2010-08-17,2013-10-21,0.2854,0.5392,0.5302,0.2883,0.582
1,NORMAL,1,11,BorderlineSMOTE,RandomForest,868,319,2010-08-17,2013-10-21,0.3356,0.5831,0.5594,0.3853,0.6049
1,NORMAL,1,11,BorderlineSMOTE,GradientBoosting,868,319,2010-08-17,2013-10-21,0.2767,0.5392,0.5294,0.3186,0.5846
1,NORMAL,1,11,BorderlineSMOTE,CatBoost,868,319,2010-08-17,2013-10-21,,,,,,unhashable type: 'numpy.ndarray'
1,NORMAL,1,11,ADASYN,XGBoost,868,319,2010-08-17,2013-10-21,0.2984,0.5361,0.5207,0.3509,0.5882
1,NORMAL,1,11,ADASYN,LightGBM,868,319,2010-08-17,2013-10-21,0.3002,0.5235,0.5147,0.3571,0.5495
1,NORMAL,1,11,ADASYN,RandomForest,868,319,2010-08-17,2013-10-21,0.3038,0.558,0.5283,0.3853,0.5842
1,NORMAL,1,11,ADASYN,GradientBoosting,868,319,2010-08-17,2013-10-21,0.2923,0.5078,0.4964,0.3652,0.5506
1,NORMAL,1,11,ADASYN,CatBoost,868,319,2010-08-17,2013-10-21,,,,,,unhashable type: 'numpy.ndarray'
1,NORMAL,1,11,SMOTETomek,XGBoost,868,319,2010-08-17,2013-10-21,0.2745,0.5361,0.5248,0.2745,0.551
1,NORMAL,1,11,SMOTETomek,LightGBM,868,319,2010-08-17,2013-10-21,0.2488,0.5047,0.4917,0.1856,0.5833
1,NORMAL,1,11,SMOTETomek,RandomForest,868,319,2010-08-17,2013-10-21,0.2884,0.5611,0.5396,0.2913,0.5797
1,NORMAL,1,11,SMOTETomek,GradientBoosting,868,319,2010-08-17,2013-10-21,0.2607,0.5141,0.5071,0.283,0.5426
1,NORMAL,1,11,SMOTETomek,CatBoost,868,319,2010-08-17,2013-10-21,,,,,,unhashable type: 'numpy.ndarray'
1,NORMAL,1,11,SMOTEENN,XGBoost,868,319,2010-08-17,2013-10-21,0.2588,0.5016,0.4869,0.2424,0.3522
1,NORMAL,1,11,SMOTEENN,LightGBM,868,319,2010-08-17,2013-10-21,0.2604,0.5078,0.4944,0.1778,0.3375
1,NORMAL,1,11,SMOTEENN,RandomForest,868,319,2010-08-17,2013-10-21,0.2637,0.4953,0.4727,0.2424,0.4588
1,NORMAL,1,11,SMOTEENN,GradientBoosting,868,319,2010-08-17,2013-10-21,0.2633,0.5016,0.4965,0.2941,0.3108
1,NORMAL,1,11,SMOTEENN,CatBoost,868,319,2010-08-17,2013-10-21,,,,,,unhashable type: 'numpy.ndarray'
1,NORMAL,1,12,SMOTE,XGBoost,868,319,2010-08-17,2013-10-21,0.2987,0.5361,0.529,0.3214,0.617
1,NORMAL,1,12,SMOTE,LightGBM,868,319,2010-08-17,2013-10-21,0.293,0.5549,0.5458,0.3455,0.5714
1,NORMAL,1,12,SMOTE,RandomForest,868,319,2010-08-17,2013-10-21,0.3176,0.5799,0.5462,0.3364,0.601
1,NORMAL,1,12,SMOTE,GradientBoosting,868,319,2010-08-17,2013-10-21,0.2706,0.5078,0.5,0.313,0.5806
1,NORMAL,1,12,SMOTE,CatBoost,868,319,2010-08-17,2013-10-21,,,,,,unhashable type: 'numpy.ndarray'
1,NORMAL,1,12,BorderlineSMOTE,XGBoost,868,319,2010-08-17,2013-10-21,0.2879,0.5204,0.5135,0.3455,0.573
1,NORMAL,1,12,BorderlineSMOTE,LightGBM,868,319,2010-08-17,2013-10-21,0.2978,0.5235,0.5201,0.367,0.5057
1,NORMAL,1,12,BorderlineSMOTE,RandomForest,868,319,2010-08-17,2013-10-21,0.3008,0.558,0.5329,0.3636,0.5657
1,NORMAL,1,12,BorderlineSMOTE,GradientBoosting,868,319,2010-08-17,2013-10-21,0.2611,0.4608,0.4535,0.3486,0.5227
1,NORMAL,1,12,BorderlineSMOTE,CatBoost,868,319,2010-08-17,2013-10-21,,,,,,unhashable type: 'numpy.ndarray'
1,NORMAL,1,12,ADASYN,XGBoost,868,319,2010-08-17,2013-10-21,0.2984,0.5047,0.4846,0.3717,0.6022
1,NORMAL,1,12,ADASYN,LightGBM,868,319,2010-08-17,2013-10-21,0.2746,0.5141,0.5047,0.3208,0.4918
1,NORMAL,1,12,ADASYN,RandomForest,868,319,2010-08-17,2013-10-21,0.3171,0.5705,0.5216,0.4074,0.5854
1,NORMAL,1,12,ADASYN,GradientBoosting,868,319,2010-08-17,2013-10-21,0.2805,0.5078,0.4933,0.3621,0.5198
1,NORMAL,1,12,ADASYN,CatBoost,868,319,2010-08-17,2013-10-21,,,,,,unhashable type: 'numpy.ndarray'
1,NORMAL,1,12,SMOTETomek,XGBoost,868,319,2010-08-17,2013-10-21,0.2744,0.5172,0.5132,0.2752,0.6211
1,NORMAL,1,12,SMOTETomek,LightGBM,868,319,2010-08-17,2013-10-21,0.3024,0.5172,0.5138,0.3604,0.5889
1,NORMAL,1,12,SMOTETomek,RandomForest,868,319,2010-08-17,2013-10-21,0.3179,0.5705,0.5475,0.3364,0.6049
1,NORMAL,1,12,SMOTETomek,GradientBoosting,868,319,2010-08-17,2013-10-21,0.2586,0.5141,0.5118,0.2407,0.5761
1,NORMAL,1,12,SMOTETomek,CatBoost,868,319,2010-08-17,2013-10-21,,,,,,unhashable type: 'numpy.ndarray'
1,NORMAL,1,12,SMOTEENN,XGBoost,868,319,2010-08-17,2013-10-21,0.2619,0.5361,0.5359,0.3019,0.4686
1,NORMAL,1,12,SMOTEENN,LightGBM,868,319,2010-08-17,2013-10-21,0.2636,0.5172,0.5172,0.4298,0.358
1,NORMAL,1,12,SMOTEENN,RandomForest,868,319,2010-08-17,2013-10-21,0.2702,0.5141,0.514,0.3866,0.5
1,NORMAL,1,12,SMOTEENN,GradientBoosting,868,319,2010-08-17,2013-10-21,0.2738,0.5486,0.5481,0.3966,0.3758
1,NORMAL,1,12,SMOTEENN,CatBoost,868,319,2010-08-17,2013-10-21,,,,,,unhashable type: 'numpy.ndarray'
1,NORMAL,1,13,SMOTE,XGBoost,868,319,2010-08-17,2013-10-21,0.3142,0.5392,0.5256,0.3636,0.5775
1,NORMAL,1,13,SMOTE,LightGBM,868,319,2010-08-17,2013-10-21,0.2965,0.5172,0.5114,0.4035,0.5111
1,NORMAL,1,13,SMOTE,RandomForest,868,319,2010-08-17,2013-10-21,0.3329,0.5674,0.5435,0.381,0.58
1,NORMAL,1,13,SMOTE,GradientBoosting,868,319,2010-08-17,2013-10-21,0.2861,0.5423,0.5261,0.3273,0.5532
1,NORMAL,1,13,SMOTE,CatBoost,868,319,2010-08-17,2013-10-21,,,,,,unhashable type: 'numpy.ndarray'
1,NORMAL,1,13,BorderlineSMOTE,XGBoost,868,319,2010-08-17,2013-10-21,0.3007,0.5361,0.5248,0.3423,0.5792
1,NORMAL,1,13,BorderlineSMOTE,LightGBM,868,319,2010-08-17,2013-10-21,0.2745,0.5329,0.5212,0.3396,0.5579
1,NORMAL,1,13,BorderlineSMOTE,RandomForest,868,319,2010-08-17,2013-10-21,0.3302,0.5831,0.5667,0.4144,0.5657
1,NORMAL,1,13,BorderlineSMOTE,GradientBoosting,868,319,2010-08-17,2013-10-21,0.2661,0.511,0.5036,0.354,0.514
1,NORMAL,1,13,BorderlineSMOTE,CatBoost,868,319,2010-08-17,2013-10-21,,,,,,unhashable type: 'numpy.ndarray'
1,NORMAL,1,13,ADASYN,XGBoost,868,319,2010-08-17,2013-10-21,0.2928,0.5361,0.5146,0.386,0.5699
1,NORMAL,1,13,ADASYN,LightGBM,868,319,2010-08-17,2013-10-21,0.2998,0.5204,0.504,0.3964,0.5311
1,NORMAL,1,13,ADASYN,RandomForest,868,319,2010-08-17,2013-10-21,0.3297,0.5799,0.5478,0.3964,0.5911
1,NORMAL,1,13,ADASYN,GradientBoosting,868,319,2010-08-17,2013-10-21,0.2987,0.5235,0.511,0.3826,0.5281
1,NORMAL,1,13,ADASYN,CatBoost,868,319,2010-08-17,2013-10-21,,,,,,unhashable type: 'numpy.ndarray'
1,NORMAL,1,13,SMOTETomek,XGBoost,868,319,2010-08-17,2013-10-21,0.3141,0.5674,0.5578,0.3784,0.63
1,NORMAL,1,13,SMOTETomek,LightGBM,868,319,2010-08-17,2013-10-21,0.307,0.5361,0.5304,0.3652,0.6162
1,NORMAL,1,13,SMOTETomek,RandomForest,868,319,2010-08-17,2013-10-21,0.3232,0.5799,0.5567,0.3704,0.6244
1,NORMAL,1,13,SMOTETomek,GradientBoosting,868,319,2010-08-17,2013-10-21,0.2913,0.5423,0.5361,0.3509,0.5792
1,NORMAL,1,13,SMOTETomek,CatBoost,868,319,2010-08-17,2013-10-21,,,,,,unhashable type: 'numpy.ndarray'
1,NORMAL,1,13,SMOTEENN,XGBoost,868,319,2010-08-17,2013-10-21,0.1837,0.4922,0.4828,0.0247,0.4865
1,NORMAL,1,13,SMOTEENN,LightGBM,868,319,2010-08-17,2013-10-21,0.232,0.4922,0.492,0.2,0.4767
1,NORMAL,1,13,SMOTEENN,RandomForest,868,319,2010-08-17,2013-10-21,0.2294,0.5172,0.5155,0.1364,0.5081
1,NORMAL,1,13,SMOTEENN,GradientBoosting,868,319,2010-08-17,2013-10-21,0.2295,0.5266,0.5263,0.1379,0.4767
1,NORMAL,1,13,SMOTEENN,CatBoost,868,319,2010-08-17,2013-10-21,,,,,,unhashable type: 'numpy.ndarray'
1,NORMAL,1,14,SMOTE,XGBoost,868,319,2010-08-17,2013-10-21,0.2986,0.5141,0.5071,0.3929,0.5714
1,NORMAL,1,14,SMOTE,LightGBM,868,319,2010-08-17,2013-10-21,0.3097,0.5266,0.5212,0.4348,0.5635
1,NORMAL,1,14,SMOTE,RandomForest,868,319,2010-08-17,2013-10-21,0.3385,0.5611,0.5383,0.3889,0.599
1,NORMAL,1,14,SMOTE,GradientBoosting,868,319,2010-08-17,2013-10-21,0.3018,0.5266,0.5198,0.3818,0.5304
1,NORMAL,1,14,SMOTE,CatBoost,868,319,2010-08-17,2013-10-21,,,,,,unhashable type: 'numpy.ndarray'
1,NORMAL,1,14,BorderlineSMOTE,XGBoost,868,319,2010-08-17,2013-10-21,0.3291,0.5423,0.5293,0.3784,0.5622
1,NORMAL,1,14,BorderlineSMOTE,LightGBM,868,319,2010-08-17,2013-10-21,0.31,0.5141,0.5098,0.4144,0.5402
1,NORMAL,1,14,BorderlineSMOTE,RandomForest,868,319,2010-08-17,2013-10-21,0.3232,0.5768,0.5499,0.3962,0.5951
1,NORMAL,1,14,BorderlineSMOTE,GradientBoosting,868,319,2010-08-17,2013-10-21,0.284,0.5204,0.5135,0.3717,0.4828
1,NORMAL,1,14,BorderlineSMOTE,CatBoost,868,319,2010-08-17,2013-10-21,,,,,,unhashable type: 'numpy.ndarray'
1,NORMAL,1,14,ADASYN,XGBoost,868,319,2010-08-17,2013-10-21,0.2795,0.5204,0.4975,0.3717,0.5455
1,NORMAL,1,14,ADASYN,LightGBM,868,319,2010-08-17,2013-10-21,0.3018,0.5235,0.5129,0.4957,0.5761
1,NORMAL,1,14,ADASYN,RandomForest,868,319,2010-08-17,2013-10-21,0.3144,0.5643,0.5301,0.3585,0.598
1,NORMAL,1,14,ADASYN,GradientBoosting,868,319,2010-08-17,2013-10-21,0.2873,0.5016,0.4869,0.3818,0.5143
1,NORMAL,1,14,ADASYN,CatBoost,868,319,2010-08-17,2013-10-21,,,,,,unhashable type: 'numpy.ndarray'
1,NORMAL,1,14,SMOTETomek,XGBoost,868,319,2010-08-17,2013-10-21,0.2904,0.5141,0.5038,0.4037,0.5376
1,NORMAL,1,14,SMOTETomek,LightGBM,868,319,2010-08-17,2013-10-21,0.2591,0.5078,0.5022,0.3571,0.4944
1,NORMAL,1,14,SMOTETomek,RandomForest,868,319,2010-08-17,2013-10-21,0.3071,0.5455,0.5349,0.3964,0.5744
1,NORMAL,1,14,SMOTETomek,GradientBoosting,868,319,2010-08-17,2013-10-21,0.2705,0.511,0.5036,0.3571,0.5414
1,NORMAL,1,14,SMOTETomek,CatBoost,868,319,2010-08-17,2013-10-21,,,,,,unhashable type: 'numpy.ndarray'
1,NORMAL,1,14,SMOTEENN,XGBoost,868,319,2010-08-17,2013-10-21,0.2875,0.5235,0.5206,0.4065,0.5376
1,NORMAL,1,14,SMOTEENN,LightGBM,868,319,2010-08-17,2013-10-21,0.2674,0.5361,0.531,0.4409,0.4762
1,NORMAL,1,14,SMOTEENN,RandomForest,868,319,2010-08-17,2013-10-21,0.3042,0.5831,0.5803,0.5147,0.5081
1,NORMAL,1,14,SMOTEENN,GradientBoosting,868,319,2010-08-17,2013-10-21,0.2831,0.5235,0.521,0.4923,0.4972
1,NORMAL,1,14,SMOTEENN,CatBoost,868,319,2010-08-17,2013-10-21,,,,,,unhashable type: 'numpy.ndarray'
1,NORMAL,1,15,SMOTE,XGBoost,868,319,2010-08-17,2013-10-21,0.3263,0.558,0.5439,0.3929,0.6091
1,NORMAL,1,15,SMOTE,LightGBM,868,319,2010-08-17,2013-10-21,0.2914,0.5329,0.5239,0.3684,0.5684
1,NORMAL,1,15,SMOTE,RandomForest,868,319,2010-08-17,2013-10-21,0.3271,0.5611,0.5396,0.4037,0.5743
1,NORMAL,1,15,SMOTE,GradientBoosting,868,319,2010-08-17,2013-10-21,0.2894,0.5204,0.5119,0.3761,0.5587
1,NORMAL,1,15,SMOTE,CatBoost,868,319,2010-08-17,2013-10-21,,,,,,unhashable type: 'numpy.ndarray'
1,NORMAL,1,15,BorderlineSMOTE,XGBoost,868,319,2010-08-17,2013-10-21,0.3204,0.5611,0.5505,0.4174,0.5775
1,NORMAL,1,15,BorderlineSMOTE,LightGBM,868,319,2010-08-17,2013-10-21,0.2995,0.5266,0.5147,0.3964,0.6032
1,NORMAL,1,15,BorderlineSMOTE,RandomForest,868,319,2010-08-17,2013-10-21,0.3201,0.5768,0.5527,0.3889,0.5871
1,NORMAL,1,15,BorderlineSMOTE,GradientBoosting,868,319,2010-08-17,2013-10-21,0.3048,0.5266,0.5157,0.4,0.5652
1,NORMAL,1,15,BorderlineSMOTE,CatBoost,868,319,2010-08-17,2013-10-21,,,,,,unhashable type: 'numpy.ndarray'
1,NORMAL,1,15,ADASYN,XGBoost,868,319,2010-08-17,2013-10-21,0.3269,0.5737,0.554,0.4068,0.6042
1,NORMAL,1,15,ADASYN,LightGBM,868,319,2010-08-17,2013-10-21,0.3006,0.5455,0.5299,0.3894,0.6064
1,NORMAL,1,15,ADASYN,RandomForest,868,319,2010-08-17,2013-10-21,0.3275,0.5705,0.5237,0.3366,0.6226
1,NORMAL,1,15,ADASYN,GradientBoosting,868,319,2010-08-17,2013-10-21,0.2961,0.5204,0.5003,0.4035,0.5055
1,NORMAL,1,15,ADASYN,CatBoost,868,319,2010-08-17,2013-10-21,,,,,,unhashable type: 'numpy.ndarray'
1,NORMAL,1,15,SMOTETomek,XGBoost,868,319,2010-08-17,2013-10-21,0.3139,0.5517,0.5453,0.4,0.5652
1,NORMAL,1,15,SMOTETomek,LightGBM,868,319,2010-08-17,2013-10-21,0.3029,0.5298,0.5247,0.3604,0.6011
1,NORMAL,1,15,SMOTETomek,RandomForest,868,319,2010-08-17,2013-10-21,0.3076,0.5486,0.5315,0.4,0.5628
1,NORMAL,1,15,SMOTETomek,GradientBoosting,868,319,2010-08-17,2013-10-21,0.2978,0.5266,0.5183,0.4035,0.5591
1,NORMAL,1,15,SMOTETomek,CatBoost,868,319,2010-08-17,2013-10-21,,,,,,unhashable type: 'numpy.ndarray'
1,NORMAL,1,15,SMOTEENN,XGBoost,868,319,2010-08-17,2013-10-21,0.2247,0.4671,0.4638,0.2222,0.3797
1,NORMAL,1,15,SMOTEENN,LightGBM,868,319,2010-08-17,2013-10-21,0.2303,0.4859,0.4853,0.2545,0.3797
1,NORMAL,1,15,SMOTEENN,RandomForest,868,319,2010-08-17,2013-10-21,0.2527,0.4984,0.4958,0.283,0.4393
1,NORMAL,1,15,SMOTEENN,GradientBoosting,868,319,2010-08-17,2013-10-21,0.2231,0.4859,0.4841,0.1748,0.4099
1,NORMAL,1,15,SMOTEENN,CatBoost,868,319,2010-08-17,2013-10-21,,,,,,unhashable type: 'numpy.ndarray'
1,STRESS,1,5,SMOTE,XGBoost,846,115,2010-08-17,2013-10-21,0.2595,0.5391,0.5181,0.2424,0.3934
1,STRESS,1,5,SMOTE,LightGBM,846,115,2010-08-17,2013-10-21,0.2867,0.5739,0.5632,0.4,0.3871
1,STRESS,1,5,SMOTE,RandomForest,846,115,2010-08-17,2013-10-21,0.2811,0.5478,0.54,0.3429,0.4127
1,STRESS,1,5,SMOTE,GradientBoosting,846,115,2010-08-17,2013-10-21,0.2537,0.5652,0.5399,0.3243,0.3607
1,STRESS,1,5,SMOTE,CatBoost,846,115,2010-08-17,2013-10-21,,,,,,unhashable type: 'numpy.ndarray'
1,STRESS,1,5,BorderlineSMOTE,XGBoost,846,115,2010-08-17,2013-10-21,0.2362,0.5739,0.5428,0.2353,0.3448
1,STRESS,1,5,BorderlineSMOTE,LightGBM,846,115,2010-08-17,2013-10-21,0.2823,0.5739,0.5545,0.3243,0.3871
1,STRESS,1,5,BorderlineSMOTE,RandomForest,846,115,2010-08-17,2013-10-21,0.3031,0.6261,0.6167,0.3333,0.4333
1,STRESS,1,5,BorderlineSMOTE,GradientBoosting,846,115,2010-08-17,2013-10-21,0.2253,0.5478,0.5171,0.3243,0.3103
1,STRESS,1,5,BorderlineSMOTE,CatBoost,846,115,2010-08-17,2013-10-21,,,,,,unhashable type: 'numpy.ndarray'
1,STRESS,1,5,ADASYN,XGBoost,846,115,2010-08-17,2013-10-21,0.2361,0.5826,0.5284,0.3429,0.2857
1,STRESS,1,5,ADASYN,LightGBM,846,115,2010-08-17,2013-10-21,0.2424,0.5304,0.5109,0.3784,0.381
1,STRESS,1,5,ADASYN,RandomForest,846,115,2010-08-17,2013-10-21,0.2507,0.5217,0.5097,0.3784,0.3214
1,STRESS,1,5,ADASYN,GradientBoosting,846,115,2010-08-17,2013-10-21,0.2418,0.5739,0.5217,0.3243,0.3103
1,STRESS,1,5,ADASYN,CatBoost,846,115,2010-08-17,2013-10-21,,,,,,unhashable type: 'numpy.ndarray'
1,STRESS,1,5,SMOTETomek,XGBoost,846,115,2010-08-17,2013-10-21,0.2694,0.5043,0.4946,0.25,0.4
1,STRESS,1,5,SMOTETomek,LightGBM,846,115,2010-08-17,2013-10-21,0.2545,0.5478,0.5254,0.2857,0.4068
1,STRESS,1,5,SMOTETomek,RandomForest,846,115,2010-08-17,2013-10-21,0.2626,0.4957,0.4891,0.3889,0.4194
1,STRESS,1,5,SMOTETomek,GradientBoosting,846,115,2010-08-17,2013-10-21,0.2669,0.5652,0.5437,0.2857,0.3934
1,STRESS,1,5,SMOTETomek,CatBoost,846,115,2010-08-17,2013-10-21,,,,,,unhashable type: 'numpy.ndarray'
1,STRESS,1,5,SMOTEENN,XGBoost,846,115,2010-08-17,2013-10-21,0.2946,0.487,0.4856,0.3784,0.5625
1,STRESS,1,5,SMOTEENN,LightGBM,846,115,2010-08-17,2013-10-21,0.2631,0.4696,0.4694,0.3784,0.4918
1,STRESS,1,5,SMOTEENN,RandomForest,846,115,2010-08-17,2013-10-21,0.284,0.4783,0.4779,0.4,0.4918
1,STRESS,1,5,SMOTEENN,GradientBoosting,846,115,2010-08-17,2013-10-21,0.2851,0.4957,0.491,0.4,0.5625
1,STRESS,1,5,SMOTEENN,CatBoost,846,115,2010-08-17,2013-10-21,,,,,,unhashable type: 'numpy.ndarray'
1,STRESS,1,6,SMOTE,XGBoost,846,115,2010-08-17,2013-10-21,0.2588,0.4957,0.4815,0.2857,0.4516
1,STRESS,1,6,SMOTE,LightGBM,846,115,2010-08-17,2013-10-21,0.2661,0.5826,0.5652,0.2778,0.4688
1,STRESS,1,6,SMOTE,RandomForest,846,115,2010-08-17,2013-10-21,0.3206,0.5739,0.5718,0.4,0.459
1,STRESS,1,6,SMOTE,GradientBoosting,846,115,2010-08-17,2013-10-21,0.2538,0.5304,0.4936,0.2941,0.4375
1,STRESS,1,6,SMOTE,CatBoost,846,115,2010-08-17,2013-10-21,,,,,,unhashable type: 'numpy.ndarray'
1,STRESS,1,6,BorderlineSMOTE,XGBoost,846,115,2010-08-17,2013-10-21,0.2546,0.5304,0.5142,0.2424,0.5
1,STRESS,1,6,BorderlineSMOTE,LightGBM,846,115,2010-08-17,2013-10-21,0.2569,0.5217,0.5123,0.2353,0.4516
1,STRESS,1,6,BorderlineSMOTE,RandomForest,846,115,2010-08-17,2013-10-21,0.3075,0.5478,0.5437,0.2581,0.5079
1,STRESS,1,6,BorderlineSMOTE,GradientBoosting,846,115,2010-08-17,2013-10-21,0.265,0.4957,0.4869,0.3429,0.4667
1,STRESS,1,6,BorderlineSMOTE,CatBoost,846,115,2010-08-17,2013-10-21,,,,,,unhashable type: 'numpy.ndarray'
1,STRESS,1,6,ADASYN,XGBoost,846,115,2010-08-17,2013-10-21,0.2744,0.5826,0.5148,0.303,0.3729
1,STRESS,1,6,ADASYN,LightGBM,846,115,2010-08-17,2013-10-21,0.2881,0.5391,0.5216,0.2941,0.5
1,STRESS,1,6,ADASYN,RandomForest,846,115,2010-08-17,2013-10-21,0.2946,0.5652,0.5625,0.3429,0.4068
1,STRESS,1,6,ADASYN,GradientBoosting,846,115,2010-08-17,2013-10-21,0.2622,0.5652,0.4945,0.303,0.4127
1,STRESS,1,6,ADASYN,CatBoost,846,115,2010-08-17,2013-10-21,,,,,,unhashable type: 'numpy.ndarray'
1,STRESS,1,6,SMOTETomek,XGBoost,846,115,2010-08-17,2013-10-21,0.2951,0.5391,0.53,0.2424,0.5231
1,STRESS,1,6,SMOTETomek,LightGBM,846,115,2010-08-17,2013-10-21,0.2775,0.5565,0.5478,0.3889,0.3667
1,STRESS,1,6,SMOTETomek,RandomForest,846,115,2010-08-17,2013-10-21,0.3052,0.5478,0.5475,0.4118,0.4
1,STRESS,1,6,SMOTETomek,GradientBoosting,846,115,2010-08-17,2013-10-21,0.2808,0.5391,0.5248,0.2941,0.5
1,STRESS,1,6,SMOTETomek,CatBoost,846,115,2010-08-17,2013-10-21,,,,,,unhashable type: 'numpy.ndarray'
1,STRESS,1,6,SMOTEENN,XGBoost,846,115,2010-08-17,2013-10-21,0.1999,0.5043,0.4946,0.1935,0.3934
1,STRESS,1,6,SMOTEENN,LightGBM,846,115,2010-08-17,2013-10-21,0.2211,0.5304,0.5244,0.2424,0.4194
1,STRESS,1,6,SMOTEENN,RandomForest,846,115,2010-08-17,2013-10-21,0.2318,0.5391,0.53,0.2778,0.459
1,STRESS,1,6,SMOTEENN,GradientBoosting,846,115,2010-08-17,2013-10-21,0.2252,0.5304,0.5199,0.25,0.4127
1,STRESS,1,6,SMOTEENN,CatBoost,846,115,2010-08-17,2013-10-21,,,,,,unhashable type: 'numpy.ndarray'
1,STRESS,1,7,SMOTE,XGBoost,846,115,2010-08-17,2013-10-21,0.3204,0.5913,0.5786,0.3684,0.4848
1,STRESS,1,7,SMOTE,LightGBM,846,115,2010-08-17,2013-10-21,0.3021,0.5826,0.5733,0.439,0.3871
1,STRESS,1,7,SMOTE,RandomForest,846,115,2010-08-17,2013-10-21,0.3225,0.5304,0.5261,0.5714,0.5152
1,STRESS,1,7,SMOTE,GradientBoosting,846,115,2010-08-17,2013-10-21,0.2952,0.5913,0.5727,0.3684,0.4615
1,STRESS,1,7,SMOTE,CatBoost,846,115,2010-08-17,2013-10-21,,,,,,unhashable type: 'numpy.ndarray'
1,STRESS,1,7,BorderlineSMOTE,XGBoost,846,115,2010-08-17,2013-10-21,0.2993,0.5739,0.5606,0.3158,0.4688
1,STRESS,1,7,BorderlineSMOTE,LightGBM,846,115,2010-08-17,2013-10-21,0.2908,0.5739,0.5655,0.3684,0.4194
1,STRESS,1,7,BorderlineSMOTE,RandomForest,846,115,2010-08-17,2013-10-21,0.3418,0.5739,0.5606,0.4211,0.5294
1,STRESS,1,7,BorderlineSMOTE,GradientBoosting,846,115,2010-08-17,2013-10-21,0.2906,0.5739,0.5577,0.2941,0.3871
1,STRESS,1,7,BorderlineSMOTE,CatBoost,846,115,2010-08-17,2013-10-21,,,,,,unhashable type: 'numpy.ndarray'
1,STRESS,1,7,ADASYN,XGBoost,846,115,2010-08-17,2013-10-21,0.3514,0.6696,0.6314,0.4615,0.4776
1,STRESS,1,7,ADASYN,LightGBM,846,115,2010-08-17,2013-10-21,0.2422,0.5565,0.5454,0.2105,0.381
1,STRESS,1,7,ADASYN,RandomForest,846,115,2010-08-17,2013-10-21,0.3394,0.5652,0.5555,0.4103,0.6
1,STRESS,1,7,ADASYN,GradientBoosting,846,115,2010-08-17,2013-10-21,0.3391,0.6696,0.6314,0.45,0.4308
1,STRESS,1,7,ADASYN,CatBoost,846,115,2010-08-17,2013-10-21,,,,,,unhashable type: 'numpy.ndarray'
1,STRESS,1,7,SMOTETomek,XGBoost,846,115,2010-08-17,2013-10-21,0.3093,0.6,0.5888,0.2857,0.4848
1,STRESS,1,7,SMOTETomek,LightGBM,846,115,2010-08-17,2013-10-21,0.2837,0.5478,0.54,0.3243,0.3871
1,STRESS,1,7,SMOTETomek,RandomForest,846,115,2010-08-17,2013-10-21,0.3382,0.513,0.5121,0.5854,0.4762
1,STRESS,1,7,SMOTETomek,GradientBoosting,846,115,2010-08-17,2013-10-21,0.2937,0.6,0.5911,0.3684,0.4062
1,STRESS,1,7,SMOTETomek,CatBoost,846,115,2010-08-17,2013-10-21,,,,,,unhashable type: 'numpy.ndarray'
1,STRESS,1,7,SMOTEENN,XGBoost,846,115,2010-08-17,2013-10-21,0.1969,0.487,0.4863,0.0667,0.5217
1,STRESS,1,7,SMOTEENN,LightGBM,846,115,2010-08-17,2013-10-21,0.2418,0.5043,0.5037,0.2353,0.5753
1,STRESS,1,7,SMOTEENN,RandomForest,846,115,2010-08-17,2013-10-21,0.2654,0.487,0.4768,0.3889,0.5079
1,STRESS,1,7,SMOTEENN,GradientBoosting,846,115,2010-08-17,2013-10-21,0.1895,0.4957,0.4956,0.0667,0.507
1,STRESS,1,7,SMOTEENN,CatBoost,846,115,2010-08-17,2013-10-21,,,,,,unhashable type: 'numpy.ndarray'
1,STRESS,1,8,SMOTE,XGBoost,846,115,2010-08-17,2013-10-21,0.296,0.6174,0.6042,0.3333,0.5143
1,STRESS,1,8,SMOTE,LightGBM,846,115,2010-08-17,2013-10-21,0.2922,0.5565,0.5427,0.3429,0.5075
1,STRESS,1,8,SMOTE,RandomForest,846,115,2010-08-17,2013-10-21,0.2915,0.6,0.5833,0.1875,0.5507
1,STRESS,1,8,SMOTE,GradientBoosting,846,115,2010-08-17,2013-10-21,0.2795,0.5913,0.5758,0.2857,0.4444
1,STRESS,1,8,SMOTE,CatBoost,846,115,2010-08-17,2013-10-21,,,,,,unhashable type: 'numpy.ndarray'
1,STRESS,1,8,BorderlineSMOTE,XGBoost,846,115,2010-08-17,2013-10-21,0.3085,0.6174,0.6067,0.3243,0.5
1,STRESS,1,8,BorderlineSMOTE,LightGBM,846,115,2010-08-17,2013-10-21,0.3238,0.6174,0.6088,0.3784,0.5217
1,STRESS,1,8,BorderlineSMOTE,RandomForest,846,115,2010-08-17,2013-10-21,0.3129,0.5565,0.5544,0.3529,0.5231
1,STRESS,1,8,BorderlineSMOTE,GradientBoosting,846,115,2010-08-17,2013-10-21,0.2818,0.5739,0.5577,0.2778,0.4923
1,STRESS,1,8,BorderlineSMOTE,CatBoost,846,115,2010-08-17,2013-10-21,,,,,,unhashable type: 'numpy.ndarray'
1,STRESS,1,8,ADASYN,XGBoost,846,115,2010-08-17,2013-10-21,0.3206,0.6609,0.624,0.4324,0.3871
1,STRESS,1,8,ADASYN,LightGBM,846,115,2010-08-17,2013-10-21,0.2603,0.5739,0.5606,0.2703,0.3934
1,STRESS,1,8,ADASYN,RandomForest,846,115,2010-08-17,2013-10-21,0.3048,0.5739,0.5577,0.3243,0.5758
1,STRESS,1,8,ADASYN,GradientBoosting,846,115,2010-08-17,2013-10-21,0.2737,0.6087,0.5712,0.2941,0.4262
1,STRESS,1,8,ADASYN,CatBoost,846,115,2010-08-17,2013-10-21,,,,,,unhashable type: 'numpy.ndarray'
1,STRESS,1,8,SMOTETomek,XGBoost,846,115,2010-08-17,2013-10-21,0.2703,0.6261,0.6167,0.2222,0.4848
1,STRESS,1,8,SMOTETomek,LightGBM,846,115,2010-08-17,2013-10-21,0.2918,0.5739,0.5632,0.3333,0.4194
1,STRESS,1,8,SMOTETomek,RandomForest,846,115,2010-08-17,2013-10-21,0.2969,0.5826,0.5682,0.2941,0.5429
1,STRESS,1,8,SMOTETomek,GradientBoosting,846,115,2010-08-17,2013-10-21,0.2651,0.5652,0.553,0.1765,0.459
1,STRESS,1,8,SMOTETomek,CatBoost,846,115,2010-08-17,2013-10-21,,,,,,unhashable type: 'numpy.ndarray'
1,STRESS,1,8,SMOTEENN,XGBoost,846,115,2010-08-17,2013-10-21,0.2656,0.5913,0.5912,0.1379,0.5429
1,STRESS,1,8,SMOTEENN,LightGBM,846,115,2010-08-17,2013-10-21,0.2834,0.5652,0.5652,0.1935,0.6197
1,STRESS,1,8,SMOTEENN,RandomForest,846,115,2010-08-17,2013-10-21,0.2918,0.6087,0.6068,0.1875,0.6216
1,STRESS,1,8,SMOTEENN,GradientBoosting,846,115,2010-08-17,2013-10-21,0.2659,0.5304,0.5295,0.25,0.4928
1,STRESS,1,8,SMOTEENN,CatBoost,846,115,2010-08-17,2013-10-21,,,,,,unhashable type: 'numpy.ndarray'
1,STRESS,1,9,SMOTE,XGBoost,846,115,2010-08-17,2013-10-21,0.2642,0.5652,0.553,0.2778,0.4848
1,STRESS,1,9,SMOTE,LightGBM,846,115,2010-08-17,2013-10-21,0.2673,0.5826,0.5709,0.3158,0.4375
1,STRESS,1,9,SMOTE,RandomForest,846,115,2010-08-17,2013-10-21,0.3346,0.6,0.5802,0.3889,0.5634
1,STRESS,1,9,SMOTE,GradientBoosting,846,115,2010-08-17,2013-10-21,0.3015,0.6087,0.5965,0.3333,0.5152
1,STRESS,1,9,SMOTE,CatBoost,846,115,2010-08-17,2013-10-21,,,,,,unhashable type: 'numpy.ndarray'
1,STRESS,1,9,BorderlineSMOTE,XGBoost,846,115,2010-08-17,2013-10-21,0.3316,0.5913,0.581,0.3333,0.5507
1,STRESS,1,9,BorderlineSMOTE,LightGBM,846,115,2010-08-17,2013-10-21,0.326,0.6087,0.5965,0.3333,0.5075
1,STRESS,1,9,BorderlineSMOTE,RandomForest,846,115,2010-08-17,2013-10-21,0.3083,0.5826,0.5754,0.2353,0.5373
1,STRESS,1,9,BorderlineSMOTE,GradientBoosting,846,115,2010-08-17,2013-10-21,0.3063,0.5652,0.5555,0.3333,0.4516
1,STRESS,1,9,BorderlineSMOTE,CatBoost,846,115,2010-08-17,2013-10-21,,,,,,unhashable type: 'numpy.ndarray'
1,STRESS,1,9,ADASYN,XGBoost,846,115,2010-08-17,2013-10-21,0.2722,0.5826,0.54,0.2778,0.4444
1,STRESS,1,9,ADASYN,LightGBM,846,115,2010-08-17,2013-10-21,0.2784,0.6087,0.601,0.4,0.2759
1,STRESS,1,9,ADASYN,RandomForest,846,115,2010-08-17,2013-10-21,0.3159,0.5826,0.5652,0.4211,0.5152
1,STRESS,1,9,ADASYN,GradientBoosting,846,115,2010-08-17,2013-10-21,0.2667,0.6174,0.5831,0.3684,0.3607
1,STRESS,1,9,ADASYN,CatBoost,846,115,2010-08-17,2013-10-21,,,,,,unhashable type: 'numpy.ndarray'
1,STRESS,1,9,SMOTETomek,XGBoost,846,115,2010-08-17,2013-10-21,0.3054,0.5913,0.5758,0.2857,0.4545
1,STRESS,1,9,SMOTETomek,LightGBM,846,115,2010-08-17,2013-10-21,0.3032,0.6435,0.6364,0.4545,0.4412
1,STRESS,1,9,SMOTETomek,RandomForest,846,115,2010-08-17,2013-10-21,0.3255,0.6261,0.6025,0.2857,0.5789
1,STRESS,1,9,SMOTETomek,GradientBoosting,846,115,2010-08-17,2013-10-21,0.3191,0.6348,0.6222,0.3243,0.4375
1,STRESS,1,9,SMOTETomek,CatBoost,846,115,2010-08-17,2013-10-21,,,,,,unhashable type: 'numpy.ndarray'
1,STRESS,1,9,SMOTEENN,XGBoost,846,115,2010-08-17,2013-10-21,0.2741,0.5304,0.5223,0.4324,0.5231
1,STRESS,1,9,SMOTEENN,LightGBM,846,115,2010-08-17,2013-10-21,0.2579,0.5391,0.5322,0.3889,0.4
1,STRESS,1,9,SMOTEENN,RandomForest,846,115,2010-08-17,2013-10-21,0.3275,0.5739,0.5675,0.5,0.4839
1,STRESS,1,9,SMOTEENN,GradientBoosting,846,115,2010-08-17,2013-10-21,0.2895,0.5826,0.5754,0.4324,0.5373
1,STRESS,1,9,SMOTEENN,CatBoost,846,115,2010-08-17,2013-10-21,,,,,,unhashable type: 'numpy.ndarray'
1,STRESS,1,10,SMOTE,XGBoost,846,115,2010-08-17,2013-10-21,0.2279,0.5043,0.4989,0.2286,0.3793
1,STRESS,1,10,SMOTE,LightGBM,846,115,2010-08-17,2013-10-21,0.2479,0.513,0.4962,0.2353,0.4262
1,STRESS,1,10,SMOTE,RandomForest,846,115,2010-08-17,2013-10-21,0.2791,0.5304,0.5244,0.1935,0.5231
1,STRESS,1,10,SMOTE,GradientBoosting,846,115,2010-08-17,2013-10-21,0.2682,0.5565,0.5454,0.2778,0.4516
1,STRESS,1,10,SMOTE,CatBoost,846,115,2010-08-17,2013-10-21,,,,,,unhashable type: 'numpy.ndarray'
1,STRESS,1,10,BorderlineSMOTE,XGBoost,846,115,2010-08-17,2013-10-21,0.2864,0.5739,0.5675,0.3158,0.4667
1,STRESS,1,10,BorderlineSMOTE,LightGBM,846,115,2010-08-17,2013-10-21,0.2454,0.5739,0.5632,0.3158,0.3871
1,STRESS,1,10,BorderlineSMOTE,RandomForest,846,115,2010-08-17,2013-10-21,0.3006,0.5565,0.5499,0.2941,0.5294
1,STRESS,1,10,BorderlineSMOTE,GradientBoosting,846,115,2010-08-17,2013-10-21,0.295,0.5565,0.5499,0.4103,0.4839
1,STRESS,1,10,BorderlineSMOTE,CatBoost,846,115,2010-08-17,2013-10-21,,,,,,unhashable type: 'numpy.ndarray'
1,STRESS,1,10,ADASYN,XGBoost,846,115,2010-08-17,2013-10-21,0.236,0.5739,0.5083,0.1818,0.4333
1,STRESS,1,10,ADASYN,LightGBM,846,115,2010-08-17,2013-10-21,0.2666,0.5652,0.5502,0.3684,0.3333
1,STRESS,1,10,ADASYN,RandomForest,846,115,2010-08-17,2013-10-21,0.2959,0.5739,0.5471,0.3333,0.4762
1,STRESS,1,10,ADASYN,GradientBoosting,846,115,2010-08-17,2013-10-21,0.2229,0.5478,0.5017,0.1765,0.3509
1,STRESS,1,10,ADASYN,CatBoost,846,115,2010-08-17,2013-10-21,,,,,,unhashable type: 'numpy.ndarray'
1,STRESS,1,10,SMOTETomek,XGBoost,846,115,2010-08-17,2013-10-21,0.234,0.5478,0.5461,0.2778,0.4127
1,STRESS,1,10,SMOTETomek,LightGBM,846,115,2010-08-17,2013-10-21,0.2579,0.5304,0.5223,0.2778,0.4762
1,STRESS,1,10,SMOTETomek,RandomForest,846,115,2010-08-17,2013-10-21,0.289,0.5391,0.5369,0.3889,0.5231
1,STRESS,1,10,SMOTETomek,GradientBoosting,846,115,2010-08-17,2013-10-21,0.2348,0.5304,0.5275,0.2286,0.4333
1,STRESS,1,10,SMOTETomek,CatBoost,846,115,2010-08-17,2013-10-21,,,,,,unhashable type: 'numpy.ndarray'
1,STRESS,1,10,SMOTEENN,XGBoost,846,115,2010-08-17,2013-10-21,0.2684,0.5217,0.5123,0.3125,0.4762
1,STRESS,1,10,SMOTEENN,LightGBM,846,115,2010-08-17,2013-10-21,0.2597,0.5304,0.5261,0.3125,0.4615
1,STRESS,1,10,SMOTEENN,RandomForest,846,115,2010-08-17,2013-10-21,0.3076,0.6,0.6,0.303,0.6133
1,STRESS,1,10,SMOTEENN,GradientBoosting,846,115,2010-08-17,2013-10-21,0.2627,0.5304,0.5223,0.2581,0.4918
1,STRESS,1,10,SMOTEENN,CatBoost,846,115,2010-08-17,2013-10-21,,,,,,unhashable type: 'numpy.ndarray'
1,STRESS,1,11,SMOTE,XGBoost,846,115,2010-08-17,2013-10-21,0.2538,0.5478,0.5322,0.1765,0.4516
1,STRESS,1,11,SMOTE,LightGBM,846,115,2010-08-17,2013-10-21,0.2488,0.5478,0.542,0.3243,0.4375
1,STRESS,1,11,SMOTE,RandomForest,846,115,2010-08-17,2013-10-21,0.333,0.6261,0.6091,0.3333,0.6301
1,STRESS,1,11,SMOTE,GradientBoosting,846,115,2010-08-17,2013-10-21,0.2611,0.5304,0.5142,0.2857,0.5079
1,STRESS,1,11,SMOTE,CatBoost,846,115,2010-08-17,2013-10-21,,,,,,unhashable type: 'numpy.ndarray'
1,STRESS,1,11,BorderlineSMOTE,XGBoost,846,115,2010-08-17,2013-10-21,0.2247,0.5043,0.4919,0.1818,0.4615
1,STRESS,1,11,BorderlineSMOTE,LightGBM,846,115,2010-08-17,2013-10-21,0.2742,0.5304,0.5071,0.1935,0.4444
1,STRESS,1,11,BorderlineSMOTE,RandomForest,846,115,2010-08-17,2013-10-21,0.3179,0.5565,0.5427,0.2778,0.5672
1,STRESS,1,11,BorderlineSMOTE,GradientBoosting,846,115,2010-08-17,2013-10-21,0.2372,0.5391,0.5276,0.1212,0.4333
1,STRESS,1,11,BorderlineSMOTE,CatBoost,846,115,2010-08-17,2013-10-21,,,,,,unhashable type: 'numpy.ndarray'
1,STRESS,1,11,ADASYN,XGBoost,846,115,2010-08-17,2013-10-21,0.2067,0.5478,0.482,0.1176,0.4333
1,STRESS,1,11,ADASYN,LightGBM,846,115,2010-08-17,2013-10-21,0.2626,0.5652,0.5471,0.3415,0.4062
1,STRESS,1,11,ADASYN,RandomForest,846,115,2010-08-17,2013-10-21,0.2726,0.5739,0.5471,0.2778,0.5075
1,STRESS,1,11,ADASYN,GradientBoosting,846,115,2010-08-17,2013-10-21,0.2185,0.5565,0.5083,0.2222,0.4333
1,STRESS,1,11,ADASYN,CatBoost,846,115,2010-08-17,2013-10-21,,,,,,unhashable type: 'numpy.ndarray'
1,STRESS,1,11,SMOTETomek,XGBoost,846,115,2010-08-17,2013-10-21,0.2408,0.5739,0.5692,0.2286,0.4688
1,STRESS,1,11,SMOTETomek,LightGBM,846,115,2010-08-17,2013-10-21,0.2505,0.5478,0.5377,0.2857,0.4848
1,STRESS,1,11,SMOTETomek,RandomForest,846,115,2010-08-17,2013-10-21,0.3146,0.5826,0.5754,0.3784,0.5714
1,STRESS,1,11,SMOTETomek,GradientBoosting,846,115,2010-08-17,2013-10-21,0.2503,0.5478,0.5351,0.2778,0.4923
1,STRESS,1,11,SMOTETomek,CatBoost,846,115,2010-08-17,2013-10-21,,,,,,unhashable type: 'numpy.ndarray'
1,STRESS,1,11,SMOTEENN,XGBoost,846,115,2010-08-17,2013-10-21,0.2491,0.5652,0.5649,0.1379,0.6216
1,STRESS,1,11,SMOTEENN,LightGBM,846,115,2010-08-17,2013-10-21,0.2622,0.5478,0.5478,0.1935,0.64
1,STRESS,1,11,SMOTEENN,RandomForest,846,115,2010-08-17,2013-10-21,0.3075,0.5913,0.5913,0.2,0.6842
1,STRESS,1,11,SMOTEENN,GradientBoosting,846,115,2010-08-17,2013-10-21,0.2439,0.5565,0.556,0.1379,0.6027
1,STRESS,1,11,SMOTEENN,CatBoost,846,115,2010-08-17,2013-10-21,,,,,,unhashable type: 'numpy.ndarray'
