horizon,regime,N,sampler,algo,scheme,n_paths,F1_dir_median,F1_dir_q05,F1_dir_q95,F1_dir_std,F1_dir
1,GLOBAL,6,SMOTE,XGBoost,cpcv,4,0.5813,0.57025,0.5972799999999999,0.013043900234720148,0.5813
1,GLOBAL,6,SMOTE,LightGBM,cpcv,4,0.56015,0.555535,0.58882,0.017764641848345825,0.56015
1,GLOBAL,6,SMOTE,RandomForest,cpcv,4,0.6009500000000001,0.58667,0.604945,0.009341439931830632,0.6009500000000001
1,GLOBAL,6,SMOTE,CatBoost,cpcv,4,0.585,0.57645,0.6097,0.01704220251806281,0.585
1,GLOBAL,10,SMOTE,XGBoost,cpcv,4,0.58675,0.56779,0.5929599999999999,0.012699868765726154,0.58675
1,GLOBAL,10,SMOTE,LightGBM,cpcv,4,0.5709500000000001,0.557825,0.582035,0.011490430801323347,0.5709500000000001
1,GLOBAL,10,SMOTE,RandomForest,cpcv,4,0.6001000000000001,0.59105,0.611275,0.009607765956072545,0.6001000000000001
1,GLOBAL,10,SMOTE,CatBoost,cpcv,4,0.58605,0.577295,0.601605,0.012082080394810592,0.58605
1,GLOBAL,14,SMOTE,XGBoost,cpcv,4,0.58355,0.5789850000000001,0.59211,0.0063547226532713495,0.58355
1,GLOBAL,14,SMOTE,LightGBM,cpcv,4,0.5710500000000001,0.56663,0.585075,0.00935142591622621,0.5710500000000001
1,GLOBAL,14,SMOTE,RandomForest,cpcv,4,0.59945,0.59216,0.6061449999999999,0.006699440275127456,0.59945
1,GLOBAL,14,SMOTE,CatBoost,cpcv,4,0.5863,0.577275,0.59813,0.01023796040885752,0.5863
5,GLOBAL,6,SMOTE,XGBoost,cpcv,4,0.5015499999999999,0.489555,0.52349,0.017436049820223985,0.5015499999999999
5,GLOBAL,6,SMOTE,LightGBM,cpcv,4,0.50455,0.491105,0.523775,0.01688520062066187,0.50455
5,GLOBAL,6,SMOTE,RandomForest,cpcv,4,0.50445,0.476915,0.5234,0.023446161732786887,0.50445
5,GLOBAL,6,SMOTE,CatBoost,cpcv,4,0.5044500000000001,0.48513,0.517565,0.017220022260922535,0.5044500000000001
5,GLOBAL,10,SMOTE,XGBoost,cpcv,4,0.51525,0.481055,0.541455,0.028795254238618312,0.51525
5,GLOBAL,10,SMOTE,LightGBM,cpcv,4,0.5136499999999999,0.484575,0.53176,0.024184206278754183,0.5136499999999999
5,GLOBAL,10,SMOTE,RandomForest,cpcv,4,0.50285,0.482875,0.538975,0.028460147575161996,0.50285
5,GLOBAL,10,SMOTE,CatBoost,cpcv,4,0.5178499999999999,0.49112500000000003,0.5511199999999999,0.029136732257867663,0.5178499999999999
5,GLOBAL,14,SMOTE,XGBoost,cpcv,4,0.50995,0.49216000000000004,0.53692,0.022365524064207977,0.50995
5,GLOBAL,14,SMOTE,LightGBM,cpcv,4,0.5194,0.49689500000000003,0.536295,0.019669350099414392,0.5194
5,GLOBAL,14,SMOTE,RandomForest,cpcv,4,0.49985,0.476995,0.5541550000000001,0.039366229181876204,0.49985
5,GLOBAL,14,SMOTE,CatBoost,cpcv,4,0.52,0.486805,0.5458000000000001,0.030036463950782685,0.52
