horizon,baseline,split,metric,value
1,BASELINE_har_rv,test,Acc_dir,0.48695
1,BASELINE_har_rv,test,BalAcc_4cls,0.24177500000000002
1,BASELINE_har_rv,test,F1_4cls,0.1663
1,BASELINE_har_rv,test,F1_DOWN_FORT,0.5203
1,BASELINE_har_rv,test,F1_UP_FORT,0.44762500000000005
1,BASELINE_har_rv,test,F1_dir,0.48505
1,BASELINE_har_rv,test,MCC_4cls,-0.021375000000000005
1,BASELINE_majority,test,Acc_dir,0.4962
1,BASELINE_majority,test,BalAcc_4cls,0.25
1,BASELINE_majority,test,F1_4cls,0.0948
1,BASELINE_majority,test,F1_DOWN_FORT,0.0
1,BASELINE_majority,test,F1_UP_FORT,0.0
1,BASELINE_majority,test,F1_dir,0.33099999999999996
1,BASELINE_majority,test,MCC_4cls,0.0
1,BASELINE_majority_by_regime,test,Acc_dir,0.48595
1,BASELINE_majority_by_regime,test,BalAcc_4cls,0.250025
1,BASELINE_majority_by_regime,test,F1_4cls,0.1166
1,BASELINE_majority_by_regime,test,F1_DOWN_FORT,0.0
1,BASELINE_majority_by_regime,test,F1_UP_FORT,0.0
1,BASELINE_majority_by_regime,test,F1_dir,0.379275
1,BASELINE_majority_by_regime,test,MCC_4cls,0.007850000000000001
1,BASELINE_momentum_20,test,Acc_dir,0.47315
1,BASELINE_momentum_20,test,BalAcc_4cls,0.24220000000000003
1,BASELINE_momentum_20,test,F1_4cls,0.2124
1,BASELINE_momentum_20,test,F1_DOWN_FORT,0.36707500000000004
1,BASELINE_momentum_20,test,F1_UP_FORT,0.462125
1,BASELINE_momentum_20,test,F1_dir,0.44142500000000007
1,BASELINE_momentum_20,test,MCC_4cls,-0.013424999999999996
1,BASELINE_momentum_5,test,Acc_dir,0.515925
1,BASELINE_momentum_5,test,BalAcc_4cls,0.254975
1,BASELINE_momentum_5,test,F1_4cls,0.2477
1,BASELINE_momentum_5,test,F1_DOWN_FORT,0.37260000000000004
1,BASELINE_momentum_5,test,F1_UP_FORT,0.423725
1,BASELINE_momentum_5,test,F1_dir,0.51015
1,BASELINE_momentum_5,test,MCC_4cls,0.008475
1,BASELINE_persistence,test,Acc_dir,0.519725
1,BASELINE_persistence,test,BalAcc_4cls,0.25755
1,BASELINE_persistence,test,F1_4cls,0.2576
1,BASELINE_persistence,test,F1_DOWN_FORT,0.339675
1,BASELINE_persistence,test,F1_UP_FORT,0.3599
1,BASELINE_persistence,test,F1_dir,0.51545
1,BASELINE_persistence,test,MCC_4cls,0.010074999999999999
1,BASELINE_random_walk_drift,test,Acc_dir,0.4962
1,BASELINE_random_walk_drift,test,BalAcc_4cls,0.25
1,BASELINE_random_walk_drift,test,F1_4cls,0.0948
1,BASELINE_random_walk_drift,test,F1_DOWN_FORT,0.0
1,BASELINE_random_walk_drift,test,F1_UP_FORT,0.0
1,BASELINE_random_walk_drift,test,F1_dir,0.33099999999999996
1,BASELINE_random_walk_drift,test,MCC_4cls,0.0
1,BASELINE_random_walk_no_drift,test,Acc_dir,0.5038
1,BASELINE_random_walk_no_drift,test,BalAcc_4cls,0.25
1,BASELINE_random_walk_no_drift,test,F1_4cls,0.097325
1,BASELINE_random_walk_no_drift,test,F1_DOWN_FORT,0.0
1,BASELINE_random_walk_no_drift,test,F1_UP_FORT,0.0
1,BASELINE_random_walk_no_drift,test,F1_dir,0.3344
1,BASELINE_random_walk_no_drift,test,MCC_4cls,0.0
5,BASELINE_har_rv,test,Acc_dir,0.5042
5,BASELINE_har_rv,test,BalAcc_4cls,0.260025
5,BASELINE_har_rv,test,F1_4cls,0.1654
5,BASELINE_har_rv,test,F1_DOWN_FORT,0.0
5,BASELINE_har_rv,test,F1_UP_FORT,0.0
5,BASELINE_har_rv,test,F1_dir,0.49760000000000004
5,BASELINE_har_rv,test,MCC_4cls,0.01475
5,BASELINE_majority,test,Acc_dir,0.48205
5,BASELINE_majority,test,BalAcc_4cls,0.25
5,BASELINE_majority,test,F1_4cls,0.0906
5,BASELINE_majority,test,F1_DOWN_FORT,0.0
5,BASELINE_majority,test,F1_UP_FORT,0.0
5,BASELINE_majority,test,F1_dir,0.323125
5,BASELINE_majority,test,MCC_4cls,0.0
5,BASELINE_majority_by_regime,test,Acc_dir,0.485375
5,BASELINE_majority_by_regime,test,BalAcc_4cls,0.2602
5,BASELINE_majority_by_regime,test,F1_4cls,0.1198
5,BASELINE_majority_by_regime,test,F1_DOWN_FORT,0.0
5,BASELINE_majority_by_regime,test,F1_UP_FORT,0.0
5,BASELINE_majority_by_regime,test,F1_dir,0.38475
5,BASELINE_majority_by_regime,test,MCC_4cls,0.022325
5,BASELINE_momentum_20,test,Acc_dir,0.49824999999999997
5,BASELINE_momentum_20,test,BalAcc_4cls,0.22849999999999998
5,BASELINE_momentum_20,test,F1_4cls,0.2198
5,BASELINE_momentum_20,test,F1_DOWN_FORT,0.2817
5,BASELINE_momentum_20,test,F1_UP_FORT,0.364
5,BASELINE_momentum_20,test,F1_dir,0.45905
5,BASELINE_momentum_20,test,MCC_4cls,-0.04415
5,BASELINE_momentum_5,test,Acc_dir,0.4975
5,BASELINE_momentum_5,test,BalAcc_4cls,0.22867500000000002
5,BASELINE_momentum_5,test,F1_4cls,0.22552499999999998
5,BASELINE_momentum_5,test,F1_DOWN_FORT,0.26992499999999997
5,BASELINE_momentum_5,test,F1_UP_FORT,0.28197500000000003
5,BASELINE_momentum_5,test,F1_dir,0.48375
5,BASELINE_momentum_5,test,MCC_4cls,-0.030849999999999995
5,BASELINE_persistence,test,Acc_dir,0.512225
5,BASELINE_persistence,test,BalAcc_4cls,0.23010000000000003
5,BASELINE_persistence,test,F1_4cls,0.23017500000000002
5,BASELINE_persistence,test,F1_DOWN_FORT,0.2989
5,BASELINE_persistence,test,F1_UP_FORT,0.343125
5,BASELINE_persistence,test,F1_dir,0.49595
5,BASELINE_persistence,test,MCC_4cls,-0.02765
5,BASELINE_random_walk_drift,test,Acc_dir,0.48205
5,BASELINE_random_walk_drift,test,BalAcc_4cls,0.25
5,BASELINE_random_walk_drift,test,F1_4cls,0.0906
5,BASELINE_random_walk_drift,test,F1_DOWN_FORT,0.0
5,BASELINE_random_walk_drift,test,F1_UP_FORT,0.0
5,BASELINE_random_walk_drift,test,F1_dir,0.323125
5,BASELINE_random_walk_drift,test,MCC_4cls,0.0
5,BASELINE_random_walk_no_drift,test,Acc_dir,0.5179499999999999
5,BASELINE_random_walk_no_drift,test,BalAcc_4cls,0.25
5,BASELINE_random_walk_no_drift,test,F1_4cls,0.09895
5,BASELINE_random_walk_no_drift,test,F1_DOWN_FORT,0.0
5,BASELINE_random_walk_no_drift,test,F1_UP_FORT,0.0
5,BASELINE_random_walk_no_drift,test,F1_dir,0.339125
5,BASELINE_random_walk_no_drift,test,MCC_4cls,0.0
