horizon,feature,selection_freq
1,F01_lag10,0.25
1,F02_ret_5d,0.5
1,F03_hmm_filtered_stress_prob,0.25
1,IDX_SYN_egarch_vol,0.25
1,IDX_SYN_rsi_14d,0.25
1,IDX_SYN_vs_ma20,0.5
1,T01_zscore_20d,0.25
1,T02_ret_1d,0.5
1,T03_ret_1d,0.25
1,T08_zscore_20d,0.5
1,T09_zscore_20d,0.25
1,T10_ret_1d,0.25
1,T13_ret_1d,0.5
1,T14_ret_1d,0.5
1,T16_ret_1d,0.75
1,T17_hmm_filtered_stress_prob,0.25
1,T17_ret_1d,0.5
1,T20_particle_vol,0.25
1,T20_ret_1d,0.5
1,T21_particle_vol,0.25
1,T22_ret_1d,0.25
1,T27_ret_1d,0.75
1,T27_skew_20d,0.5
1,T28_ret_5d,0.25
1,T29_hurst_100d,0.5
1,T30_ret_1d,0.25
5,F02_skew_20d,0.5
5,F02_vs_ma20,0.5
5,F03_ret_10d,0.5
5,F04_vs_ma20,0.25
5,F05_ret_5d,0.25
5,F05_vs_ma10,0.5
5,IDX_SYN_ret_10d,0.25
5,IDX_SYN_rsi_14d,0.75
5,IDX_SYN_vs_ma10,0.25
5,IDX_SYN_zscore_20d,0.5
5,T01_skew_20d,0.5
5,T03_egarch_vol,0.25
5,T03_semivar_20d,1.0
5,T03_vol_10d,0.5
5,T05_skew_20d,0.25
5,T06_skew_20d,0.5
5,T06_vol_20d,0.25
5,T07_vol_20d,0.25
5,T08_skew_20d,0.25
5,T11_ret_1d,0.25
5,T12_semivar_20d,0.25
5,T12_vs_ma10,0.25
5,T15,0.5
5,T16_vol_10d,0.25
5,T20_hmm_filtered_stress_prob,0.5
5,T22_hurst_100d,0.25
5,T22_vol_10d,0.25
5,T23_hmm_filtered_stress_prob,0.25
5,T23_vol_10d,0.75
5,T24_ret_1d,0.25
5,T26_ret_10d,0.25
5,T26_ret_1d,0.25
5,T26_ret_20d,0.5
5,T26_semivar_20d__sum__F01_semivar_20d,0.25
5,T27_hurst_100d,0.5
5,T30_ret_10d,0.25
5,T30_vs_ma10,0.25
