horizon,fold,regime,N,sampler,algo,features,n_train,n_test,effective_n_train,test_start,test_end,F1_4cls,Acc_dir,F1_dir,BalAcc_4cls,MCC_4cls,AUC_ovr_4cls,F1_UP_FORT,F1_DOWN_FORT,Brier_up,ECE_up
1,1,GLOBAL,6.0,SMOTE,XGBoost,T10_ret_1d|T22_ret_1d|IDX_SYN_rsi_14d|T27_ret_1d|T13_ret_1d|T20_ret_1d,835,211,540.0,2016-06-24,2017-08-07,0.2962,0.5403,0.5401,0.3116,0.0738,0.5714,0.3696,0.5195,0.26832425657925474,0.15346430536465483
1,1,GLOBAL,6.0,SMOTE,LightGBM,T10_ret_1d|T22_ret_1d|IDX_SYN_rsi_14d|T27_ret_1d|T13_ret_1d|T20_ret_1d,835,211,540.0,2016-06-24,2017-08-07,0.2837,0.4929,0.4928,0.3019,0.0553,0.5592,0.2791,0.5714,0.30506360196740184,0.24906694569811352
1,1,GLOBAL,6.0,SMOTE,RandomForest,T10_ret_1d|T22_ret_1d|IDX_SYN_rsi_14d|T27_ret_1d|T13_ret_1d|T20_ret_1d,835,211,540.0,2016-06-24,2017-08-07,0.2827,0.5355,0.5355,0.3129,0.0734,0.5677,0.3579,0.6,0.2521415311917363,0.11856165339057392
1,1,GLOBAL,6.0,SMOTE,CatBoost,T10_ret_1d|T22_ret_1d|IDX_SYN_rsi_14d|T27_ret_1d|T13_ret_1d|T20_ret_1d,835,211,540.0,2016-06-24,2017-08-07,0.2862,0.5166,0.5166,0.2993,0.0644,0.5647,0.3871,0.4865,0.2641729870116396,0.1483505383416292
1,1,GLOBAL,10.0,SMOTE,XGBoost,T10_ret_1d|T22_ret_1d|IDX_SYN_rsi_14d|T27_ret_1d|T13_ret_1d|T20_ret_1d|T17_hmm_filtered_stress_prob|F01_lag10|IDX_SYN_egarch_vol|F02_ret_5d,835,211,540.0,2016-06-24,2017-08-07,0.2304,0.6114,0.6094,0.3257,0.0915,0.5583,0.4806,0.6304,0.25761804886963485,0.16636041232155221
1,1,GLOBAL,10.0,SMOTE,LightGBM,T10_ret_1d|T22_ret_1d|IDX_SYN_rsi_14d|T27_ret_1d|T13_ret_1d|T20_ret_1d|T17_hmm_filtered_stress_prob|F01_lag10|IDX_SYN_egarch_vol|F02_ret_5d,835,211,540.0,2016-06-24,2017-08-07,0.2805,0.6114,0.6103,0.3518,0.1271,0.5725,0.512,0.6279,0.27531597193178126,0.19796087688760713
1,1,GLOBAL,10.0,SMOTE,RandomForest,T10_ret_1d|T22_ret_1d|IDX_SYN_rsi_14d|T27_ret_1d|T13_ret_1d|T20_ret_1d|T17_hmm_filtered_stress_prob|F01_lag10|IDX_SYN_egarch_vol|F02_ret_5d,835,211,540.0,2016-06-24,2017-08-07,0.1877,0.5735,0.5683,0.2939,0.05,0.5558,0.4733,0.5977,0.2493206188718821,0.09405876394068459
1,1,GLOBAL,10.0,SMOTE,CatBoost,T10_ret_1d|T22_ret_1d|IDX_SYN_rsi_14d|T27_ret_1d|T13_ret_1d|T20_ret_1d|T17_hmm_filtered_stress_prob|F01_lag10|IDX_SYN_egarch_vol|F02_ret_5d,835,211,540.0,2016-06-24,2017-08-07,0.2286,0.5829,0.5813,0.3161,0.0871,0.5589,0.512,0.5843,0.2567339656934105,0.1385241898339834
1,1,GLOBAL,14.0,SMOTE,XGBoost,T10_ret_1d|T22_ret_1d|IDX_SYN_rsi_14d|T27_ret_1d|T13_ret_1d|T20_ret_1d|T17_hmm_filtered_stress_prob|F01_lag10|IDX_SYN_egarch_vol|F02_ret_5d|T01_vs_ma10|T26_particle_vol|T19_ret_1d|F05_ret_1d,835,211,540.0,2016-06-24,2017-08-07,0.2115,0.5782,0.5782,0.2975,0.0471,0.5581,0.3932,0.617,0.2732308183618922,0.1992148807243625
1,1,GLOBAL,14.0,SMOTE,LightGBM,T10_ret_1d|T22_ret_1d|IDX_SYN_rsi_14d|T27_ret_1d|T13_ret_1d|T20_ret_1d|T17_hmm_filtered_stress_prob|F01_lag10|IDX_SYN_egarch_vol|F02_ret_5d|T01_vs_ma10|T26_particle_vol|T19_ret_1d|F05_ret_1d,835,211,540.0,2016-06-24,2017-08-07,0.2362,0.6209,0.6206,0.3181,0.0803,0.562,0.386,0.6139,0.2843952215775699,0.23801323967002205
1,1,GLOBAL,14.0,SMOTE,RandomForest,T10_ret_1d|T22_ret_1d|IDX_SYN_rsi_14d|T27_ret_1d|T13_ret_1d|T20_ret_1d|T17_hmm_filtered_stress_prob|F01_lag10|IDX_SYN_egarch_vol|F02_ret_5d|T01_vs_ma10|T26_particle_vol|T19_ret_1d|F05_ret_1d,835,211,540.0,2016-06-24,2017-08-07,0.2164,0.5592,0.5567,0.2949,0.0462,0.5701,0.4576,0.6118,0.24834107714478654,0.09749563935127487
1,1,GLOBAL,14.0,SMOTE,CatBoost,T10_ret_1d|T22_ret_1d|IDX_SYN_rsi_14d|T27_ret_1d|T13_ret_1d|T20_ret_1d|T17_hmm_filtered_stress_prob|F01_lag10|IDX_SYN_egarch_vol|F02_ret_5d|T01_vs_ma10|T26_particle_vol|T19_ret_1d|F05_ret_1d,835,211,540.0,2016-06-24,2017-08-07,0.2507,0.564,0.5639,0.3346,0.104,0.5695,0.4615,0.6742,0.257243708469347,0.13997017674622922
1,2,GLOBAL,6.0,SMOTE,XGBoost,T13_ret_1d|IDX_SYN_vs_ma20|F02_ret_5d|T08_zscore_20d|T27_ret_1d|T16_ret_1d,1047,221,675.0,2017-08-08,2018-09-19,0.2879,0.6471,0.6471,0.2854,0.0718,0.5734,0.5045,0.486,0.2324093421793116,0.08075247247749727
1,2,GLOBAL,6.0,SMOTE,LightGBM,T13_ret_1d|IDX_SYN_vs_ma20|F02_ret_5d|T08_zscore_20d|T27_ret_1d|T16_ret_1d,1047,221,675.0,2017-08-08,2018-09-19,0.2993,0.629,0.629,0.2951,0.0827,0.578,0.463,0.5094,0.24345564508015136,0.13587909630680742
1,2,GLOBAL,6.0,SMOTE,RandomForest,T13_ret_1d|IDX_SYN_vs_ma20|F02_ret_5d|T08_zscore_20d|T27_ret_1d|T16_ret_1d,1047,221,675.0,2017-08-08,2018-09-19,0.2933,0.6335,0.6334,0.3059,0.1028,0.6205,0.5357,0.5574,0.21385849654499609,0.05955135078546632
1,2,GLOBAL,6.0,SMOTE,CatBoost,T13_ret_1d|IDX_SYN_vs_ma20|F02_ret_5d|T08_zscore_20d|T27_ret_1d|T16_ret_1d,1047,221,675.0,2017-08-08,2018-09-19,0.3303,0.629,0.6289,0.3316,0.1304,0.6095,0.5405,0.5536,0.22308470316102907,0.05491205732829965
1,2,GLOBAL,10.0,SMOTE,XGBoost,T13_ret_1d|IDX_SYN_vs_ma20|F02_ret_5d|T08_zscore_20d|T27_ret_1d|T16_ret_1d|T28_ret_5d|T03_ret_1d|T27_skew_20d|F03_hmm_filtered_stress_prob,1047,221,675.0,2017-08-08,2018-09-19,0.3093,0.6471,0.6467,0.3047,0.0995,0.6098,0.5185,0.4956,0.2206784251831669,0.10010493747316873
1,2,GLOBAL,10.0,SMOTE,LightGBM,T13_ret_1d|IDX_SYN_vs_ma20|F02_ret_5d|T08_zscore_20d|T27_ret_1d|T16_ret_1d|T28_ret_5d|T03_ret_1d|T27_skew_20d|F03_hmm_filtered_stress_prob,1047,221,675.0,2017-08-08,2018-09-19,0.3256,0.638,0.638,0.3206,0.1204,0.6071,0.5536,0.4752,0.22928589076902353,0.08621764965099812
1,2,GLOBAL,10.0,SMOTE,RandomForest,T13_ret_1d|IDX_SYN_vs_ma20|F02_ret_5d|T08_zscore_20d|T27_ret_1d|T16_ret_1d|T28_ret_5d|T03_ret_1d|T27_skew_20d|F03_hmm_filtered_stress_prob,1047,221,675.0,2017-08-08,2018-09-19,0.3243,0.6516,0.6513,0.3453,0.1553,0.6341,0.5185,0.626,0.21320993086935822,0.08296520402050134
1,2,GLOBAL,10.0,SMOTE,CatBoost,T13_ret_1d|IDX_SYN_vs_ma20|F02_ret_5d|T08_zscore_20d|T27_ret_1d|T16_ret_1d|T28_ret_5d|T03_ret_1d|T27_skew_20d|F03_hmm_filtered_stress_prob,1047,221,675.0,2017-08-08,2018-09-19,0.346,0.6787,0.6781,0.3504,0.1572,0.634,0.4954,0.592,0.2162201575464193,0.10772285980168109
1,2,GLOBAL,14.0,SMOTE,XGBoost,T13_ret_1d|IDX_SYN_vs_ma20|F02_ret_5d|T08_zscore_20d|T27_ret_1d|T16_ret_1d|T28_ret_5d|T03_ret_1d|T27_skew_20d|F03_hmm_filtered_stress_prob|T01_zscore_20d|T22_ret_1d|T11_zscore_10d|T26_ret_1d,1047,221,675.0,2017-08-08,2018-09-19,0.3147,0.5747,0.5744,0.3131,0.1147,0.6105,0.5586,0.5455,0.2307487562109979,0.10422568521314886
1,2,GLOBAL,14.0,SMOTE,LightGBM,T13_ret_1d|IDX_SYN_vs_ma20|F02_ret_5d|T08_zscore_20d|T27_ret_1d|T16_ret_1d|T28_ret_5d|T03_ret_1d|T27_skew_20d|F03_hmm_filtered_stress_prob|T01_zscore_20d|T22_ret_1d|T11_zscore_10d|T26_ret_1d,1047,221,675.0,2017-08-08,2018-09-19,0.3012,0.5566,0.555,0.301,0.082,0.5875,0.5455,0.4082,0.2569248658191328,0.17177157534374893
1,2,GLOBAL,14.0,SMOTE,RandomForest,T13_ret_1d|IDX_SYN_vs_ma20|F02_ret_5d|T08_zscore_20d|T27_ret_1d|T16_ret_1d|T28_ret_5d|T03_ret_1d|T27_skew_20d|F03_hmm_filtered_stress_prob|T01_zscore_20d|T22_ret_1d|T11_zscore_10d|T26_ret_1d,1047,221,675.0,2017-08-08,2018-09-19,0.3259,0.638,0.6378,0.358,0.1823,0.6479,0.6393,0.6202,0.21223944412985088,0.11004619045499749
1,2,GLOBAL,14.0,SMOTE,CatBoost,T13_ret_1d|IDX_SYN_vs_ma20|F02_ret_5d|T08_zscore_20d|T27_ret_1d|T16_ret_1d|T28_ret_5d|T03_ret_1d|T27_skew_20d|F03_hmm_filtered_stress_prob|T01_zscore_20d|T22_ret_1d|T11_zscore_10d|T26_ret_1d,1047,221,675.0,2017-08-08,2018-09-19,0.3266,0.638,0.6379,0.3404,0.1414,0.63,0.5047,0.5984,0.21832773420400772,0.0831611227915523
1,3,GLOBAL,6.0,SMOTE,XGBoost,T16_ret_1d|T02_ret_1d|T14_ret_1d|T27_ret_1d|T08_zscore_20d|T29_hurst_100d,1269,198,811.5,2018-09-20,2019-11-01,0.3156,0.7071,0.7066,0.3329,0.1249,0.6358,0.5745,0.5088,0.1960454051603371,0.09010681099813395
1,3,GLOBAL,6.0,SMOTE,LightGBM,T16_ret_1d|T02_ret_1d|T14_ret_1d|T27_ret_1d|T08_zscore_20d|T29_hurst_100d,1269,198,811.5,2018-09-20,2019-11-01,0.3345,0.6818,0.6814,0.3475,0.1371,0.608,0.5778,0.5045,0.2050813867277057,0.09446739000813922
1,3,GLOBAL,6.0,SMOTE,RandomForest,T16_ret_1d|T02_ret_1d|T14_ret_1d|T27_ret_1d|T08_zscore_20d|T29_hurst_100d,1269,198,811.5,2018-09-20,2019-11-01,0.3465,0.7323,0.7318,0.3731,0.1901,0.6838,0.5773,0.625,0.1907300122112217,0.10885477976556121
1,3,GLOBAL,6.0,SMOTE,CatBoost,T16_ret_1d|T02_ret_1d|T14_ret_1d|T27_ret_1d|T08_zscore_20d|T29_hurst_100d,1269,198,811.5,2018-09-20,2019-11-01,0.3536,0.7222,0.7214,0.3722,0.1897,0.66,0.5979,0.5983,0.19338332487095625,0.06399471864632854
1,3,GLOBAL,10.0,SMOTE,XGBoost,T16_ret_1d|T02_ret_1d|T14_ret_1d|T27_ret_1d|T08_zscore_20d|T29_hurst_100d|T17_ret_1d|T27_skew_20d|T21_particle_vol|T20_particle_vol,1269,198,811.5,2018-09-20,2019-11-01,0.3676,0.702,0.7003,0.3746,0.1794,0.6783,0.5517,0.5664,0.19126710223603843,0.06816935702932606
1,3,GLOBAL,10.0,SMOTE,LightGBM,T16_ret_1d|T02_ret_1d|T14_ret_1d|T27_ret_1d|T08_zscore_20d|T29_hurst_100d|T17_ret_1d|T27_skew_20d|T21_particle_vol|T20_particle_vol,1269,198,811.5,2018-09-20,2019-11-01,0.3421,0.6566,0.6557,0.3469,0.1413,0.6465,0.5122,0.537,0.2048742260252859,0.10195319457452272
1,3,GLOBAL,10.0,SMOTE,RandomForest,T16_ret_1d|T02_ret_1d|T14_ret_1d|T27_ret_1d|T08_zscore_20d|T29_hurst_100d|T17_ret_1d|T27_skew_20d|T21_particle_vol|T20_particle_vol,1269,198,811.5,2018-09-20,2019-11-01,0.4194,0.7374,0.7341,0.4388,0.2787,0.7051,0.617,0.7031,0.18919255970861354,0.10693937543003552
1,3,GLOBAL,10.0,SMOTE,CatBoost,T16_ret_1d|T02_ret_1d|T14_ret_1d|T27_ret_1d|T08_zscore_20d|T29_hurst_100d|T17_ret_1d|T27_skew_20d|T21_particle_vol|T20_particle_vol,1269,198,811.5,2018-09-20,2019-11-01,0.3938,0.7222,0.7177,0.4029,0.2228,0.6887,0.5517,0.6333,0.18929962437699963,0.061298379544096386
1,3,GLOBAL,14.0,SMOTE,XGBoost,T16_ret_1d|T02_ret_1d|T14_ret_1d|T27_ret_1d|T08_zscore_20d|T29_hurst_100d|T17_ret_1d|T27_skew_20d|T21_particle_vol|T20_particle_vol|T13_ret_1d|T27_hmm_filtered_stress_prob|T03_ret_1d|IDX_SYN_ret_10d,1269,198,811.5,2018-09-20,2019-11-01,0.4289,0.7273,0.7245,0.4381,0.2724,0.6814,0.5977,0.688,0.1869096137241694,0.04441376052552252
1,3,GLOBAL,14.0,SMOTE,LightGBM,T16_ret_1d|T02_ret_1d|T14_ret_1d|T27_ret_1d|T08_zscore_20d|T29_hurst_100d|T17_ret_1d|T27_skew_20d|T21_particle_vol|T20_particle_vol|T13_ret_1d|T27_hmm_filtered_stress_prob|T03_ret_1d|IDX_SYN_ret_10d,1269,198,811.5,2018-09-20,2019-11-01,0.3788,0.6818,0.6775,0.3811,0.1885,0.6483,0.5,0.5983,0.20251294409712164,0.0695908513502425
1,3,GLOBAL,14.0,SMOTE,RandomForest,T16_ret_1d|T02_ret_1d|T14_ret_1d|T27_ret_1d|T08_zscore_20d|T29_hurst_100d|T17_ret_1d|T27_skew_20d|T21_particle_vol|T20_particle_vol|T13_ret_1d|T27_hmm_filtered_stress_prob|T03_ret_1d|IDX_SYN_ret_10d,1269,198,811.5,2018-09-20,2019-11-01,0.4028,0.7323,0.7303,0.4314,0.2719,0.7077,0.6667,0.6716,0.18737353886189795,0.08957610368691485
1,3,GLOBAL,14.0,SMOTE,CatBoost,T16_ret_1d|T02_ret_1d|T14_ret_1d|T27_ret_1d|T08_zscore_20d|T29_hurst_100d|T17_ret_1d|T27_skew_20d|T21_particle_vol|T20_particle_vol|T13_ret_1d|T27_hmm_filtered_stress_prob|T03_ret_1d|IDX_SYN_ret_10d,1269,198,811.5,2018-09-20,2019-11-01,0.3955,0.7273,0.7255,0.4248,0.2571,0.6973,0.6667,0.6349,0.18312750346906564,0.07346599999763963
1,4,GLOBAL,6.0,SMOTE,XGBoost,T02_ret_1d|T01_zscore_20d|T16_ret_1d|T14_ret_1d|T17_ret_1d|T20_ret_1d,1468,195,945.5,2019-11-04,2020-12-16,0.2322,0.4974,0.4974,0.2348,-0.0213,0.5545,0.2899,0.3889,0.25362591903882636,0.1283858190648831
1,4,GLOBAL,6.0,SMOTE,LightGBM,T02_ret_1d|T01_zscore_20d|T16_ret_1d|T14_ret_1d|T17_ret_1d|T20_ret_1d,1468,195,945.5,2019-11-04,2020-12-16,0.3092,0.5333,0.5329,0.313,0.0849,0.5604,0.2222,0.5556,0.26222604587282156,0.12772227645772047
1,4,GLOBAL,6.0,SMOTE,RandomForest,T02_ret_1d|T01_zscore_20d|T16_ret_1d|T14_ret_1d|T17_ret_1d|T20_ret_1d,1468,195,945.5,2019-11-04,2020-12-16,0.2724,0.5077,0.5077,0.2761,0.0287,0.544,0.2985,0.4857,0.25441833691508237,0.10524141279330128
1,4,GLOBAL,6.0,SMOTE,CatBoost,T02_ret_1d|T01_zscore_20d|T16_ret_1d|T14_ret_1d|T17_ret_1d|T20_ret_1d,1468,195,945.5,2019-11-04,2020-12-16,0.2439,0.4667,0.4667,0.2525,-0.0005,0.5345,0.303,0.4932,0.2603862172040369,0.15981536626141282
1,4,GLOBAL,10.0,SMOTE,XGBoost,T02_ret_1d|T01_zscore_20d|T16_ret_1d|T14_ret_1d|T17_ret_1d|T20_ret_1d|T29_hurst_100d|T30_ret_1d|IDX_SYN_vs_ma20|T09_zscore_20d,1468,195,945.5,2019-11-04,2020-12-16,0.3266,0.5641,0.5585,0.3511,0.1275,0.5699,0.3077,0.6667,0.25955687092370094,0.1046576944490274
1,4,GLOBAL,10.0,SMOTE,LightGBM,T02_ret_1d|T01_zscore_20d|T16_ret_1d|T14_ret_1d|T17_ret_1d|T20_ret_1d|T29_hurst_100d|T30_ret_1d|IDX_SYN_vs_ma20|T09_zscore_20d,1468,195,945.5,2019-11-04,2020-12-16,0.2815,0.5385,0.5364,0.2997,0.0641,0.5447,0.25,0.5926,0.27023963872811074,0.16906998629311476
1,4,GLOBAL,10.0,SMOTE,RandomForest,T02_ret_1d|T01_zscore_20d|T16_ret_1d|T14_ret_1d|T17_ret_1d|T20_ret_1d|T29_hurst_100d|T30_ret_1d|IDX_SYN_vs_ma20|T09_zscore_20d,1468,195,945.5,2019-11-04,2020-12-16,0.3211,0.5385,0.537,0.3329,0.106,0.553,0.2903,0.5897,0.2564089736035882,0.06667938777236355
1,4,GLOBAL,10.0,SMOTE,CatBoost,T02_ret_1d|T01_zscore_20d|T16_ret_1d|T14_ret_1d|T17_ret_1d|T20_ret_1d|T29_hurst_100d|T30_ret_1d|IDX_SYN_vs_ma20|T09_zscore_20d,1468,195,945.5,2019-11-04,2020-12-16,0.2901,0.5128,0.5076,0.3143,0.0786,0.5594,0.2581,0.6582,0.2637278232498224,0.10906485624526717
1,4,GLOBAL,14.0,SMOTE,XGBoost,T02_ret_1d|T01_zscore_20d|T16_ret_1d|T14_ret_1d|T17_ret_1d|T20_ret_1d|T29_hurst_100d|T30_ret_1d|IDX_SYN_vs_ma20|T09_zscore_20d|T20_particle_vol|T10_ret_1d|T27_ret_1d|T08_zscore_20d,1468,195,945.5,2019-11-04,2020-12-16,0.325,0.5538,0.5527,0.3344,0.1103,0.5559,0.3478,0.5455,0.2643647721865854,0.09612444733770995
1,4,GLOBAL,14.0,SMOTE,LightGBM,T02_ret_1d|T01_zscore_20d|T16_ret_1d|T14_ret_1d|T17_ret_1d|T20_ret_1d|T29_hurst_100d|T30_ret_1d|IDX_SYN_vs_ma20|T09_zscore_20d|T20_particle_vol|T10_ret_1d|T27_ret_1d|T08_zscore_20d,1468,195,945.5,2019-11-04,2020-12-16,0.2839,0.5179,0.5164,0.3025,0.0681,0.5527,0.1935,0.625,0.2822262541058404,0.16331086792198923
1,4,GLOBAL,14.0,SMOTE,RandomForest,T02_ret_1d|T01_zscore_20d|T16_ret_1d|T14_ret_1d|T17_ret_1d|T20_ret_1d|T29_hurst_100d|T30_ret_1d|IDX_SYN_vs_ma20|T09_zscore_20d|T20_particle_vol|T10_ret_1d|T27_ret_1d|T08_zscore_20d,1468,195,945.5,2019-11-04,2020-12-16,0.2878,0.5333,0.5325,0.297,0.0545,0.5513,0.2462,0.5455,0.2539029741174176,0.06937330384938267
1,4,GLOBAL,14.0,SMOTE,CatBoost,T02_ret_1d|T01_zscore_20d|T16_ret_1d|T14_ret_1d|T17_ret_1d|T20_ret_1d|T29_hurst_100d|T30_ret_1d|IDX_SYN_vs_ma20|T09_zscore_20d|T20_particle_vol|T10_ret_1d|T27_ret_1d|T08_zscore_20d,1468,195,945.5,2019-11-04,2020-12-16,0.2687,0.5333,0.5309,0.2767,0.0355,0.5399,0.2727,0.48,0.26066159747932277,0.10289829501894421
5,1,GLOBAL,6.0,SMOTE,XGBoost,F03_ret_10d|F05_vs_ma10|IDX_SYN_vs_ma10|T24_ret_1d|T23_vol_10d|T05_skew_20d,997,234,195.5,2016-06-24,2017-08-07,0.2895,0.5171,0.5164,0.3105,0.0858,0.568,0.3604,0.5063,0.2729272096832953,0.1621470914946662
5,1,GLOBAL,6.0,SMOTE,LightGBM,F03_ret_10d|F05_vs_ma10|IDX_SYN_vs_ma10|T24_ret_1d|T23_vol_10d|T05_skew_20d,997,234,195.5,2016-06-24,2017-08-07,0.3328,0.5256,0.5254,0.3447,0.1328,0.5884,0.4348,0.4737,0.28606666589244506,0.19626478872628556
5,1,GLOBAL,6.0,SMOTE,RandomForest,F03_ret_10d|F05_vs_ma10|IDX_SYN_vs_ma10|T24_ret_1d|T23_vol_10d|T05_skew_20d,997,234,195.5,2016-06-24,2017-08-07,0.2669,0.4957,0.4951,0.2882,0.0538,0.5595,0.2752,0.4359,0.2606486166639219,0.14468310908473217
5,1,GLOBAL,6.0,SMOTE,CatBoost,F03_ret_10d|F05_vs_ma10|IDX_SYN_vs_ma10|T24_ret_1d|T23_vol_10d|T05_skew_20d,997,234,195.5,2016-06-24,2017-08-07,0.322,0.5556,0.55,0.336,0.117,0.5812,0.4132,0.4658,0.26805347242908306,0.1726090360352684
5,1,GLOBAL,10.0,SMOTE,XGBoost,F03_ret_10d|F05_vs_ma10|IDX_SYN_vs_ma10|T24_ret_1d|T23_vol_10d|T05_skew_20d|T27_hurst_100d|T03_semivar_20d|T20_hmm_filtered_stress_prob|T03_vol_10d,997,234,195.5,2016-06-24,2017-08-07,0.2666,0.547,0.5467,0.2788,0.0498,0.5608,0.4545,0.4337,0.29261150933627234,0.22021870450594294
5,1,GLOBAL,10.0,SMOTE,LightGBM,F03_ret_10d|F05_vs_ma10|IDX_SYN_vs_ma10|T24_ret_1d|T23_vol_10d|T05_skew_20d|T27_hurst_100d|T03_semivar_20d|T20_hmm_filtered_stress_prob|T03_vol_10d,997,234,195.5,2016-06-24,2017-08-07,0.2824,0.5598,0.5592,0.3019,0.0649,0.5783,0.4242,0.5,0.30562234959272355,0.2424639961940525
5,1,GLOBAL,10.0,SMOTE,RandomForest,F03_ret_10d|F05_vs_ma10|IDX_SYN_vs_ma10|T24_ret_1d|T23_vol_10d|T05_skew_20d|T27_hurst_100d|T03_semivar_20d|T20_hmm_filtered_stress_prob|T03_vol_10d,997,234,195.5,2016-06-24,2017-08-07,0.2755,0.5043,0.5034,0.2856,0.0577,0.5563,0.4444,0.4304,0.26389411513997374,0.1590377290775039
5,1,GLOBAL,10.0,SMOTE,CatBoost,F03_ret_10d|F05_vs_ma10|IDX_SYN_vs_ma10|T24_ret_1d|T23_vol_10d|T05_skew_20d|T27_hurst_100d|T03_semivar_20d|T20_hmm_filtered_stress_prob|T03_vol_10d,997,234,195.5,2016-06-24,2017-08-07,0.3069,0.5256,0.5246,0.3164,0.0961,0.5624,0.5,0.4286,0.28315036254638687,0.1838471292389339
5,1,GLOBAL,14.0,SMOTE,XGBoost,F03_ret_10d|F05_vs_ma10|IDX_SYN_vs_ma10|T24_ret_1d|T23_vol_10d|T05_skew_20d|T27_hurst_100d|T03_semivar_20d|T20_hmm_filtered_stress_prob|T03_vol_10d|T26_ret_1d|IDX_SYN_rsi_14d|T30_ret_10d|T26_semivar_20d__sum__F01_semivar_20d,997,234,195.5,2016-06-24,2017-08-07,0.2566,0.5385,0.5363,0.2855,0.0536,0.5851,0.198,0.3684,0.3099304080838077,0.23928420961850405
5,1,GLOBAL,14.0,SMOTE,LightGBM,F03_ret_10d|F05_vs_ma10|IDX_SYN_vs_ma10|T24_ret_1d|T23_vol_10d|T05_skew_20d|T27_hurst_100d|T03_semivar_20d|T20_hmm_filtered_stress_prob|T03_vol_10d|T26_ret_1d|IDX_SYN_rsi_14d|T30_ret_10d|T26_semivar_20d__sum__F01_semivar_20d,997,234,195.5,2016-06-24,2017-08-07,0.2675,0.5342,0.5304,0.3093,0.0685,0.5811,0.1905,0.4634,0.3398108141909505,0.29347686953253743
5,1,GLOBAL,14.0,SMOTE,RandomForest,F03_ret_10d|F05_vs_ma10|IDX_SYN_vs_ma10|T24_ret_1d|T23_vol_10d|T05_skew_20d|T27_hurst_100d|T03_semivar_20d|T20_hmm_filtered_stress_prob|T03_vol_10d|T26_ret_1d|IDX_SYN_rsi_14d|T30_ret_10d|T26_semivar_20d__sum__F01_semivar_20d,997,234,195.5,2016-06-24,2017-08-07,0.286,0.4957,0.4957,0.3002,0.0637,0.577,0.3667,0.4,0.2641795346411947,0.1628775766038135
5,1,GLOBAL,14.0,SMOTE,CatBoost,F03_ret_10d|F05_vs_ma10|IDX_SYN_vs_ma10|T24_ret_1d|T23_vol_10d|T05_skew_20d|T27_hurst_100d|T03_semivar_20d|T20_hmm_filtered_stress_prob|T03_vol_10d|T26_ret_1d|IDX_SYN_rsi_14d|T30_ret_10d|T26_semivar_20d__sum__F01_semivar_20d,997,234,195.5,2016-06-24,2017-08-07,0.2757,0.5043,0.499,0.3104,0.0804,0.5728,0.3361,0.4384,0.2966311995434666,0.21572484846920303
5,2,GLOBAL,6.0,SMOTE,XGBoost,F05_vs_ma10|F03_ret_10d|T03_semivar_20d|IDX_SYN_zscore_20d|IDX_SYN_ret_10d|T16_vol_10d,1236,244,244.16666666666666,2017-08-08,2018-09-19,0.1904,0.4713,0.4282,0.2127,-0.0536,0.4791,0.3738,0.275,0.3293961514417138,0.25583029191818885
5,2,GLOBAL,6.0,SMOTE,LightGBM,F05_vs_ma10|F03_ret_10d|T03_semivar_20d|IDX_SYN_zscore_20d|IDX_SYN_ret_10d|T16_vol_10d,1236,244,244.16666666666666,2017-08-08,2018-09-19,0.2472,0.459,0.4425,0.25,0.0011,0.4695,0.4158,0.2133,0.37164145975683155,0.31484876813252194
5,2,GLOBAL,6.0,SMOTE,RandomForest,F05_vs_ma10|F03_ret_10d|T03_semivar_20d|IDX_SYN_zscore_20d|IDX_SYN_ret_10d|T16_vol_10d,1236,244,244.16666666666666,2017-08-08,2018-09-19,0.1848,0.459,0.4266,0.2183,-0.047,0.4925,0.2326,0.2892,0.2805424012293318,0.15557064979119983
5,2,GLOBAL,6.0,SMOTE,CatBoost,F05_vs_ma10|F03_ret_10d|T03_semivar_20d|IDX_SYN_zscore_20d|IDX_SYN_ret_10d|T16_vol_10d,1236,244,244.16666666666666,2017-08-08,2018-09-19,0.2118,0.4672,0.4554,0.2385,-0.0186,0.4728,0.2444,0.4681,0.2946498878447339,0.20243819474511426
5,2,GLOBAL,10.0,SMOTE,XGBoost,F05_vs_ma10|F03_ret_10d|T03_semivar_20d|IDX_SYN_zscore_20d|IDX_SYN_ret_10d|T16_vol_10d|T01_skew_20d|T23_vol_10d|T26_ret_20d|T22_hurst_100d,1236,244,244.16666666666666,2017-08-08,2018-09-19,0.2353,0.4262,0.4231,0.2376,-0.0166,0.4943,0.3789,0.4,0.31342982514206746,0.28917092675740114
5,2,GLOBAL,10.0,SMOTE,LightGBM,F05_vs_ma10|F03_ret_10d|T03_semivar_20d|IDX_SYN_zscore_20d|IDX_SYN_ret_10d|T16_vol_10d|T01_skew_20d|T23_vol_10d|T26_ret_20d|T22_hurst_100d,1236,244,244.16666666666666,2017-08-08,2018-09-19,0.2402,0.4672,0.462,0.2362,-0.0181,0.5071,0.3883,0.2963,0.34801876251286,0.3205577667684891
5,2,GLOBAL,10.0,SMOTE,RandomForest,F05_vs_ma10|F03_ret_10d|T03_semivar_20d|IDX_SYN_zscore_20d|IDX_SYN_ret_10d|T16_vol_10d|T01_skew_20d|T23_vol_10d|T26_ret_20d|T22_hurst_100d,1236,244,244.16666666666666,2017-08-08,2018-09-19,0.2189,0.4508,0.4499,0.2445,-0.0084,0.5165,0.2338,0.495,0.2623388459454831,0.16963391978328862
5,2,GLOBAL,10.0,SMOTE,CatBoost,F05_vs_ma10|F03_ret_10d|T03_semivar_20d|IDX_SYN_zscore_20d|IDX_SYN_ret_10d|T16_vol_10d|T01_skew_20d|T23_vol_10d|T26_ret_20d|T22_hurst_100d,1236,244,244.16666666666666,2017-08-08,2018-09-19,0.2202,0.4221,0.421,0.2381,-0.0177,0.4866,0.25,0.5143,0.28663100412577,0.23258880072316115
5,2,GLOBAL,14.0,SMOTE,XGBoost,F05_vs_ma10|F03_ret_10d|T03_semivar_20d|IDX_SYN_zscore_20d|IDX_SYN_ret_10d|T16_vol_10d|T01_skew_20d|T23_vol_10d|T26_ret_20d|T22_hurst_100d|T06_skew_20d|F04_vs_ma20|T26_ret_10d|F02_skew_20d,1236,244,244.16666666666666,2017-08-08,2018-09-19,0.2451,0.4303,0.4299,0.2534,0.002,0.5163,0.3516,0.5474,0.3054837226211977,0.23629193655291544
5,2,GLOBAL,14.0,SMOTE,LightGBM,F05_vs_ma10|F03_ret_10d|T03_semivar_20d|IDX_SYN_zscore_20d|IDX_SYN_ret_10d|T16_vol_10d|T01_skew_20d|T23_vol_10d|T26_ret_20d|T22_hurst_100d|T06_skew_20d|F04_vs_ma20|T26_ret_10d|F02_skew_20d,1236,244,244.16666666666666,2017-08-08,2018-09-19,0.2554,0.4631,0.449,0.2558,0.0071,0.5277,0.4505,0.359,0.34012219793065274,0.29624672589352014
5,2,GLOBAL,14.0,SMOTE,RandomForest,F05_vs_ma10|F03_ret_10d|T03_semivar_20d|IDX_SYN_zscore_20d|IDX_SYN_ret_10d|T16_vol_10d|T01_skew_20d|T23_vol_10d|T26_ret_20d|T22_hurst_100d|T06_skew_20d|F04_vs_ma20|T26_ret_10d|F02_skew_20d,1236,244,244.16666666666666,2017-08-08,2018-09-19,0.2314,0.4385,0.4374,0.2559,0.0069,0.5155,0.4,0.54,0.26012084917355033,0.11523334873784916
5,2,GLOBAL,14.0,SMOTE,CatBoost,F05_vs_ma10|F03_ret_10d|T03_semivar_20d|IDX_SYN_zscore_20d|IDX_SYN_ret_10d|T16_vol_10d|T01_skew_20d|T23_vol_10d|T26_ret_20d|T22_hurst_100d|T06_skew_20d|F04_vs_ma20|T26_ret_10d|F02_skew_20d,1236,244,244.16666666666666,2017-08-08,2018-09-19,0.2387,0.4467,0.4466,0.253,0.0024,0.4896,0.3918,0.5253,0.2878375319554154,0.19719659388084096
5,3,GLOBAL,6.0,SMOTE,XGBoost,T15|IDX_SYN_zscore_20d|T23_hmm_filtered_stress_prob|T03_semivar_20d|T01_skew_20d|T26_ret_20d,1485,254,292.8333333333333,2018-09-20,2019-11-01,0.295,0.5039,0.5024,0.3175,0.0943,0.5478,0.4242,0.4615,0.29492876331877904,0.2671453608566617
5,3,GLOBAL,6.0,SMOTE,LightGBM,T15|IDX_SYN_zscore_20d|T23_hmm_filtered_stress_prob|T03_semivar_20d|T01_skew_20d|T26_ret_20d,1485,254,292.8333333333333,2018-09-20,2019-11-01,0.2571,0.4921,0.4898,0.2684,0.0378,0.5404,0.3143,0.4252,0.3386229920487074,0.3135775257237325
5,3,GLOBAL,6.0,SMOTE,RandomForest,T15|IDX_SYN_zscore_20d|T23_hmm_filtered_stress_prob|T03_semivar_20d|T01_skew_20d|T26_ret_20d,1485,254,292.8333333333333,2018-09-20,2019-11-01,0.2244,0.4213,0.4058,0.2692,0.024,0.522,0.381,0.3729,0.280193895120432,0.20673962348045227
5,3,GLOBAL,6.0,SMOTE,CatBoost,T15|IDX_SYN_zscore_20d|T23_hmm_filtered_stress_prob|T03_semivar_20d|T01_skew_20d|T26_ret_20d,1485,254,292.8333333333333,2018-09-20,2019-11-01,0.2629,0.4843,0.4824,0.2783,0.0532,0.5356,0.3175,0.4375,0.2805154886217666,0.22375556016529166
5,3,GLOBAL,10.0,SMOTE,XGBoost,T15|IDX_SYN_zscore_20d|T23_hmm_filtered_stress_prob|T03_semivar_20d|T01_skew_20d|T26_ret_20d|T20_hmm_filtered_stress_prob|F02_vs_ma20|IDX_SYN_rsi_14d|T30_vs_ma10,1485,254,292.8333333333333,2018-09-20,2019-11-01,0.2738,0.4724,0.466,0.3137,0.0717,0.5699,0.4706,0.3548,0.29673360935056775,0.2510472455127971
5,3,GLOBAL,10.0,SMOTE,LightGBM,T15|IDX_SYN_zscore_20d|T23_hmm_filtered_stress_prob|T03_semivar_20d|T01_skew_20d|T26_ret_20d|T20_hmm_filtered_stress_prob|F02_vs_ma20|IDX_SYN_rsi_14d|T30_vs_ma10,1485,254,292.8333333333333,2018-09-20,2019-11-01,0.2731,0.4685,0.4615,0.3201,0.0792,0.5781,0.5316,0.3471,0.31796614726663663,0.2791137658355746
5,3,GLOBAL,10.0,SMOTE,RandomForest,T15|IDX_SYN_zscore_20d|T23_hmm_filtered_stress_prob|T03_semivar_20d|T01_skew_20d|T26_ret_20d|T20_hmm_filtered_stress_prob|F02_vs_ma20|IDX_SYN_rsi_14d|T30_vs_ma10,1485,254,292.8333333333333,2018-09-20,2019-11-01,0.2249,0.4173,0.4091,0.2701,0.0164,0.5205,0.3137,0.3577,0.27754262715989175,0.2001562074577941
5,3,GLOBAL,10.0,SMOTE,CatBoost,T15|IDX_SYN_zscore_20d|T23_hmm_filtered_stress_prob|T03_semivar_20d|T01_skew_20d|T26_ret_20d|T20_hmm_filtered_stress_prob|F02_vs_ma20|IDX_SYN_rsi_14d|T30_vs_ma10,1485,254,292.8333333333333,2018-09-20,2019-11-01,0.2502,0.4764,0.4728,0.2864,0.0523,0.5723,0.3692,0.4186,0.2782626588778812,0.2051807745245278
5,3,GLOBAL,14.0,SMOTE,XGBoost,T15|IDX_SYN_zscore_20d|T23_hmm_filtered_stress_prob|T03_semivar_20d|T01_skew_20d|T26_ret_20d|T20_hmm_filtered_stress_prob|F02_vs_ma20|IDX_SYN_rsi_14d|T30_vs_ma10|T06_vol_20d|T12_vs_ma10|T07_vol_20d|T12_semivar_20d,1485,254,292.8333333333333,2018-09-20,2019-11-01,0.19,0.4173,0.415,0.2249,-0.0463,0.5249,0.3051,0.314,0.3006696102464793,0.25183619894673975
5,3,GLOBAL,14.0,SMOTE,LightGBM,T15|IDX_SYN_zscore_20d|T23_hmm_filtered_stress_prob|T03_semivar_20d|T01_skew_20d|T26_ret_20d|T20_hmm_filtered_stress_prob|F02_vs_ma20|IDX_SYN_rsi_14d|T30_vs_ma10|T06_vol_20d|T12_vs_ma10|T07_vol_20d|T12_semivar_20d,1485,254,292.8333333333333,2018-09-20,2019-11-01,0.2631,0.4724,0.4719,0.2851,0.0344,0.5295,0.4179,0.368,0.32537772605948134,0.2725092977774657
5,3,GLOBAL,14.0,SMOTE,RandomForest,T15|IDX_SYN_zscore_20d|T23_hmm_filtered_stress_prob|T03_semivar_20d|T01_skew_20d|T26_ret_20d|T20_hmm_filtered_stress_prob|F02_vs_ma20|IDX_SYN_rsi_14d|T30_vs_ma10|T06_vol_20d|T12_vs_ma10|T07_vol_20d|T12_semivar_20d,1485,254,292.8333333333333,2018-09-20,2019-11-01,0.1927,0.4094,0.4011,0.246,-0.006,0.4966,0.2,0.374,0.2731381761218677,0.18395552181720498
5,3,GLOBAL,14.0,SMOTE,CatBoost,T15|IDX_SYN_zscore_20d|T23_hmm_filtered_stress_prob|T03_semivar_20d|T01_skew_20d|T26_ret_20d|T20_hmm_filtered_stress_prob|F02_vs_ma20|IDX_SYN_rsi_14d|T30_vs_ma10|T06_vol_20d|T12_vs_ma10|T07_vol_20d|T12_semivar_20d,1485,254,292.8333333333333,2018-09-20,2019-11-01,0.2096,0.4606,0.4596,0.2357,-0.0183,0.5506,0.2034,0.3721,0.27828838055698873,0.1833536627089815
5,4,GLOBAL,6.0,SMOTE,XGBoost,T15|IDX_SYN_rsi_14d|F02_vs_ma20|T03_semivar_20d|T03_vol_10d|F05_ret_5d,1744,264,341.5,2019-11-04,2020-12-16,0.322,0.5871,0.5788,0.3232,0.102,0.5747,0.3333,0.486,0.2454147654696517,0.08974898715545845
5,4,GLOBAL,6.0,SMOTE,LightGBM,T15|IDX_SYN_rsi_14d|F02_vs_ma20|T03_semivar_20d|T03_vol_10d|F05_ret_5d,1744,264,341.5,2019-11-04,2020-12-16,0.3097,0.6023,0.5924,0.3087,0.0744,0.5616,0.2778,0.4906,0.2526687506049611,0.10661752329518667
5,4,GLOBAL,6.0,SMOTE,RandomForest,T15|IDX_SYN_rsi_14d|F02_vs_ma20|T03_semivar_20d|T03_vol_10d|F05_ret_5d,1744,264,341.5,2019-11-04,2020-12-16,0.264,0.5871,0.5442,0.2882,0.0639,0.5849,0.2105,0.383,0.23956413017724265,0.04303884758138705
5,4,GLOBAL,6.0,SMOTE,CatBoost,T15|IDX_SYN_rsi_14d|F02_vs_ma20|T03_semivar_20d|T03_vol_10d|F05_ret_5d,1744,264,341.5,2019-11-04,2020-12-16,0.3013,0.6098,0.5947,0.3048,0.0763,0.5691,0.283,0.4211,0.2367830624628631,0.06328908322904785
5,4,GLOBAL,10.0,SMOTE,XGBoost,T15|IDX_SYN_rsi_14d|F02_vs_ma20|T03_semivar_20d|T03_vol_10d|F05_ret_5d|T22_vol_10d|F02_skew_20d|T27_hurst_100d|T23_vol_10d,1744,264,341.5,2019-11-04,2020-12-16,0.3544,0.6553,0.6545,0.3757,0.1551,0.637,0.3964,0.375,0.2138476103286641,0.047651832591685796
5,4,GLOBAL,10.0,SMOTE,LightGBM,T15|IDX_SYN_rsi_14d|F02_vs_ma20|T03_semivar_20d|T03_vol_10d|F05_ret_5d|T22_vol_10d|F02_skew_20d|T27_hurst_100d|T23_vol_10d,1744,264,341.5,2019-11-04,2020-12-16,0.3665,0.6326,0.6326,0.3866,0.1695,0.6505,0.4071,0.4752,0.22229957241494785,0.10949214660404864
5,4,GLOBAL,10.0,SMOTE,RandomForest,T15|IDX_SYN_rsi_14d|F02_vs_ma20|T03_semivar_20d|T03_vol_10d|F05_ret_5d|T22_vol_10d|F02_skew_20d|T27_hurst_100d|T23_vol_10d,1744,264,341.5,2019-11-04,2020-12-16,0.2768,0.6667,0.6498,0.3417,0.1237,0.6401,0.1591,0.15,0.22288277930459094,0.07712958264572176
5,4,GLOBAL,10.0,SMOTE,CatBoost,T15|IDX_SYN_rsi_14d|F02_vs_ma20|T03_semivar_20d|T03_vol_10d|F05_ret_5d|T22_vol_10d|F02_skew_20d|T27_hurst_100d|T23_vol_10d,1744,264,341.5,2019-11-04,2020-12-16,0.3153,0.6742,0.6687,0.3402,0.1173,0.6154,0.2424,0.3441,0.2143643648241854,0.09662560153436506
5,4,GLOBAL,14.0,SMOTE,XGBoost,T15|IDX_SYN_rsi_14d|F02_vs_ma20|T03_semivar_20d|T03_vol_10d|F05_ret_5d|T22_vol_10d|F02_skew_20d|T27_hurst_100d|T23_vol_10d|T06_skew_20d|T08_skew_20d|T03_egarch_vol|T11_ret_1d,1744,264,341.5,2019-11-04,2020-12-16,0.3073,0.6553,0.6498,0.3392,0.103,0.5896,0.3802,0.1951,0.22982258605496123,0.04925510954732696
5,4,GLOBAL,14.0,SMOTE,LightGBM,T15|IDX_SYN_rsi_14d|F02_vs_ma20|T03_semivar_20d|T03_vol_10d|F05_ret_5d|T22_vol_10d|F02_skew_20d|T27_hurst_100d|T23_vol_10d|T06_skew_20d|T08_skew_20d|T03_egarch_vol|T11_ret_1d,1744,264,341.5,2019-11-04,2020-12-16,0.3676,0.6705,0.6664,0.3968,0.1775,0.6206,0.4333,0.2759,0.2268998833586008,0.08221092689508795
5,4,GLOBAL,14.0,SMOTE,RandomForest,T15|IDX_SYN_rsi_14d|F02_vs_ma20|T03_semivar_20d|T03_vol_10d|F05_ret_5d|T22_vol_10d|F02_skew_20d|T27_hurst_100d|T23_vol_10d|T06_skew_20d|T08_skew_20d|T03_egarch_vol|T11_ret_1d,1744,264,341.5,2019-11-04,2020-12-16,0.2778,0.6439,0.6202,0.3153,0.0798,0.5956,0.3304,0.1026,0.23311523764552927,0.05972583170699392
5,4,GLOBAL,14.0,SMOTE,CatBoost,T15|IDX_SYN_rsi_14d|F02_vs_ma20|T03_semivar_20d|T03_vol_10d|F05_ret_5d|T22_vol_10d|F02_skew_20d|T27_hurst_100d|T23_vol_10d|T06_skew_20d|T08_skew_20d|T03_egarch_vol|T11_ret_1d,1744,264,341.5,2019-11-04,2020-12-16,0.266,0.625,0.6127,0.295,0.0558,0.5729,0.3902,0.1282,0.2259699044965764,0.07355691091363419
1,1,GLOBAL,,,BASELINE_majority,,835,211,,2016-06-24,2017-08-07,0.0973,0.4313,0.3013,0.25,0.0,,0.0,0.0,,
1,1,GLOBAL,,,BASELINE_persistence,,835,211,,2016-06-24,2017-08-07,0.2304,0.5166,0.5073,0.2304,-0.0258,,0.3409,0.1935,,
1,1,GLOBAL,,,BASELINE_majority_by_regime,,835,211,,2016-06-24,2017-08-07,0.0973,0.4313,0.3013,0.25,0.0,,0.0,0.0,,
1,1,GLOBAL,,,BASELINE_momentum_20,,835,211,,2016-06-24,2017-08-07,0.1505,0.4692,0.3876,0.1916,-0.0866,,0.5312,0.0,,
1,1,GLOBAL,,,BASELINE_momentum_5,,835,211,,2016-06-24,2017-08-07,0.2795,0.4929,0.481,0.281,0.0612,,0.5631,0.1695,,
1,1,GLOBAL,,,BASELINE_random_walk_no_drift,,835,211,,2016-06-24,2017-08-07,0.1121,0.5687,0.3625,0.25,0.0,,0.0,0.0,,
1,1,GLOBAL,,,BASELINE_random_walk_drift,,835,211,,2016-06-24,2017-08-07,0.0973,0.4313,0.3013,0.25,0.0,,0.0,0.0,,
1,1,GLOBAL,,,BASELINE_har_rv,,835,211,,2016-06-24,2017-08-07,0.1799,0.545,0.5405,0.2856,0.0461,,0.5039,0.5517,,
1,2,GLOBAL,,,BASELINE_majority,,1047,221,,2017-08-08,2018-09-19,0.0907,0.5158,0.3403,0.25,0.0,,0.0,0.0,,
1,2,GLOBAL,,,BASELINE_persistence,,1047,221,,2017-08-08,2018-09-19,0.2896,0.5339,0.5333,0.2895,0.0615,,0.5185,0.433,,
1,2,GLOBAL,,,BASELINE_majority_by_regime,,1047,221,,2017-08-08,2018-09-19,0.1346,0.5249,0.5053,0.2381,-0.0094,,0.0,0.0,,
1,2,GLOBAL,,,BASELINE_momentum_20,,1047,221,,2017-08-08,2018-09-19,0.2345,0.4977,0.4971,0.2553,0.0046,,0.4464,0.5289,,
1,2,GLOBAL,,,BASELINE_momentum_5,,1047,221,,2017-08-08,2018-09-19,0.2021,0.4661,0.4655,0.2057,-0.0662,,0.3077,0.466,,
1,2,GLOBAL,,,BASELINE_random_walk_no_drift,,1047,221,,2017-08-08,2018-09-19,0.0734,0.4842,0.3262,0.25,0.0,,0.0,0.0,,
1,2,GLOBAL,,,BASELINE_random_walk_drift,,1047,221,,2017-08-08,2018-09-19,0.0907,0.5158,0.3403,0.25,0.0,,0.0,0.0,,
1,2,GLOBAL,,,BASELINE_har_rv,,1047,221,,2017-08-08,2018-09-19,0.1709,0.4253,0.4242,0.2029,-0.0781,,0.4074,0.5043,,
1,3,GLOBAL,,,BASELINE_majority,,1269,198,,2018-09-20,2019-11-01,0.0875,0.5556,0.3571,0.25,0.0,,0.0,0.0,,
1,3,GLOBAL,,,BASELINE_persistence,,1269,198,,2018-09-20,2019-11-01,0.2451,0.4848,0.4784,0.2451,-0.0125,,0.2903,0.4038,,
1,3,GLOBAL,,,BASELINE_majority_by_regime,,1269,198,,2018-09-20,2019-11-01,0.1199,0.4697,0.3693,0.262,0.0408,,0.0,0.0,,
1,3,GLOBAL,,,BASELINE_momentum_20,,1269,198,,2018-09-20,2019-11-01,0.2496,0.4949,0.4605,0.2684,0.0209,,0.3548,0.6269,,
1,3,GLOBAL,,,BASELINE_momentum_5,,1269,198,,2018-09-20,2019-11-01,0.2188,0.5303,0.5214,0.2217,-0.0438,,0.3125,0.4602,,
1,3,GLOBAL,,,BASELINE_random_walk_no_drift,,1269,198,,2018-09-20,2019-11-01,0.0892,0.4444,0.3077,0.25,0.0,,0.0,0.0,,
1,3,GLOBAL,,,BASELINE_random_walk_drift,,1269,198,,2018-09-20,2019-11-01,0.0875,0.5556,0.3571,0.25,0.0,,0.0,0.0,,
1,3,GLOBAL,,,BASELINE_har_rv,,1269,198,,2018-09-20,2019-11-01,0.1399,0.4596,0.4579,0.1937,-0.1039,,0.4,0.4538,,
1,4,GLOBAL,,,BASELINE_majority,,1468,195,,2019-11-04,2020-12-16,0.1037,0.4821,0.3253,0.25,0.0,,0.0,0.0,,
1,4,GLOBAL,,,BASELINE_persistence,,1468,195,,2019-11-04,2020-12-16,0.2653,0.5436,0.5428,0.2652,0.0171,,0.2899,0.3284,,
1,4,GLOBAL,,,BASELINE_majority_by_regime,,1468,195,,2019-11-04,2020-12-16,0.1146,0.5179,0.3412,0.25,0.0,,0.0,0.0,,
1,4,GLOBAL,,,BASELINE_momentum_20,,1468,195,,2019-11-04,2020-12-16,0.215,0.4308,0.4205,0.2535,0.0074,,0.5161,0.3125,,
1,4,GLOBAL,,,BASELINE_momentum_5,,1468,195,,2019-11-04,2020-12-16,0.2904,0.5744,0.5727,0.3115,0.0827,,0.5116,0.3947,,
1,4,GLOBAL,,,BASELINE_random_walk_no_drift,,1468,195,,2019-11-04,2020-12-16,0.1146,0.5179,0.3412,0.25,0.0,,0.0,0.0,,
1,4,GLOBAL,,,BASELINE_random_walk_drift,,1468,195,,2019-11-04,2020-12-16,0.1037,0.4821,0.3253,0.25,0.0,,0.0,0.0,,
1,4,GLOBAL,,,BASELINE_har_rv,,1468,195,,2019-11-04,2020-12-16,0.1745,0.5179,0.5176,0.2849,0.0504,,0.4792,0.5714,,
5,1,GLOBAL,,,BASELINE_majority,,997,234,,2016-06-24,2017-08-07,0.0836,0.3803,0.2755,0.25,0.0,,0.0,0.0,,
5,1,GLOBAL,,,BASELINE_persistence,,997,234,,2016-06-24,2017-08-07,0.1786,0.4872,0.4536,0.1789,-0.0899,,0.4429,0.1404,,
5,1,GLOBAL,,,BASELINE_majority_by_regime,,997,234,,2016-06-24,2017-08-07,0.0836,0.3803,0.2755,0.25,0.0,,0.0,0.0,,
5,1,GLOBAL,,,BASELINE_momentum_20,,997,234,,2016-06-24,2017-08-07,0.2236,0.5,0.4109,0.2381,-0.0427,,0.4384,0.0,,
5,1,GLOBAL,,,BASELINE_momentum_5,,997,234,,2016-06-24,2017-08-07,0.1812,0.4701,0.4488,0.1887,-0.0792,,0.3594,0.04,,
5,1,GLOBAL,,,BASELINE_random_walk_no_drift,,997,234,,2016-06-24,2017-08-07,0.0979,0.6197,0.3826,0.25,0.0,,0.0,0.0,,
5,1,GLOBAL,,,BASELINE_random_walk_drift,,997,234,,2016-06-24,2017-08-07,0.0836,0.3803,0.2755,0.25,0.0,,0.0,0.0,,
5,1,GLOBAL,,,BASELINE_har_rv,,997,234,,2016-06-24,2017-08-07,0.1442,0.5,0.4886,0.2345,-0.0234,,0.0,0.0,,
5,2,GLOBAL,,,BASELINE_majority,,1236,244,,2017-08-08,2018-09-19,0.0974,0.4754,0.3222,0.25,0.0,,0.0,0.0,,
5,2,GLOBAL,,,BASELINE_persistence,,1236,244,,2017-08-08,2018-09-19,0.2325,0.5123,0.5113,0.2319,-0.0225,,0.3883,0.1928,,
5,2,GLOBAL,,,BASELINE_majority_by_regime,,1236,244,,2017-08-08,2018-09-19,0.184,0.5943,0.5653,0.2832,0.0611,,0.0,0.0,,
5,2,GLOBAL,,,BASELINE_momentum_20,,1236,244,,2017-08-08,2018-09-19,0.2459,0.541,0.541,0.2593,0.0119,,0.3964,0.4381,,
5,2,GLOBAL,,,BASELINE_momentum_5,,1236,244,,2017-08-08,2018-09-19,0.2151,0.4672,0.4666,0.2179,-0.0443,,0.2887,0.2133,,
5,2,GLOBAL,,,BASELINE_random_walk_no_drift,,1236,244,,2017-08-08,2018-09-19,0.1026,0.5246,0.3441,0.25,0.0,,0.0,0.0,,
5,2,GLOBAL,,,BASELINE_random_walk_drift,,1236,244,,2017-08-08,2018-09-19,0.0974,0.4754,0.3222,0.25,0.0,,0.0,0.0,,
5,2,GLOBAL,,,BASELINE_har_rv,,1236,244,,2017-08-08,2018-09-19,0.1476,0.4672,0.4671,0.2218,-0.0459,,0.0,0.0,,
5,3,GLOBAL,,,BASELINE_majority,,1485,254,,2018-09-20,2019-11-01,0.1031,0.6142,0.3805,0.25,0.0,,0.0,0.0,,
5,3,GLOBAL,,,BASELINE_persistence,,1485,254,,2018-09-20,2019-11-01,0.2399,0.5039,0.4766,0.2399,-0.0204,,0.2456,0.4138,,
5,3,GLOBAL,,,BASELINE_majority_by_regime,,1485,254,,2018-09-20,2019-11-01,0.1092,0.4252,0.3468,0.2576,0.0282,,0.0,0.0,,
5,3,GLOBAL,,,BASELINE_momentum_20,,1485,254,,2018-09-20,2019-11-01,0.2362,0.5315,0.4755,0.2397,-0.0361,,0.2692,0.4713,,
5,3,GLOBAL,,,BASELINE_momentum_5,,1485,254,,2018-09-20,2019-11-01,0.233,0.4921,0.461,0.2331,-0.0258,,0.2143,0.4113,,
5,3,GLOBAL,,,BASELINE_random_walk_no_drift,,1485,254,,2018-09-20,2019-11-01,0.0929,0.3858,0.2784,0.25,0.0,,0.0,0.0,,
5,3,GLOBAL,,,BASELINE_random_walk_drift,,1485,254,,2018-09-20,2019-11-01,0.1031,0.6142,0.3805,0.25,0.0,,0.0,0.0,,
5,3,GLOBAL,,,BASELINE_har_rv,,1485,254,,2018-09-20,2019-11-01,0.179,0.5079,0.4934,0.2727,0.0364,,0.0,0.0,,
5,4,GLOBAL,,,BASELINE_majority,,1744,264,,2019-11-04,2020-12-16,0.0783,0.4583,0.3143,0.25,0.0,,0.0,0.0,,
5,4,GLOBAL,,,BASELINE_persistence,,1744,264,,2019-11-04,2020-12-16,0.2697,0.5455,0.5423,0.2697,0.0222,,0.2957,0.4486,,
5,4,GLOBAL,,,BASELINE_majority_by_regime,,1744,264,,2019-11-04,2020-12-16,0.1024,0.5417,0.3514,0.25,0.0,,0.0,0.0,,
5,4,GLOBAL,,,BASELINE_momentum_20,,1744,264,,2019-11-04,2020-12-16,0.1735,0.4205,0.4088,0.1769,-0.1097,,0.352,0.2174,,
5,4,GLOBAL,,,BASELINE_momentum_5,,1744,264,,2019-11-04,2020-12-16,0.2728,0.5606,0.5586,0.275,0.0259,,0.2655,0.4151,,
5,4,GLOBAL,,,BASELINE_random_walk_no_drift,,1744,264,,2019-11-04,2020-12-16,0.1024,0.5417,0.3514,0.25,0.0,,0.0,0.0,,
5,4,GLOBAL,,,BASELINE_random_walk_drift,,1744,264,,2019-11-04,2020-12-16,0.0783,0.4583,0.3143,0.25,0.0,,0.0,0.0,,
5,4,GLOBAL,,,BASELINE_har_rv,,1744,264,,2019-11-04,2020-12-16,0.1908,0.5417,0.5413,0.3111,0.0919,,0.0,0.0,,
