study,number,value,params_max_depth,params_min_samples_leaf,params_n_estimators,state,intermediate_values_0,intermediate_values_1,intermediate_values_2,params_colsample_bytree,params_learning_rate,params_min_child_weight,params_subsample,params_min_child_samples,params_num_leaves
bench_reference_walkforward_<config_hash>_h1_GLOBAL_N10_SMOTE_RandomForest_cvpurged1,0,0.6436666666666667,10,15.0,250,COMPLETE,0.591,0.5969,0.6436666666666667,,,,,,
bench_reference_walkforward_<config_hash>_h1_GLOBAL_N10_SMOTE_RandomForest_cvpurged1,1,0.6557666666666666,4,4.0,340,COMPLETE,0.6047,0.61215,0.6557666666666666,,,,,,
bench_reference_walkforward_<config_hash>_h1_GLOBAL_N10_SMOTE_RandomForest_cvpurged1,2,0.6448,9,13.0,123,COMPLETE,0.6045,0.5957,0.6448,,,,,,
bench_reference_walkforward_<config_hash>_h1_GLOBAL_N10_SMOTE_RandomForest_cvpurged1,3,0.6564666666666666,3,20.0,383,COMPLETE,0.6096,0.6146,0.6564666666666666,,,,,,
bench_reference_walkforward_<config_hash>_h1_GLOBAL_N10_SMOTE_RandomForest_cvpurged1,4,0.6557666666666667,4,4.0,433,COMPLETE,0.602,0.6108,0.6557666666666667,,,,,,
bench_reference_walkforward_<config_hash>_h1_GLOBAL_N10_SMOTE_RandomForest_cvpurged1,5,0.5994,5,11.0,173,PRUNED,0.5994,,,,,,,,
bench_reference_walkforward_<config_hash>_h1_GLOBAL_N10_SMOTE_RandomForest_cvpurged1,6,0.5938,5,13.0,273,PRUNED,0.5938,,,,,,,,
bench_reference_walkforward_<config_hash>_h1_GLOBAL_N10_SMOTE_RandomForest_cvpurged1,7,0.5992,5,8.0,155,PRUNED,0.5992,,,,,,,,
bench_reference_walkforward_<config_hash>_h1_GLOBAL_N10_SMOTE_RandomForest_cvpurged1,8,0.5689,9,4.0,282,PRUNED,0.5689,,,,,,,,
bench_reference_walkforward_<config_hash>_h1_GLOBAL_N10_SMOTE_RandomForest_cvpurged1,9,0.591,7,1.0,306,PRUNED,0.591,,,,,,,,
bench_reference_walkforward_<config_hash>_h1_GLOBAL_N10_SMOTE_RandomForest_cvpurged1,10,0.6019,7,20.0,487,PRUNED,0.6019,,,,,,,,
bench_reference_walkforward_<config_hash>_h1_GLOBAL_N10_SMOTE_RandomForest_cvpurged1,11,0.6104,3,19.0,432,PRUNED,0.6068,0.6104,,,,,,,
bench_reference_walkforward_<config_hash>_h1_GLOBAL_N10_SMOTE_RandomForest_cvpurged1,12,0.602,3,8.0,412,PRUNED,0.602,,,,,,,,
bench_reference_walkforward_<config_hash>_h1_GLOBAL_N10_SMOTE_RandomForest_cvpurged1,13,0.6558666666666666,3,17.0,387,COMPLETE,0.6102,0.6137999999999999,0.6558666666666666,,,,,,
bench_reference_walkforward_<config_hash>_h1_GLOBAL_N10_SMOTE_RandomForest_cvpurged1,14,0.6106,3,17.0,365,PRUNED,0.6047,0.6106,,,,,,,
bench_reference_walkforward_<config_hash>_h1_GLOBAL_N10_SMOTE_RandomForest_cvpurged1,15,0.5938,4,17.0,378,PRUNED,0.5938,,,,,,,,
bench_reference_walkforward_<config_hash>_h1_GLOBAL_N10_SMOTE_RandomForest_cvpurged1,16,0.5857,6,18.0,465,PRUNED,0.5857,,,,,,,,
bench_reference_walkforward_<config_hash>_h1_GLOBAL_N10_SMOTE_RandomForest_cvpurged1,17,0.602,3,15.0,229,PRUNED,0.602,,,,,,,,
bench_reference_walkforward_<config_hash>_h1_GLOBAL_N10_SMOTE_RandomForest_cvpurged1,18,0.5934,4,20.0,332,PRUNED,0.5934,,,,,,,,
bench_reference_walkforward_<config_hash>_h1_GLOBAL_N10_SMOTE_RandomForest_cvpurged1,19,0.5884,6,15.0,385,PRUNED,0.5884,,,,,,,,
bench_reference_walkforward_<config_hash>_h1_GLOBAL_N10_SMOTE_XGBoost_cvpurged1,0,0.596,8,,212,COMPLETE,0.5377,0.5522,0.596,0.6624074561769746,0.08960785365368121,2.0,0.8394633936788146,,
bench_reference_walkforward_<config_hash>_h1_GLOBAL_N10_SMOTE_XGBoost_cvpurged1,1,0.6029666666666667,8,,117,COMPLETE,0.5474,0.5541,0.6029666666666667,0.608233797718321,0.06054365855469246,10.0,0.8832290311184181,,
bench_reference_walkforward_<config_hash>_h1_GLOBAL_N10_SMOTE_XGBoost_cvpurged1,2,0.6152333333333333,4,,350,COMPLETE,0.554,0.56545,0.6152333333333333,0.7216968971838151,0.017240892195821537,6.0,0.6733618039413735,,
bench_reference_walkforward_<config_hash>_h1_GLOBAL_N10_SMOTE_XGBoost_cvpurged1,3,0.6023666666666666,4,,230,COMPLETE,0.5303,0.5566,0.6023666666666666,0.7168578594140873,0.06252287916406217,4.0,0.6557975442608167,,
bench_reference_walkforward_<config_hash>_h1_GLOBAL_N10_SMOTE_XGBoost_cvpurged1,4,0.6189333333333332,7,,237,COMPLETE,0.5515,0.56185,0.6189333333333332,0.836965827544817,0.018187859051288217,1.0,0.8056937753654446,,
bench_reference_walkforward_<config_hash>_h1_GLOBAL_N10_SMOTE_XGBoost_cvpurged1,5,0.5448,4,,282,PRUNED,0.5448,,,0.9862528132298237,0.012151617026673379,9.0,0.9795542149013333,,
bench_reference_walkforward_<config_hash>_h1_GLOBAL_N10_SMOTE_XGBoost_cvpurged1,6,0.6122,3,,191,COMPLETE,0.5515,0.56955,0.6122,0.6488152939379115,0.07766184280392888,5.0,0.7760609974958406,,
bench_reference_walkforward_<config_hash>_h1_GLOBAL_N10_SMOTE_XGBoost_cvpurged1,7,0.622,8,,110,COMPLETE,0.5511,0.5701,0.622,0.7246844304357644,0.02171103454376615,6.0,0.8650089137415928,,
bench_reference_walkforward_<config_hash>_h1_GLOBAL_N10_SMOTE_XGBoost_cvpurged1,8,0.5332,4,,264,PRUNED,0.5332,,,0.9757995766256756,0.18258230439200238,9.0,0.9100531293444458,,
bench_reference_walkforward_<config_hash>_h1_GLOBAL_N10_SMOTE_XGBoost_cvpurged1,9,0.6199666666666667,8,,279,COMPLETE,0.56,0.57255,0.6199666666666667,0.6180909155642152,0.01303561122512888,4.0,0.6783931449676581,,
bench_reference_walkforward_<config_hash>_h1_GLOBAL_N10_SMOTE_XGBoost_cvpurged1,10,0.529,6,,386,PRUNED,0.529,,,0.8607466203112714,0.030867311093560616,7.0,0.7387403565626488,,
bench_reference_walkforward_<config_hash>_h1_GLOBAL_N10_SMOTE_XGBoost_cvpurged1,11,0.5507,7,,104,PRUNED,0.5507,,,0.7678395665580169,0.02984125370792703,3.0,0.6035844278655538,,
bench_reference_walkforward_<config_hash>_h1_GLOBAL_N10_SMOTE_XGBoost_cvpurged1,12,0.6282666666666666,7,,157,COMPLETE,0.5681,0.57925,0.6282666666666666,0.6080267311484439,0.0106734258675931,7.0,0.9742247504325698,,
bench_reference_walkforward_<config_hash>_h1_GLOBAL_N10_SMOTE_XGBoost_cvpurged1,13,0.6218666666666667,6,,164,COMPLETE,0.56,0.56845,0.6218666666666667,0.7874820875551369,0.027466237820124584,7.0,0.9989330931603404,,
bench_reference_walkforward_<config_hash>_h1_GLOBAL_N10_SMOTE_XGBoost_cvpurged1,14,0.6247,7,,136,COMPLETE,0.5744,0.57525,0.6247,0.6975499843454274,0.01009886951032794,7.0,0.9476231815919482,,
bench_reference_walkforward_<config_hash>_h1_GLOBAL_N10_SMOTE_XGBoost_cvpurged1,15,0.6224,6,,154,COMPLETE,0.5686,0.57575,0.6224,0.6730795869363525,0.010795447734114434,8.0,0.9364605372049409,,
bench_reference_walkforward_<config_hash>_h1_GLOBAL_N10_SMOTE_XGBoost_cvpurged1,16,0.6290333333333332,7,,152,COMPLETE,0.5659,0.5791999999999999,0.6290333333333332,0.6826431824124335,0.010418065015851491,7.0,0.9489671618323502,,
bench_reference_walkforward_<config_hash>_h1_GLOBAL_N10_SMOTE_XGBoost_cvpurged1,17,0.5519,5,,180,PRUNED,0.5519,,,0.6046308369689465,0.014331407378426702,8.0,0.9429564520037396,,
bench_reference_walkforward_<config_hash>_h1_GLOBAL_N10_SMOTE_XGBoost_cvpurged1,18,0.6190666666666665,7,,142,PRUNED,0.5707,0.5751,0.6190666666666665,0.7679648128236843,0.02224589010168555,5.0,0.898980786632111,,
bench_reference_walkforward_<config_hash>_h1_GLOBAL_N10_SMOTE_XGBoost_cvpurged1,19,0.541,6,,196,PRUNED,0.541,,,0.6405321213255016,0.03963201245202285,10.0,0.9685200188935833,,
bench_reference_walkforward_<config_hash>_h5_GLOBAL_N10_SMOTE_LightGBM_cvpurged1,0,0.5150666666666667,8,,212,COMPLETE,0.5653,0.52875,0.5150666666666667,,0.08960785365368121,,0.662397808134481,12.0,44.0
bench_reference_walkforward_<config_hash>_h5_GLOBAL_N10_SMOTE_LightGBM_cvpurged1,1,0.5337,8,,117,COMPLETE,0.5812,0.5385,0.5337,,0.06054365855469246,,0.9879639408647978,5.0,49.0
bench_reference_walkforward_<config_hash>_h5_GLOBAL_N10_SMOTE_LightGBM_cvpurged1,2,0.5101666666666667,4,,350,COMPLETE,0.5663,0.5269,0.5101666666666667,,0.017240892195821537,,0.8099025726528951,18.0,23.0
bench_reference_walkforward_<config_hash>_h5_GLOBAL_N10_SMOTE_LightGBM_cvpurged1,3,0.5251666666666667,4,,230,COMPLETE,0.5636,0.5217,0.5251666666666667,,0.06252287916406217,,0.7465447373174767,18.0,21.0
bench_reference_walkforward_<config_hash>_h5_GLOBAL_N10_SMOTE_LightGBM_cvpurged1,4,0.5210666666666667,7,,237,COMPLETE,0.5973,0.5351,0.5210666666666667,,0.018187859051288217,,0.6185801650879991,32.0,40.0
bench_reference_walkforward_<config_hash>_h5_GLOBAL_N10_SMOTE_LightGBM_cvpurged1,5,0.5284666666666668,4,,282,COMPLETE,0.6019,0.5499,0.5284666666666668,,0.012151617026673379,,0.9233589392465844,49.0,61.0
bench_reference_walkforward_<config_hash>_h5_GLOBAL_N10_SMOTE_LightGBM_cvpurged1,6,0.5478,3,,191,PRUNED,0.5478,,,,0.07766184280392888,,0.798070764044508,10.0,36.0
bench_reference_walkforward_<config_hash>_h5_GLOBAL_N10_SMOTE_LightGBM_cvpurged1,7,0.5673,8,,110,PRUNED,0.5673,,,,0.02171103454376615,,0.8080272084711243,19.0,47.0
bench_reference_walkforward_<config_hash>_h5_GLOBAL_N10_SMOTE_LightGBM_cvpurged1,8,0.5565,4,,264,PRUNED,0.5565,,,,0.18258230439200238,,0.9579309401710595,48.0,52.0
bench_reference_walkforward_<config_hash>_h5_GLOBAL_N10_SMOTE_LightGBM_cvpurged1,9,0.5442,8,,279,COMPLETE,0.5914,0.55415,0.5442,,0.01303561122512888,,0.7301321323053057,7.0,24.0
bench_reference_walkforward_<config_hash>_h5_GLOBAL_N10_SMOTE_LightGBM_cvpurged1,10,0.5158666666666667,6,,389,COMPLETE,0.5905,0.52225,0.5158666666666667,,0.03625878379185366,,0.8932793377618082,34.0,15.0
bench_reference_walkforward_<config_hash>_h5_GLOBAL_N10_SMOTE_LightGBM_cvpurged1,11,0.5849,7,,104,PRUNED,0.5849,,,,0.03385525135426271,,0.9783238879894852,5.0,33.0
bench_reference_walkforward_<config_hash>_h5_GLOBAL_N10_SMOTE_LightGBM_cvpurged1,12,0.5568,7,,157,PRUNED,0.5568,,,,0.1932572121449472,,0.7171127155491659,5.0,60.0
bench_reference_walkforward_<config_hash>_h5_GLOBAL_N10_SMOTE_LightGBM_cvpurged1,13,0.5673,8,,313,PRUNED,0.5673,,,,0.0436086906492628,,0.8707272232382458,12.0,30.0
bench_reference_walkforward_<config_hash>_h5_GLOBAL_N10_SMOTE_LightGBM_cvpurged1,14,0.5283666666666668,6,,162,COMPLETE,0.5966,0.5462,0.5283666666666668,,0.010204491749589376,,0.6044233828973349,23.0,52.0
bench_reference_walkforward_<config_hash>_h5_GLOBAL_N10_SMOTE_LightGBM_cvpurged1,15,0.5589,6,,400,PRUNED,0.5589,,,,0.11483071220029112,,0.9979942508466453,9.0,26.0
bench_reference_walkforward_<config_hash>_h5_GLOBAL_N10_SMOTE_LightGBM_cvpurged1,16,0.5663,8,,319,PRUNED,0.5663,,,,0.028215794717611563,,0.7028953142543801,27.0,15.0
bench_reference_walkforward_<config_hash>_h5_GLOBAL_N10_SMOTE_LightGBM_cvpurged1,17,0.5561,7,,147,PRUNED,0.5561,,,,0.12850907902934913,,0.8376605152305789,14.0,52.0
bench_reference_walkforward_<config_hash>_h5_GLOBAL_N10_SMOTE_LightGBM_cvpurged1,18,0.5708,8,,275,PRUNED,0.5708,,,,0.05577357810033471,,0.7638336776138418,5.0,39.0
bench_reference_walkforward_<config_hash>_h5_GLOBAL_N10_SMOTE_LightGBM_cvpurged1,19,0.5183000000000001,7,,191,COMPLETE,0.5953,0.5409,0.5183000000000001,,0.013473348600117481,,0.9414417084719897,40.0,29.0
bench_reference_walkforward_<config_hash>_h5_GLOBAL_N14_SMOTE_LightGBM_cvpurged1,0,0.5112666666666666,8,,212,COMPLETE,0.5605,0.51155,0.5112666666666666,,0.08960785365368121,,0.662397808134481,12.0,44.0
bench_reference_walkforward_<config_hash>_h5_GLOBAL_N14_SMOTE_LightGBM_cvpurged1,1,0.5077333333333333,8,,117,COMPLETE,0.5347,0.5114,0.5077333333333333,,0.06054365855469246,,0.9879639408647978,5.0,49.0
bench_reference_walkforward_<config_hash>_h5_GLOBAL_N14_SMOTE_LightGBM_cvpurged1,2,0.5118666666666667,4,,350,COMPLETE,0.5219,0.50995,0.5118666666666667,,0.017240892195821537,,0.8099025726528951,18.0,23.0
bench_reference_walkforward_<config_hash>_h5_GLOBAL_N14_SMOTE_LightGBM_cvpurged1,3,0.5190666666666667,4,,230,COMPLETE,0.5123,0.49319999999999997,0.5190666666666667,,0.06252287916406217,,0.7465447373174767,18.0,21.0
bench_reference_walkforward_<config_hash>_h5_GLOBAL_N14_SMOTE_LightGBM_cvpurged1,4,0.5169,7,,237,COMPLETE,0.5698,0.53,0.5169,,0.018187859051288217,,0.6185801650879991,32.0,40.0
bench_reference_walkforward_<config_hash>_h5_GLOBAL_N14_SMOTE_LightGBM_cvpurged1,5,0.5590333333333333,4,,282,COMPLETE,0.6135,0.5687,0.5590333333333333,,0.012151617026673379,,0.9233589392465844,49.0,61.0
bench_reference_walkforward_<config_hash>_h5_GLOBAL_N14_SMOTE_LightGBM_cvpurged1,6,0.5288666666666666,3,,191,COMPLETE,0.5638,0.5297499999999999,0.5288666666666666,,0.07766184280392888,,0.798070764044508,10.0,36.0
bench_reference_walkforward_<config_hash>_h5_GLOBAL_N14_SMOTE_LightGBM_cvpurged1,7,0.5395,8,,110,PRUNED,0.5395,,,,0.02171103454376615,,0.8080272084711243,19.0,47.0
bench_reference_walkforward_<config_hash>_h5_GLOBAL_N14_SMOTE_LightGBM_cvpurged1,8,0.5213333333333333,4,,264,COMPLETE,0.5672,0.5115500000000001,0.5213333333333333,,0.18258230439200238,,0.9579309401710595,48.0,52.0
bench_reference_walkforward_<config_hash>_h5_GLOBAL_N14_SMOTE_LightGBM_cvpurged1,9,0.5268,8,,279,PRUNED,0.5268,,,,0.01303561122512888,,0.7301321323053057,7.0,24.0
bench_reference_walkforward_<config_hash>_h5_GLOBAL_N14_SMOTE_LightGBM_cvpurged1,10,0.5593,6,,389,PRUNED,0.5593,,,,0.03625878379185366,,0.8943444590225516,49.0,60.0
bench_reference_walkforward_<config_hash>_h5_GLOBAL_N14_SMOTE_LightGBM_cvpurged1,11,0.5242,3,,176,COMPLETE,0.5667,0.51155,0.5242,,0.1706183768042356,,0.884236204514597,36.0,33.0
bench_reference_walkforward_<config_hash>_h5_GLOBAL_N14_SMOTE_LightGBM_cvpurged1,12,0.5183,3,,312,COMPLETE,0.5744,0.5166,0.5183,,0.0342584768715803,,0.9070503990803166,32.0,60.0
bench_reference_walkforward_<config_hash>_h5_GLOBAL_N14_SMOTE_LightGBM_cvpurged1,13,0.5259666666666667,5,,168,COMPLETE,0.5753,0.52755,0.5259666666666667,,0.10708418653412756,,0.8246229134981939,40.0,32.0
bench_reference_walkforward_<config_hash>_h5_GLOBAL_N14_SMOTE_LightGBM_cvpurged1,14,0.5227,5,,311,PRUNED,0.5227,,,,0.01047330519984398,,0.7457716042073398,28.0,16.0
bench_reference_walkforward_<config_hash>_h5_GLOBAL_N14_SMOTE_LightGBM_cvpurged1,15,0.5247999999999999,3,,174,COMPLETE,0.5769,0.5368999999999999,0.5247999999999999,,0.03554010655736145,,0.8578694741072341,42.0,54.0
bench_reference_walkforward_<config_hash>_h5_GLOBAL_N14_SMOTE_LightGBM_cvpurged1,16,0.5189,5,,147,PRUNED,0.5189,,,,0.025756839464045465,,0.9389308516078774,24.0,35.0
bench_reference_walkforward_<config_hash>_h5_GLOBAL_N14_SMOTE_LightGBM_cvpurged1,17,0.5413,4,,201,PRUNED,0.5413,,,,0.05655756389214318,,0.7060724265909698,11.0,63.0
bench_reference_walkforward_<config_hash>_h5_GLOBAL_N14_SMOTE_LightGBM_cvpurged1,18,0.5435,3,,277,PRUNED,0.5435,,,,0.11467660837100586,,0.7844337782536139,43.0,39.0
bench_reference_walkforward_<config_hash>_h5_GLOBAL_N14_SMOTE_LightGBM_cvpurged1,19,0.5452,6,,326,PRUNED,0.5452,,,,0.04671725881857995,,0.9857796006586168,25.0,55.0
