horizon,source,n_trials
1,optuna,1
1,optuna,1
1,optuna,1
1,optuna,1
1,optuna,1
1,optuna,1
1,optuna,1
1,optuna,1
1,optuna,1
1,optuna,1
1,optuna,1
1,optuna,1
1,optuna,1
1,optuna,1
1,optuna,1
1,optuna,1
1,optuna,1
1,optuna,1
1,optuna,1
1,optuna,1
1,optuna,1
1,optuna,1
1,optuna,1
1,optuna,1
1,optuna,1
1,optuna,1
1,optuna,1
1,optuna,1
1,optuna,1
1,optuna,1
1,optuna,1
1,optuna,1
1,optuna,1
1,optuna,1
1,optuna,1
1,optuna,1
1,optuna,1
1,optuna,1
1,optuna,1
1,optuna,1
1,scan,1
1,scan,1
1,scan,1
1,scan,1
1,scan,1
1,scan,1
1,scan,1
1,scan,1
1,scan,1
1,scan,1
1,scan,1
1,scan,1
5,optuna,1
5,optuna,1
5,optuna,1
5,optuna,1
5,optuna,1
5,optuna,1
5,optuna,1
5,optuna,1
5,optuna,1
5,optuna,1
5,optuna,1
5,optuna,1
5,optuna,1
5,optuna,1
5,optuna,1
5,optuna,1
5,optuna,1
5,optuna,1
5,optuna,1
5,optuna,1
5,optuna,1
5,optuna,1
5,optuna,1
5,optuna,1
5,optuna,1
5,optuna,1
5,optuna,1
5,optuna,1
5,optuna,1
5,optuna,1
5,optuna,1
5,optuna,1
5,optuna,1
5,optuna,1
5,optuna,1
5,optuna,1
5,optuna,1
5,optuna,1
5,optuna,1
5,optuna,1
5,scan,1
5,scan,1
5,scan,1
5,scan,1
5,scan,1
5,scan,1
5,scan,1
5,scan,1
5,scan,1
5,scan,1
5,scan,1
5,scan,1
