horizon,fold,regime,N,sampler,algo,best_params,effective_n_train,test_start,test_end,F1_4cls,Acc_dir,F1_dir,BalAcc_4cls,MCC_4cls,AUC_ovr_4cls,F1_UP_FORT,F1_DOWN_FORT,Brier_up,ECE_up
1,1,GLOBAL,10,SMOTE,XGBoost,"{'n_estimators': 152, 'max_depth': 7, 'learning_rate': 0.010418065015851491, 'subsample': 0.9489671618323502, 'colsample_bytree': 0.6826431824124335, 'min_child_weight': 7}",540.0,2016-06-24,2017-08-07,0.2077,0.5592,0.5592,0.2822,0.0324,0.5454,0.4248,0.5714,0.25285906366422795,0.10452060189574819
1,2,GLOBAL,10,SMOTE,XGBoost,"{'n_estimators': 152, 'max_depth': 7, 'learning_rate': 0.010418065015851491, 'subsample': 0.9489671618323502, 'colsample_bytree': 0.6826431824124335, 'min_child_weight': 7}",675.0,2017-08-08,2018-09-19,0.3474,0.6425,0.6421,0.348,0.1558,0.6208,0.5487,0.5593,0.22436233302737268,0.06426325622457182
1,3,GLOBAL,10,SMOTE,XGBoost,"{'n_estimators': 152, 'max_depth': 7, 'learning_rate': 0.010418065015851491, 'subsample': 0.9489671618323502, 'colsample_bytree': 0.6826431824124335, 'min_child_weight': 7}",811.5,2018-09-20,2019-11-01,0.4072,0.7273,0.7263,0.416,0.2393,0.6783,0.5843,0.6325,0.20259530498938144,0.1459896249527281
1,4,GLOBAL,10,SMOTE,XGBoost,"{'n_estimators': 152, 'max_depth': 7, 'learning_rate': 0.010418065015851491, 'subsample': 0.9489671618323502, 'colsample_bytree': 0.6826431824124335, 'min_child_weight': 7}",945.5,2019-11-04,2020-12-16,0.3149,0.5744,0.5727,0.3367,0.1074,0.5601,0.3768,0.619,0.24969437327237723,0.043292945432357274
1,1,GLOBAL,10,SMOTE,RandomForest,"{'n_estimators': 383, 'max_depth': 3, 'min_samples_leaf': 20}",540.0,2016-06-24,2017-08-07,0.208,0.5782,0.5727,0.3169,0.0878,0.5598,0.5191,0.6136,0.24713056884754364,0.0783930532543591
1,2,GLOBAL,10,SMOTE,RandomForest,"{'n_estimators': 383, 'max_depth': 3, 'min_samples_leaf': 20}",675.0,2017-08-08,2018-09-19,0.3194,0.6561,0.6555,0.353,0.1816,0.6487,0.6116,0.6377,0.2172342546530646,0.08500557141926104
1,3,GLOBAL,10,SMOTE,RandomForest,"{'n_estimators': 383, 'max_depth': 3, 'min_samples_leaf': 20}",811.5,2018-09-20,2019-11-01,0.3769,0.7525,0.7491,0.4174,0.2638,0.706,0.6263,0.7101,0.19894499259723109,0.13755552403901988
1,4,GLOBAL,10,SMOTE,RandomForest,"{'n_estimators': 383, 'max_depth': 3, 'min_samples_leaf': 20}",945.5,2019-11-04,2020-12-16,0.2642,0.5077,0.5076,0.2774,0.0269,0.5347,0.2623,0.5316,0.25289329855705955,0.07426353314105566
5,1,GLOBAL,14,SMOTE,LightGBM,"{'n_estimators': 282, 'max_depth': 4, 'learning_rate': 0.012151617026673379, 'num_leaves': 61, 'min_child_samples': 49, 'subsample': 0.9233589392465844}",195.5,2016-06-24,2017-08-07,0.3024,0.5556,0.5554,0.3218,0.0939,0.5894,0.3667,0.4359,0.2866462428569051,0.1927951976759793
5,2,GLOBAL,14,SMOTE,LightGBM,"{'n_estimators': 282, 'max_depth': 4, 'learning_rate': 0.012151617026673379, 'num_leaves': 61, 'min_child_samples': 49, 'subsample': 0.9233589392465844}",244.16666666666666,2017-08-08,2018-09-19,0.2883,0.4795,0.4791,0.3113,0.0813,0.5402,0.4082,0.6538,0.27646894741920125,0.17582428779275874
5,3,GLOBAL,14,SMOTE,LightGBM,"{'n_estimators': 282, 'max_depth': 4, 'learning_rate': 0.012151617026673379, 'num_leaves': 61, 'min_child_samples': 49, 'subsample': 0.9233589392465844}",292.8333333333333,2018-09-20,2019-11-01,0.2079,0.4213,0.4187,0.2318,-0.0444,0.5162,0.3944,0.2906,0.29028838916677246,0.22139464361785718
5,4,GLOBAL,14,SMOTE,LightGBM,"{'n_estimators': 282, 'max_depth': 4, 'learning_rate': 0.012151617026673379, 'num_leaves': 61, 'min_child_samples': 49, 'subsample': 0.9233589392465844}",341.5,2019-11-04,2020-12-16,0.3054,0.6477,0.6341,0.3321,0.1002,0.5986,0.3833,0.1951,0.22204654746535363,0.06992393119442833
5,1,GLOBAL,10,SMOTE,LightGBM,"{'n_estimators': 279, 'max_depth': 8, 'learning_rate': 0.01303561122512888, 'num_leaves': 24, 'min_child_samples': 7, 'subsample': 0.7301321323053057}",195.5,2016-06-24,2017-08-07,0.2914,0.5726,0.5724,0.3093,0.0721,0.5742,0.3939,0.4416,0.28860469029342944,0.20643093783004643
5,2,GLOBAL,10,SMOTE,LightGBM,"{'n_estimators': 279, 'max_depth': 8, 'learning_rate': 0.01303561122512888, 'num_leaves': 24, 'min_child_samples': 7, 'subsample': 0.7301321323053057}",244.16666666666666,2017-08-08,2018-09-19,0.2438,0.4385,0.4281,0.2466,-0.0025,0.5296,0.4762,0.3059,0.3223484179462899,0.28837763880401823
5,3,GLOBAL,10,SMOTE,LightGBM,"{'n_estimators': 279, 'max_depth': 8, 'learning_rate': 0.01303561122512888, 'num_leaves': 24, 'min_child_samples': 7, 'subsample': 0.7301321323053057}",292.8333333333333,2018-09-20,2019-11-01,0.2625,0.4606,0.4545,0.2998,0.0554,0.5547,0.48,0.352,0.3078132734402422,0.24723126444799717
5,4,GLOBAL,10,SMOTE,LightGBM,"{'n_estimators': 279, 'max_depth': 8, 'learning_rate': 0.01303561122512888, 'num_leaves': 24, 'min_child_samples': 7, 'subsample': 0.7301321323053057}",341.5,2019-11-04,2020-12-16,0.3664,0.6364,0.6363,0.3862,0.1703,0.6486,0.3774,0.4706,0.21546237498268814,0.08375047181560127
